img_index,width,height,noise_std,noise_std_est,t_diff,max_rel_gain,rel_gain_synth_1,rel_error_synth_1,rel_gain_synth_2,rel_error_synth_2,rel_gain_synth_3,rel_error_synth_3,rel_gain_synth_4,rel_error_synth_4,rel_gain_synth_5,rel_error_synth_5,rel_gain_synth_6,rel_error_synth_6,rel_gain_synth_7,rel_error_synth_7,rel_gain_synth_8,rel_error_synth_8,rel_gain_synth_9,rel_error_synth_9,rel_gain_synth_10,rel_error_synth_10
28,640,427,0.05,0.0516223158491642,0.4,0.1487369260896206,0.1312113998044241,0.0152563445007854,0.1384765961014208,0.0089318361368661,0.1401293448400882,0.0074930831020059,0.136746691793963,0.0104377547403069,0.1312113998044241,0.0152563445007854,0.1312113998044241,0.0152563445007854,0.1331035865471108,0.01360915557553,0.136746691793963,0.0104377547403069,0.1331035865471108,0.01360915557553,0.1312113998044241,0.0152563445007854
28,640,427,0.1,0.1010689134564114,0.7000000000000001,0.327997017206789,0.3217769911932552,0.0046837650483707,0.3223836640995345,0.004226932014547,0.3223836640995345,0.004226932014547,0.3217769911932552,0.0046837650483707,0.3223836640995345,0.004226932014547,0.3223836640995345,0.004226932014547,0.3217769911932552,0.0046837650483707,0.3217769911932552,0.0046837650483707,0.3217769911932552,0.0046837650483707,0.3223836640995345,0.004226932014547
28,640,427,0.15,0.1519756428166582,1.07,0.5020986289421968,0.501598514648784,0.0003329437120683,0.4998823684913029,0.0014754426960995,0.4994430912748418,0.0017678850217878,0.4998823684913029,0.0014754426960995,0.501598514648784,0.0003329437120683,0.501598514648784,0.0003329437120683,0.50118445016778,0.0006086010311191,0.4998823684913029,0.0014754426960995,0.50118445016778,0.0006086010311191,0.5018138858882406,0.0001895634870239
