img_index,width,height,noise_std,noise_std_est,avg_mass_loss,t_diff,max_rel_gain,rel_gain_synth_1,rel_error_synth_1,rel_gain_synth_2,rel_error_synth_2,rel_gain_synth_3,rel_error_synth_3,rel_gain_synth_4,rel_error_synth_4,rel_gain_synth_5,rel_error_synth_5,rel_gain_synth_6,rel_error_synth_6,rel_gain_synth_7,rel_error_synth_7,rel_gain_synth_8,rel_error_synth_8,rel_gain_synth_9,rel_error_synth_9,rel_gain_synth_10,rel_error_synth_10,rel_gain_synth_11,rel_error_synth_11,rel_gain_synth_12,rel_error_synth_12,rel_gain_synth_13,rel_error_synth_13,rel_gain_synth_14,rel_error_synth_14,rel_gain_synth_15,rel_error_synth_15,rel_gain_synth_16,rel_error_synth_16
28,640,427,0.05,0.05133719734171376,7.623438719750195e-08,0.059000000000000004,0.22892708,0.18292041,0.03743645,0.18568079,0.03519028,0.18016662,0.03967726,0.18292041,0.03743645,0.18016662,0.03967726,0.18016662,0.03967726,0.18292041,0.03743645,0.18016662,0.03967726,0.18016662,0.03967726,0.18292041,0.03743645,0.18016662,0.03967726,0.18292041,0.03743645,0.20718013,0.01769588,0.21879315,0.00824616,0.18292041,0.03743645,0.18568079,0.03519028
28,640,427,0.1,0.10158922411082105,7.623438719750195e-08,0.121,0.42192152,0.38029623,0.02927398,0.38335812,0.02712063,0.37876248,0.03035262,0.37876248,0.03035262,0.37876248,0.03035262,0.37876248,0.03035262,0.38029623,0.02927398,0.37876248,0.03035262,0.37876248,0.03035262,0.37876248,0.03035262,0.37876248,0.03035262,0.37722856,0.0314314,0.40521035,0.01175253,0.4165997,0.0037427,0.37722856,0.0314314,0.38335812,0.02712063
28,640,427,0.15,0.15160925808599002,7.623438719750195e-08,0.19,0.6098297,0.57070905,0.02430112,0.57499987,0.02163571,0.57285863,0.02296584,0.5696347,0.0249685,0.57285863,0.02296584,0.57070905,0.02430112,0.5760693,0.0209714,0.57070905,0.02430112,0.57393324,0.02229831,0.57070905,0.02430112,0.57070905,0.02430112,0.56747705,0.02630878,0.59596413,0.00861308,0.6044256,0.00335694,0.56639415,0.02698146,0.57285863,0.02296584
