img_index,width,height,noise_std,noise_std_est,avg_mass_loss,t_diff,max_rel_gain,rel_gain_synth_1,rel_error_synth_1,rel_gain_synth_2,rel_error_synth_2,rel_gain_synth_3,rel_error_synth_3,rel_gain_synth_4,rel_error_synth_4,rel_gain_synth_5,rel_error_synth_5,rel_gain_synth_6,rel_error_synth_6,rel_gain_synth_7,rel_error_synth_7,rel_gain_synth_8,rel_error_synth_8,rel_gain_synth_9,rel_error_synth_9,rel_gain_synth_10,rel_error_synth_10,rel_gain_synth_11,rel_error_synth_11,rel_gain_synth_12,rel_error_synth_12,rel_gain_synth_13,rel_error_synth_13,rel_gain_synth_14,rel_error_synth_14,rel_gain_synth_15,rel_error_synth_15,rel_gain_synth_16,rel_error_synth_16
28,640,427,0.05,0.05147855948063869,7.623438719750195e-08,0.061,0.23022282,0.18384863,0.03769575,0.18642554,0.0356011,0.1812716,0.03979053,0.1812716,0.03979053,0.1812716,0.03979053,0.1812716,0.03979053,0.1812716,0.03979053,0.1812716,0.03979053,0.1812716,0.03979053,0.18384863,0.03769575,0.1812716,0.03979053,0.1812716,0.03979053,0.20916696,0.01711548,0.22014368,0.00819294,0.1812716,0.03979053,0.18642554,0.0356011
28,640,427,0.1,0.10129692877561951,7.623438719750195e-08,0.131,0.42011827,0.37826765,0.02946982,0.38218758,0.02670954,0.37436095,0.03222078,0.37696394,0.03038783,0.37566048,0.0313057,0.37566048,0.0313057,0.37566048,0.0313057,0.37566048,0.0313057,0.37436095,0.03222078,0.37566048,0.0313057,0.37436095,0.03222078,0.37436095,0.03222078,0.40587038,0.01003288,0.412989,0.00502021,0.37436095,0.03222078,0.38088,0.02763028
28,640,427,0.15,0.15147935355317677,7.623438719750195e-08,0.233,0.60632455,0.558629,0.02969236,0.5650513,0.0256942,0.55387056,0.03265467,0.55703694,0.03068347,0.55466074,0.03216273,0.5554501,0.03167136,0.55466074,0.03216273,0.55466074,0.03216273,0.55152,0.03411797,0.55466074,0.03216273,0.5507375,0.03460512,0.55230033,0.03363219,0.5943685,0.00744311,0.5963117,0.00623341,0.5530871,0.03314239,0.5618315,0.02769868
