img_index,width,height,noise_std,noise_std_est,avg_mass_loss,t_diff,max_rel_gain,rel_gain_synth_1,rel_error_synth_1,rel_gain_synth_2,rel_error_synth_2,rel_gain_synth_3,rel_error_synth_3,rel_gain_synth_4,rel_error_synth_4,rel_gain_synth_5,rel_error_synth_5,rel_gain_synth_6,rel_error_synth_6,rel_gain_synth_7,rel_error_synth_7,rel_gain_synth_8,rel_error_synth_8,rel_gain_synth_9,rel_error_synth_9,rel_gain_synth_10,rel_error_synth_10
28,640,427,0.05,0.051447954508865495,0.00021876489923254252,0.058,0.24104174902710762,0.19527135893725614,0.036880620757305194,0.20098660809765403,0.03227541777772916,0.19527135893725614,0.036880620757305194,0.19813494911554444,0.034573212339713146,0.19527135893725614,0.036880620757305194,0.19527135893725614,0.036880620757305194,0.19527135893725614,0.036880620757305194,0.19527135893725614,0.036880620757305194,0.19527135893725614,0.036880620757305194,0.19813494911554444,0.034573212339713146
28,640,427,0.1,0.10164183737359568,0.0004403933886217819,0.11800000000000001,0.4298387020215634,0.38820520965976824,0.02911761466725725,0.391441558321315,0.026854178478985753,0.38658130130549284,0.030253343020378073,0.38820520965976824,0.02911761466725725,0.38658130130549284,0.030253343020378073,0.38658130130549284,0.030253343020378073,0.38820520965976824,0.02911761466725725,0.38658130130549284,0.030253343020378073,0.38820520965976824,0.02911761466725725,0.38820520965976824,0.02911761466725725
28,640,427,0.15,0.15179004963734546,0.0006775413743907834,0.185,0.6147207492433076,0.5719803746827743,0.026469205019234623,0.5766600543461712,0.02357106943412499,0.5696276654464448,0.027926242861494362,0.5719803746827743,0.026469205019234623,0.5708062744863127,0.027196327772200882,0.5708062744863127,0.027196327772200882,0.5708062744863127,0.027196327772200882,0.5708062744863127,0.027196327772200882,0.5708062744863127,0.027196327772200882,0.5708062744863127,0.027196327772200882
