img_index,width,height,noise_std,noise_std_est,avg_mass_loss,t_diff,max_rel_gain,rel_gain_synth_1,rel_error_synth_1,rel_gain_synth_2,rel_error_synth_2,rel_gain_synth_3,rel_error_synth_3,rel_gain_synth_4,rel_error_synth_4,rel_gain_synth_5,rel_error_synth_5,rel_gain_synth_6,rel_error_synth_6,rel_gain_synth_7,rel_error_synth_7,rel_gain_synth_8,rel_error_synth_8,rel_gain_synth_9,rel_error_synth_9,rel_gain_synth_10,rel_error_synth_10,rel_gain_synth_11,rel_error_synth_11,rel_gain_synth_12,rel_error_synth_12,rel_gain_synth_13,rel_error_synth_13,rel_gain_synth_14,rel_error_synth_14,rel_gain_synth_15,rel_error_synth_15,rel_gain_synth_16,rel_error_synth_16
48,310,206,0.05,0.052637053144872284,2.0389654452448063e-08,0.059000000000000004,0.2061272,0.1589083,0.03914919,0.16432475,0.03465841,0.15351163,0.04362357,0.1589083,0.03914919,0.15351163,0.04362357,0.15351163,0.04362357,0.15351163,0.04362357,0.15351163,0.04362357,0.15351163,0.04362357,0.15620242,0.04139263,0.15351163,0.04362357,0.15351163,0.04362357,0.19470061,0.00947378,0.19866489,0.006187,0.15620242,0.04139263,0.16702865,0.0324166
48,310,206,0.1,0.10211465170818884,4.0779308904896127e-08,0.11800000000000001,0.39378372,0.35607967,0.02705157,0.36372292,0.02156777,0.3498852,0.03149594,0.35607967,0.02705157,0.35144156,0.03037928,0.35144156,0.03037928,0.35144156,0.03037928,0.35144156,0.03037928,0.35144156,0.03037928,0.35298583,0.02927131,0.3498852,0.03149594,0.3498852,0.03149594,0.38905898,0.00338986,0.3924751,0.00093889,0.35144156,0.03037928,0.36372292,0.02156777
48,310,206,0.15,0.15326123335539774,4.0779308904896127e-08,0.193,0.58461756,0.5430327,0.02624281,0.5518565,0.0206744,0.53410834,0.03187468,0.5419262,0.02694109,0.5363416,0.03046535,0.5374637,0.0297572,0.5363416,0.03046535,0.5363416,0.03046535,0.5363416,0.03046535,0.53857505,0.02905587,0.5352299,0.03116689,0.5329986,0.03257499,0.58129805,0.00209482,0.5827232,0.00119545,0.53410834,0.03187468,0.54967296,0.02205236
