img_index,width,height,noise_std,noise_std_est,avg_mass_loss,t_diff,max_rel_gain,rel_gain_synth_1,rel_error_synth_1,rel_gain_synth_2,rel_error_synth_2,rel_gain_synth_3,rel_error_synth_3,rel_gain_synth_4,rel_error_synth_4,rel_gain_synth_5,rel_error_synth_5,rel_gain_synth_6,rel_error_synth_6,rel_gain_synth_7,rel_error_synth_7,rel_gain_synth_8,rel_error_synth_8,rel_gain_synth_9,rel_error_synth_9,rel_gain_synth_10,rel_error_synth_10,rel_gain_synth_11,rel_error_synth_11,rel_gain_synth_12,rel_error_synth_12,rel_gain_synth_13,rel_error_synth_13,rel_gain_synth_14,rel_error_synth_14,rel_gain_synth_15,rel_error_synth_15,rel_gain_synth_16,rel_error_synth_16
48,310,206,0.05,0.0527609911101652,4.0779308904896127e-08,0.061,0.20531948,0.16005695,0.03755231,0.16763201,0.03126762,0.15252206,0.04380367,0.16005695,0.03755231,0.1550255,0.04172668,0.1550255,0.04172668,0.15252206,0.04380367,0.1550255,0.04172668,0.1550255,0.04172668,0.15752864,0.03964994,0.1550255,0.04172668,0.1550255,0.04172668,0.19564193,0.00802904,0.19749448,0.00649206,0.1550255,0.04172668,0.16763201,0.03126762
48,310,206,0.1,0.10283381338614085,2.0389654452448063e-08,0.136,0.39551064,0.35261735,0.03073664,0.36050937,0.02508133,0.34081194,0.03919619,0.35129565,0.03168374,0.34341735,0.0373292,0.34472692,0.03639079,0.34211308,0.03826382,0.34472692,0.03639079,0.34472692,0.03639079,0.34734964,0.03451139,0.34341735,0.0373292,0.34341735,0.0373292,0.39017013,0.00382692,0.3916684,0.00275329,0.34341735,0.0373292,0.36050937,0.02508133
48,310,206,0.15,0.1525176346504998,4.0779308904896127e-08,0.234,0.58016646,0.53406006,0.02917818,0.5448951,0.02232128,0.51861167,0.03895463,0.5324043,0.03022602,0.5209995,0.03744351,0.5242203,0.03540525,0.51940334,0.03845363,0.52260494,0.03642751,0.5209995,0.03744351,0.52829474,0.03282675,0.52020323,0.03794741,0.52020323,0.03794741,0.57802933,0.00135247,0.57546115,0.00297775,0.51940334,0.03845363,0.54238975,0.0239068
