img_index,width,height,noise_std,noise_std_est,avg_mass_loss,t_diff,max_rel_gain,rel_gain_synth_1,rel_error_synth_1,rel_gain_synth_2,rel_error_synth_2,rel_gain_synth_3,rel_error_synth_3,rel_gain_synth_4,rel_error_synth_4,rel_gain_synth_5,rel_error_synth_5,rel_gain_synth_6,rel_error_synth_6,rel_gain_synth_7,rel_error_synth_7,rel_gain_synth_8,rel_error_synth_8,rel_gain_synth_9,rel_error_synth_9,rel_gain_synth_10,rel_error_synth_10
48,310,206,0.05,0.05265203428636599,0.00038880963940815473,0.058,0.21652741462253058,0.17312576063951862,0.03567667564358082,0.18141096028909112,0.028866143016049957,0.17036047425952655,0.03794977392871077,0.17312576063951862,0.03567667564358082,0.17036047425952655,0.03794977392871077,0.17036047425952655,0.03794977392871077,0.16758890520720368,0.04022803664520111,0.17036047425952655,0.03794977392871077,0.16758890520720368,0.04022803664520111,0.17036047425952655,0.03794977392871077
48,310,206,0.1,0.10226157944432242,0.0007084636840044157,0.115,0.40347775625897764,0.36714083026039224,0.025890631922406003,0.37358574725716,0.021298527082820283,0.36223159508330194,0.0293885392851675,0.36714083026039224,0.025890631922406003,0.36223159508330194,0.0293885392851675,0.36223159508330194,0.0293885392851675,0.36223159508330194,0.0293885392851675,0.36223159508330194,0.0293885392851675,0.36058108503523545,0.03056455368276365,0.36223159508330194,0.0293885392851675
48,310,206,0.15,0.1524688178148284,0.0010940051940838006,0.18,0.5905313187031024,0.5535559824753217,0.023247160111207272,0.561746456992566,0.018097639054355207,0.5463825083705383,0.02775727193386072,0.5535559824753217,0.023247160111207272,0.5463825083705383,0.02775727193386072,0.5475801923712158,0.02700426318351802,0.5463825083705383,0.02775727193386072,0.5487816844664153,0.026248860205235782,0.5463825083705383,0.02775727193386072,0.5487816844664153,0.026248860205235782
