img_index,width,height,noise_std,noise_std_est,t_diff,max_rel_gain,rel_gain_synth_1,rel_error_synth_1,rel_gain_synth_2,rel_error_synth_2,rel_gain_synth_3,rel_error_synth_3,rel_gain_synth_4,rel_error_synth_4,rel_gain_synth_5,rel_error_synth_5,rel_gain_synth_6,rel_error_synth_6,rel_gain_synth_7,rel_error_synth_7,rel_gain_synth_8,rel_error_synth_8,rel_gain_synth_9,rel_error_synth_9,rel_gain_synth_10,rel_error_synth_10
48,640,427,0.05,0.0514919512235848,0.56,0.2019259004368197,0.1930389978385128,0.0073938855923456,0.1991600754793775,0.0023011609587887,0.1991600754793775,0.0023011609587887,0.197836980321473,0.0034019735441765,0.1921571132192613,0.00812761187192,0.1921571132192613,0.00812761187192,0.1947451042740575,0.0059744083725565,0.1971131930922453,0.0040041631042523,0.1939026114084421,0.0066753607900967,0.1921571132192613,0.00812761187192
48,640,427,0.1,0.1012550101409709,1.07,0.4098404813119898,0.408202839996221,0.0011615791555686,0.408525318093429,0.0009328454076853,0.4083671760334229,0.0010450155872925,0.4078570291103349,0.0014068628528875,0.408525318093429,0.0009328454076853,0.4086768827098008,0.000825340609532,0.4078570291103349,0.0014068628528875,0.4080326751177193,0.0012822771215848,0.4078570291103349,0.0014068628528875,0.4086768827098008,0.000825340609532
48,640,427,0.15,0.1512422760654401,1.85,0.6016936485030033,0.6005318134765315,0.0007253790558249,0.6014413637326103,0.0001575112510616,0.6012048652360031,0.0003051665138692,0.6015229427781461,0.0001065782617149,0.6005318134765315,0.0007253790558249,0.6004251259006484,0.0007919882828657,0.6013525191104184,0.0002129804241302,0.6015229427781461,0.0001065782617149,0.6013015147126798,0.0002448244648345,0.6000672265897377,0.0010154388230145
