energy,prior,fidelity,mass,psnr,ssim_indices
8244.765387369509,8244.765387369509,0.0,0.0,26.01807636658571,0.5047073670730634
4650.281193886499,4451.042367260053,199.2388266264458,-5.645322151191067,28.25930620762469,0.6173144059470644
3536.4849329442577,3067.32091486537,469.16401807888775,-10.64203924703179,28.687039095509856,0.6845176246751787
3096.353869506871,2412.831466299236,683.5224032076346,-15.08789857890224,28.458878897622455,0.723811947551301
2890.0096925032417,2045.8377791359653,844.1719133672765,-19.05823571741348,28.095275722763468,0.7475858010982256
2782.0874785157057,1816.2491204798214,965.8383580358841,-22.613047539896797,27.74599582407031,0.7625169869881328
