img_index,width,height,noise_std,noise_std_est,avg_mass_loss,t_diff,max_rel_gain,rel_gain_synth_1,rel_error_synth_1,rel_gain_synth_2,rel_error_synth_2,rel_gain_synth_3,rel_error_synth_3,rel_gain_synth_4,rel_error_synth_4,rel_gain_synth_5,rel_error_synth_5,rel_gain_synth_6,rel_error_synth_6,rel_gain_synth_7,rel_error_synth_7,rel_gain_synth_8,rel_error_synth_8,rel_gain_synth_9,rel_error_synth_9,rel_gain_synth_10,rel_error_synth_10
88,427,640,0.05,0.0557497769307333,0.00024979093256975667,0.068,0.23071248546556494,0.16016588415162725,0.057321756419210064,0.16016588415162725,0.057321756419210064,0.16016588415162725,0.057321756419210064,0.16246914895632272,0.05545026747935082,0.16016588415162725,0.057321756419210064,0.16246914895632272,0.05545026747935082,0.16016588415162725,0.057321756419210064,0.16246914895632272,0.05545026747935082,0.16016588415162725,0.057321756419210064,0.16016588415162725,0.057321756419210064
88,427,640,0.1,0.10388669419172526,0.00042598138270158155,0.122,0.4208857819024117,0.38141986340173667,0.027775574225138967,0.38141986340173667,0.027775574225138967,0.3800177654248278,0.028762351624678842,0.38141986340173667,0.027775574225138967,0.3800177654248278,0.028762351624678842,0.38141986340173667,0.027775574225138967,0.3800177654248278,0.028762351624678842,0.38281485261842096,0.026793799873919406,0.3800177654248278,0.028762351624678842,0.3800177654248278,0.028762351624678842
88,427,640,0.15,0.15379260836155104,0.0006158009973186666,0.188,0.6109959552537083,0.5737435223325511,0.023123852545793973,0.5737435223325511,0.023123852545793973,0.5716194574651945,0.02444233187557109,0.5737435223325511,0.023123852545793973,0.5726805057369387,0.023783703113478934,0.5747983336987127,0.022469095243193855,0.5726805057369387,0.023783703113478934,0.5758545225337518,0.021813482898796126,0.5716194574651945,0.02444233187557109,0.5716194574651945,0.02444233187557109
