energy,prior,fidelity,mass,psnr,ssim_indices
16487.727534805235,16487.727534805235,0.0,0.0,20.00181377876841,0.6648083129577623
9033.188639350208,8622.72308889745,410.465550452759,-5.058203727618093,22.46073825716977,0.7361491617758503
6750.882341095977,5791.558488412162,959.3238526838152,-9.506640730949584,23.2927752844532,0.7608485659450649
5854.314162786367,4464.651841751382,1389.6623210349853,-13.39167153800372,23.36047775470444,0.7656682899275319
5434.332492108403,3725.8667036625657,1708.4657884458377,-16.769237688014982,23.16742956740585,0.7625622919379055
5213.514635847335,3266.324416010422,1947.190219836913,-19.696179471269716,22.913970352723926,0.7565231841576175
5088.045963533603,2958.2345447919433,2129.81141874166,-22.226372212084243,22.66871231164924,0.7496939731669642
5012.612372761663,2740.4340739509553,2272.1782988107075,-24.409192720107967,22.45211231408943,0.743015305337441
4965.140440643534,2580.4096335498875,2384.730807093646,-26.289092873543268,22.267721083392743,0.7368866136529265
