energy,prior,fidelity,mass,psnr,ssim_indices
9044.946797657276,9044.946797657276,0.0,0.0,26.01163185665642,0.84285710210227
5714.228071963463,5526.523866169919,187.7042057935439,-3.4386971296626143,27.537442716609306,0.8800869202870927
4536.12357892429,4066.2425981563056,469.88098076798474,-6.363638647657353,26.78885345133683,0.8801276769970889
4021.306735765318,3301.6554316938837,719.6513040714344,-8.855954588303575,25.7762264516563,0.8682717578046869
