img_index,width,height,noise_std,noise_std_est,avg_mass_loss,t_diff,max_rel_gain,rel_gain_synth_1,rel_error_synth_1,rel_gain_synth_2,rel_error_synth_2,rel_gain_synth_3,rel_error_synth_3,rel_gain_synth_4,rel_error_synth_4,rel_gain_synth_5,rel_error_synth_5,rel_gain_synth_6,rel_error_synth_6,rel_gain_synth_7,rel_error_synth_7,rel_gain_synth_8,rel_error_synth_8,rel_gain_synth_9,rel_error_synth_9,rel_gain_synth_10,rel_error_synth_10,rel_gain_synth_11,rel_error_synth_11,rel_gain_synth_12,rel_error_synth_12,rel_gain_synth_13,rel_error_synth_13,rel_gain_synth_14,rel_error_synth_14,rel_gain_synth_15,rel_error_synth_15,rel_gain_synth_16,rel_error_synth_16
67,350,232,0.05,0.05454271971964289,3.207101806239737e-08,0.053,0.13434356,0.08063646,0.04734642,0.08347234,0.0448464,0.07782657,0.04982352,0.08063646,0.04734642,0.07782657,0.04982352,0.07782657,0.04982352,0.07782657,0.04982352,0.07782657,0.04982352,0.07782657,0.04982352,0.07782657,0.04982352,0.07782657,0.04982352,0.07782657,0.04982352,0.106149,0.0248554,0.11158943,0.0200593,0.07782657,0.04982352,0.08630583,0.04234849
67,350,232,0.1,0.10302040123431197,6.414203612479474e-08,0.105,0.2942947,0.2603266,0.02624447,0.2631871,0.02403438,0.25744802,0.02846852,0.2603266,0.02624447,0.25744802,0.02846852,0.25744802,0.02846852,0.25744802,0.02846852,0.25744802,0.02846852,0.25744802,0.02846852,0.2588928,0.02735225,0.25744802,0.02846852,0.25744802,0.02846852,0.28052062,0.01064214,0.28609252,0.00633716,0.25744802,0.02846852,0.2631871,0.02403438
67,350,232,0.15,0.15288786138296045,6.414203612479474e-08,0.167,0.46104085,0.43053982,0.02087623,0.4345592,0.0181252,0.4274772,0.02297241,0.43053982,0.02087623,0.42850113,0.02227161,0.42850113,0.02227161,0.42850113,0.02227161,0.42850113,0.02227161,0.42850113,0.02227161,0.42850113,0.02227161,0.4274772,0.02297241,0.42644814,0.02367675,0.4522761,0.00599898,0.45502645,0.00411651,0.42644814,0.02367675,0.43356392,0.0188064
