img_index,width,height,noise_std,noise_std_est,avg_mass_loss,t_diff,max_rel_gain,rel_gain_synth_1,rel_error_synth_1,rel_gain_synth_2,rel_error_synth_2,rel_gain_synth_3,rel_error_synth_3,rel_gain_synth_4,rel_error_synth_4,rel_gain_synth_5,rel_error_synth_5,rel_gain_synth_6,rel_error_synth_6,rel_gain_synth_7,rel_error_synth_7,rel_gain_synth_8,rel_error_synth_8,rel_gain_synth_9,rel_error_synth_9,rel_gain_synth_10,rel_error_synth_10
67,350,232,0.05,0.05486485939709548,0.0003466784948704877,0.052000000000000005,0.1446822803651968,0.09514008724812778,0.04328030054004434,0.09808150326875395,0.040710665217579364,0.09220249354863969,0.04584659666419759,0.09514008724812778,0.04328030054004434,0.09220249354863969,0.04584659666419759,0.09220249354863969,0.04584659666419759,0.09220249354863969,0.04584659666419759,0.09220249354863969,0.04584659666419759,0.09220249354863969,0.04584659666419759,0.09220249354863969,0.04584659666419759
67,350,232,0.1,0.10343440658576059,0.0006567650947122849,0.10300000000000001,0.3026909235922453,0.2677150144876767,0.02684896967587716,0.2708375592152254,0.024451973833656927,0.26456539851441907,0.02926674653776886,0.2677150144876767,0.02684896967587716,0.26456539851441907,0.02926674653776886,0.2661432912464784,0.028055490127301047,0.26456539851441907,0.02926674653776886,0.2661432912464784,0.028055490127301047,0.26456539851441907,0.02926674653776886,0.2661432912464784,0.028055490127301047
67,350,232,0.15,0.15363883293440334,0.0010032524951163974,0.164,0.46854866301063475,0.434928467064175,0.022893484426682795,0.4393422469804777,0.0198879456743924,0.4315733556391912,0.025178128789849867,0.434928467064175,0.022893484426682795,0.4315733556391912,0.025178128789849867,0.4326936994709292,0.024415236922554654,0.4315733556391912,0.025178128789849867,0.4326936994709292,0.024415236922554654,0.4315733556391912,0.025178128789849867,0.4326936994709292,0.024415236922554654
