img_index,width,height,noise_std,noise_std_est,t_diff,max_rel_gain,rel_gain_synth_1,rel_error_synth_1,rel_gain_synth_2,rel_error_synth_2,rel_gain_synth_3,rel_error_synth_3,rel_gain_synth_4,rel_error_synth_4,rel_gain_synth_5,rel_error_synth_5,rel_gain_synth_6,rel_error_synth_6,rel_gain_synth_7,rel_error_synth_7,rel_gain_synth_8,rel_error_synth_8,rel_gain_synth_9,rel_error_synth_9,rel_gain_synth_10,rel_error_synth_10
67,640,426,0.05,0.0542494336306191,0.32,0.101209015966733,0.0726905544450253,0.0258974101266976,0.0810651842613758,0.0182924689257771,0.0810651842613758,0.0182924689257771,0.0783050516176008,0.0207989255600356,0.0726905544450253,0.0258974101266976,0.0726905544450253,0.0258974101266976,0.0755082542552087,0.0233386771619936,0.0783050516176008,0.0207989255600356,0.0755082542552087,0.0233386771619936,0.0726905544450253,0.0258974101266976
67,640,426,0.1,0.1028579402061666,0.5700000000000001,0.2607173540294891,0.2519295435012035,0.0069704843041924,0.2527363302313703,0.0063305417131047,0.2519295435012035,0.0069704843041924,0.2519295435012035,0.0069704843041924,0.2527363302313703,0.0063305417131047,0.2527363302313703,0.0063305417131047,0.2519295435012035,0.0069704843041924,0.2519295435012035,0.0069704843041924,0.2519295435012035,0.0069704843041924,0.2527363302313703,0.0063305417131047
67,640,426,0.15,0.1522276463113549,0.8200000000000001,0.427756623541251,0.4276255969275423,9.177097241108806e-05,0.4270887503629947,0.0004677780283027,0.4269429799287391,0.0005698755649922,0.4270887503629947,0.0004677780283027,0.4276255969275423,9.177097241108806e-05,0.4276255969275423,9.177097241108806e-05,0.4274533417171521,0.0002124184325944,0.4270887503629947,0.0004677780283027,0.4275472889921032,0.0001466178098538,0.4276870406475614,4.873582271819447e-05
