energy,prior,fidelity,mass,psnr,ssim_indices
4583.440016792881,4583.440016792881,0.0,0.0,26.011455018579444,0.6538815818692326
2517.6520824025215,2403.885913778088,113.7661686244336,5.121738009358523,28.397632683457577,0.7497829014900743
1882.439418281944,1616.4622253957207,265.97719288622335,9.664473369717598,29.09092148926971,0.7932610981114899
1632.7280201764768,1247.897610447848,384.8304097286289,13.676718014583457,29.06548787282666,0.8123266621879225
1515.8217505614512,1043.6783325357112,472.14341802574,17.215086835523834,28.83184646429628,0.8203407837330939
1454.3971772976752,917.5806568438448,536.8165204538302,20.33601798376185,28.56831396796437,0.8231785373896395
1419.54661214533,833.8248963382492,585.7217158070807,23.091919899132336,28.3274617910168,0.8235497829403587
