img_index,width,height,noise_std,noise_std_est,avg_mass_loss,t_diff,psnr_start,max_rel_gain,rel_gain_synth_2,rel_error_synth_2,rel_gain_synth_3,rel_error_synth_3,rel_gain_synth_4,rel_error_synth_4,rel_gain_synth_8,rel_error_synth_8
0,512,512,0.05,0.0529001043198304,0.0005822268907404,0.553,26.02720711607528,0.1916760140295367,0.1892012544447084,0.0020767050403743,0.1897331696016427,0.0016303461721314,0.1889924743017978,0.0022519037860507,0.1892012544447084,0.0020767050403743
0,512,512,0.1,0.1021638583405439,0.0008839225531656,1.39,19.991474847234223,0.3898329616041875,0.389692823182568,0.0001008311253876,0.3898243133662072,6.222501710037279e-06,0.3894975872731775,0.0002413054951746,0.38971396660831,8.561819957135409e-05
0,512,512,0.15,0.1520064545928994,0.0010389981358451,50.0,16.473334440520944,0.5483689478175028,0.5474360863590472,0.0006024800870429,0.5483651671104679,2.4417352467745494e-06,0.5469455685951715,0.0009192765227807,0.5474700201254591,0.0005805642726889
