img_index,width,height,noise_std,noise_std_est,avg_mass_loss,t_diff,max_rel_gain,rel_gain_synth_1,rel_error_synth_1,rel_gain_synth_2,rel_error_synth_2,rel_gain_synth_3,rel_error_synth_3,rel_gain_synth_4,rel_error_synth_4,rel_gain_synth_5,rel_error_synth_5,rel_gain_synth_6,rel_error_synth_6,rel_gain_synth_7,rel_error_synth_7,rel_gain_synth_8,rel_error_synth_8,rel_gain_synth_9,rel_error_synth_9,rel_gain_synth_10,rel_error_synth_10,rel_gain_synth_11,rel_error_synth_11,rel_gain_synth_12,rel_error_synth_12,rel_gain_synth_13,rel_error_synth_13,rel_gain_synth_14,rel_error_synth_14,rel_gain_synth_15,rel_error_synth_15,rel_gain_synth_16,rel_error_synth_16
0,512,512,0.05,0.05293255320354469,3.9736429850260414e-08,0.063,0.23657614,0.20845889,0.022738,0.20845889,0.022738,0.20338957,0.02683747,0.206756,0.0241151,0.20508558,0.02546593,0.20508558,0.02546593,0.20508558,0.02546593,0.20508558,0.02546593,0.20338957,0.02683747,0.20508558,0.02546593,0.20508558,0.02546593,0.20508558,0.02546593,0.22782122,0.00707997,0.2328584,0.00300648,0.20508558,0.02546593,0.20845889,0.022738
0,512,512,0.1,0.10198122577717719,7.947285970052083e-08,0.14,0.47956878,0.45792958,0.01462536,0.4588092,0.01403085,0.4518269,0.01874998,0.4561904,0.0158008,0.45269242,0.01816501,0.4544413,0.01698297,0.4518269,0.01874998,0.4544413,0.01698297,0.4509381,0.01935069,0.45269242,0.01816501,0.45357826,0.01756628,0.4518269,0.01874998,0.4783064,0.00085321,0.47956878,0.,0.45357826,0.01756628,0.4588092,0.01403085
0,512,512,0.15,0.15158754970889365,7.947285970052083e-08,0.25,0.7072475,0.6830828,0.01415416,0.68419564,0.01350236,0.6736302,0.01969096,0.6802975,0.01578563,0.6736302,0.01969096,0.677507,0.01742014,0.67252827,0.02033636,0.67695594,0.01774291,0.671429,0.02098027,0.67197394,0.02066107,0.671429,0.02098027,0.6736302,0.01969096,0.7071805,3.9251834e-05,0.70723426,7.742643e-06,0.67307657,0.0200152,0.6830828,0.01415416
