img_index,width,height,noise_std,noise_std_est,avg_mass_loss,t_diff,psnr_start,max_rel_gain,rel_gain_synth_1,rel_error_synth_1
0,512,512,0.05,0.0528713182991765,0.0004341090254188,0.211,26.027388213238538,0.2316913001222162,0.2065248530351759,0.0204324306622472
0,512,512,0.1,0.1019915292586539,0.0008006878604311,0.462,19.995250384725203,0.4587492062396534,0.4418810151673003,0.0115634620400827
0,512,512,0.15,0.152046355240236,0.0011371794568914,0.8140000000000001,16.475530988938964,0.6754469195322771,0.6639518345621386,0.0068609066847355
