img_index,width,height,noise_std,noise_std_est,avg_mass_loss,t_diff,max_rel_gain,rel_gain_synth_1,rel_error_synth_1,rel_gain_synth_2,rel_error_synth_2,rel_gain_synth_3,rel_error_synth_3,rel_gain_synth_4,rel_error_synth_4,rel_gain_synth_5,rel_error_synth_5,rel_gain_synth_6,rel_error_synth_6,rel_gain_synth_7,rel_error_synth_7,rel_gain_synth_8,rel_error_synth_8,rel_gain_synth_9,rel_error_synth_9,rel_gain_synth_10,rel_error_synth_10,rel_gain_synth_11,rel_error_synth_11,rel_gain_synth_12,rel_error_synth_12,rel_gain_synth_13,rel_error_synth_13,rel_gain_synth_14,rel_error_synth_14,rel_gain_synth_15,rel_error_synth_15,rel_gain_synth_16,rel_error_synth_16
0,512,512,0.05,0.052752986819964494,3.9736429850260414e-08,0.059000000000000004,0.23585325,0.20786905,0.02264362,0.2096812,0.02117732,0.20604394,0.02412043,0.20786905,0.02264362,0.20604394,0.02412043,0.20604394,0.02412043,0.20604394,0.02412043,0.20604394,0.02412043,0.20604394,0.02412043,0.20604394,0.02412043,0.20604394,0.02412043,0.20604394,0.02412043,0.22683533,0.00729692,0.23323044,0.00212227,0.20604394,0.02412043,0.2096812,0.02117732
0,512,512,0.1,0.10208577119900505,7.947285970052083e-08,0.129,0.48166075,0.4590151,0.01528395,0.4590151,0.01528395,0.45496336,0.01801855,0.4580021,0.01596765,0.45597637,0.01733485,0.45597637,0.01733485,0.45597637,0.01733485,0.456998,0.01664534,0.45597637,0.01733485,0.45496336,0.01801855,0.45597637,0.01733485,0.45393312,0.01871389,0.47926047,0.00161998,0.48165867,1.406785e-06,0.45496336,0.01801855,0.4590151,0.01528395
0,512,512,0.15,0.15213325813585424,1.1920928955078125e-07,0.215,0.70775455,0.6825165,0.01477848,0.68324196,0.01435369,0.68324196,0.01435369,0.6803426,0.01605143,0.68324196,0.01435369,0.6796138,0.01647818,0.68538594,0.01309824,0.6796138,0.01647818,0.68538594,0.01309824,0.6796138,0.01647818,0.6803426,0.01605143,0.6744851,0.01948141,0.7065881,0.00068302,0.7077449,5.6575814e-06,0.6737532,0.01990997,0.6810698,0.01562563
