img_index,width,height,noise_std,noise_std_est,t_diff,max_rel_gain,rel_gain_synth_1,rel_error_synth_1,rel_gain_synth_2,rel_error_synth_2,rel_gain_synth_3,rel_error_synth_3,rel_gain_synth_4,rel_error_synth_4,rel_gain_synth_5,rel_error_synth_5,rel_gain_synth_6,rel_error_synth_6,rel_gain_synth_7,rel_error_synth_7,rel_gain_synth_8,rel_error_synth_8,rel_gain_synth_9,rel_error_synth_9,rel_gain_synth_10,rel_error_synth_10
0,512,512,0.05,0.052883603989352,0.58,0.1935154600631276,0.1836461138746242,0.0082691397964643,0.189578199150857,0.0032988771775627,0.1902061823785031,0.0027727145523942,0.1889170113935594,0.0038528605815671,0.1836461138746242,0.0082691397964643,0.1836461138746242,0.0082691397964643,0.1852377487554882,0.0069355710794073,0.189578199150857,0.0032988771775627,0.1852377487554882,0.0069355710794073,0.182834017810318,0.0089495633782948
0,512,512,0.1,0.1015622202153304,1.07,0.4051209964783127,0.4045314033582786,0.0004196030957559,0.4047048890364971,0.0002961363774781,0.4049160154408289,0.0001458814137697,0.4046211774892485,0.0003557124192983,0.4045314033582786,0.0004196030957559,0.4046211774892485,0.0003557124192983,0.4043350005450756,0.0005593795375679,0.4047048890364971,0.0002961363774781,0.4044359039668551,0.0004875683397904,0.4047048890364971,0.0002961363774781
0,512,512,0.15,0.1521609007954884,2.02,0.60454243227869,0.6032502152459156,0.0008053492427365,0.6045400399625467,1.4909647106239311e-06,0.6045030723528692,2.4530311588516636e-05,0.60454243227869,0.0,0.6034057899169674,0.0007083903416056,0.6029899002940484,0.0009675854956585,0.6040429380341682,0.0003113001155178,0.6045178367147851,1.5328708926656182e-05,0.6040429380341682,0.0003113001155178,0.6028954809699021,0.0010264305110641
