img_index,width,height,noise_std,noise_std_est,avg_mass_loss,t_diff,max_rel_gain,rel_gain_synth_1,rel_error_synth_1
0,512,512,0.05,0.05287131829917658,0.0004341090254188125,0.211,0.23169130012221623,0.20652485303517593,0.020432430662247213
0,512,512,0.1,0.10199152925865394,0.0008006878604311188,0.462,0.4587492062396534,0.4418810151673003,0.011563462040082774
0,512,512,0.15,0.15204635524023608,0.0011371794568914388,0.8140000000000001,0.6754469195322771,0.6639518345621386,0.006860906684735532
