img_index,width,height,noise_std,noise_std_est,avg_mass_loss,t_diff,max_rel_gain,rel_gain_synth_1,rel_error_synth_1,rel_gain_synth_2,rel_error_synth_2,rel_gain_synth_3,rel_error_synth_3,rel_gain_synth_4,rel_error_synth_4,rel_gain_synth_5,rel_error_synth_5,rel_gain_synth_6,rel_error_synth_6,rel_gain_synth_7,rel_error_synth_7,rel_gain_synth_8,rel_error_synth_8,rel_gain_synth_9,rel_error_synth_9,rel_gain_synth_10,rel_error_synth_10
0,512,512,0.05,0.052760858216131426,0.00021460362877445682,0.058,0.2481662660680907,0.2217331845617401,0.021177532372845427,0.22362653248561373,0.019660628755639075,0.21981508147221304,0.022714269217664475,0.22362653248561373,0.019660628755639075,0.21981508147221304,0.022714269217664475,0.2217331845617401,0.021177532372845427,0.21981508147221304,0.022714269217664475,0.2217331845617401,0.021177532372845427,0.21981508147221304,0.022714269217664475,0.21981508147221304,0.022714269217664475
0,512,512,0.1,0.10214070512535517,0.00044029101959693523,0.122,0.487494444435412,0.4662028289762058,0.014313744524462815,0.46729794855477635,0.01357752693207631,0.4629039871180335,0.016531461619483222,0.4662028289762058,0.014313744524462815,0.4629039871180335,0.016531461619483222,0.46511464425623317,0.015045300009623407,0.4629039871180335,0.016531461619483222,0.46511464425623317,0.015045300009623407,0.4629039871180335,0.016531461619483222,0.4640027973919697,0.01579276287808841
0,512,512,0.15,0.15203674914294638,0.0006838832785810064,0.196,0.7138386396861021,0.6925196763717021,0.012439306023760048,0.6940904375672949,0.011522789638133087,0.687698095059565,0.01525262881885122,0.6925196763717021,0.012439306023760048,0.687698095059565,0.01525262881885122,0.6901214224831034,0.013838652399237933,0.687698095059565,0.01525262881885122,0.6901214224831034,0.013838652399237933,0.686877796171419,0.015731261327858192,0.687698095059565,0.01525262881885122
