img_index,width,height,noise_std,noise_std_est,avg_mass_loss,t_diff,max_rel_gain,rel_gain_synth_1,rel_error_synth_1,rel_gain_synth_2,rel_error_synth_2,rel_gain_synth_3,rel_error_synth_3,rel_gain_synth_4,rel_error_synth_4,rel_gain_synth_5,rel_error_synth_5,rel_gain_synth_6,rel_error_synth_6,rel_gain_synth_7,rel_error_synth_7,rel_gain_synth_8,rel_error_synth_8,rel_gain_synth_9,rel_error_synth_9,rel_gain_synth_10,rel_error_synth_10,rel_gain_synth_11,rel_error_synth_11,rel_gain_synth_12,rel_error_synth_12,rel_gain_synth_13,rel_error_synth_13,rel_gain_synth_14,rel_error_synth_14,rel_gain_synth_15,rel_error_synth_15,rel_gain_synth_16,rel_error_synth_16
42,591,394,0.05,0.051438055900298235,5.591844388901773e-09,0.05,0.24539226,0.22096519,0.01961396,0.22361794,0.01748391,0.21827506,0.02177403,0.22096519,0.01961396,0.21827506,0.02177403,0.22096519,0.01961396,0.21827506,0.02177403,0.22096519,0.01961396,0.21827506,0.02177403,0.21827506,0.02177403,0.21827506,0.02177403,0.22096519,0.01961396,0.23964427,0.00461541,0.2438963,0.00120119,0.22096519,0.01961396,0.22361794,0.01748391
42,591,394,0.1,0.1014824197701745,1.1183688777803546e-08,0.105,0.45471796,0.44114536,0.00933006,0.4422844,0.00854705,0.43999702,0.01011945,0.44114536,0.00933006,0.43999702,0.01011945,0.43999702,0.01011945,0.43999702,0.01011945,0.44114536,0.00933006,0.43999702,0.01011945,0.43999702,0.01011945,0.43999702,0.01011945,0.43999702,0.01011945,0.45336878,0.00092746,0.4543296,0.00026695,0.43999702,0.01011945,0.4422844,0.00854705
42,591,394,0.15,0.15205143595080442,1.6775533166705316e-08,0.176,0.6654818,0.6539765,0.0069081,0.6553503,0.00608321,0.6546654,0.00649448,0.653266,0.00733471,0.6539765,0.0069081,0.653266,0.00733471,0.656014,0.00568473,0.6539765,0.0069081,0.6546654,0.00649448,0.6525537,0.00776242,0.653266,0.00733471,0.65034527,0.0090884,0.6652827,0.00011954,0.66461986,0.00051754,0.65034527,0.0090884,0.6539765,0.0069081
