img_index,width,height,noise_std,noise_std_est,avg_mass_loss,t_diff,max_rel_gain,rel_gain_synth_1,rel_error_synth_1,rel_gain_synth_2,rel_error_synth_2,rel_gain_synth_3,rel_error_synth_3,rel_gain_synth_4,rel_error_synth_4,rel_gain_synth_5,rel_error_synth_5,rel_gain_synth_6,rel_error_synth_6,rel_gain_synth_7,rel_error_synth_7,rel_gain_synth_8,rel_error_synth_8,rel_gain_synth_9,rel_error_synth_9,rel_gain_synth_10,rel_error_synth_10
42,591,394,0.05,0.05148774251536813,8.837358080735783e-05,0.049,0.2586576813485185,0.2349101928463686,0.018867313054258695,0.23764396259624185,0.01669534065033686,0.2349101928463686,0.018867313054258695,0.23764396259624185,0.01669534065033686,0.2349101928463686,0.018867313054258695,0.2349101928463686,0.018867313054258695,0.2349101928463686,0.018867313054258695,0.2349101928463686,0.018867313054258695,0.2349101928463686,0.018867313054258695,0.2349101928463686,0.018867313054258695
42,591,394,0.1,0.10146001330861326,0.0001671236917773879,0.10300000000000001,0.46297678890248556,0.44896209637281037,0.009579572715018197,0.45018131027639785,0.008746193872075588,0.44772167817804037,0.010427445493437703,0.44896209637281037,0.009579572715018197,0.44772167817804037,0.010427445493437703,0.44896209637281037,0.009579572715018197,0.44772167817804037,0.010427445493437703,0.44896209637281037,0.009579572715018197,0.44772167817804037,0.010427445493437703,0.44772167817804037,0.010427445493437703
42,591,394,0.15,0.15139625676947194,0.00021012892037056822,0.165,0.67158440394748,0.6625765646606703,0.005388803141221887,0.663948771800646,0.0045679010457397575,0.6603864351304833,0.006699014893027454,0.6625765646606703,0.005388803141221887,0.6603864351304833,0.006699014893027454,0.6611357402862864,0.0062507544557838845,0.6603864351304833,0.006699014893027454,0.6618604627511868,0.005817200240280963,0.6603864351304833,0.006699014893027454,0.6603864351304833,0.006699014893027454
