img_index,width,height,noise_std,noise_std_est,t_diff,max_rel_gain,rel_gain_synth_1,rel_error_synth_1,rel_gain_synth_2,rel_error_synth_2,rel_gain_synth_3,rel_error_synth_3,rel_gain_synth_4,rel_error_synth_4,rel_gain_synth_5,rel_error_synth_5,rel_gain_synth_6,rel_error_synth_6,rel_gain_synth_7,rel_error_synth_7,rel_gain_synth_8,rel_error_synth_8,rel_gain_synth_9,rel_error_synth_9,rel_gain_synth_10,rel_error_synth_10
42,640,427,0.05,0.0531873932616564,0.39,0.1309321288146248,0.1131417729204475,0.0157307016406228,0.1196307801320711,0.0099929504119748,0.1196307801320711,0.0099929504119748,0.1180466059807998,0.0113937189558234,0.1131417729204475,0.0157307016406228,0.1131417729204475,0.0157307016406228,0.1147938618594345,0.0142698810512223,0.1180466059807998,0.0113937189558234,0.1147938618594345,0.0142698810512223,0.1131417729204475,0.0157307016406228
42,640,427,0.1,0.1023776284283485,0.74,0.3179705396408167,0.3164909264151406,0.0011226451435548,0.3166898697205882,0.0009716984421954,0.3166898697205882,0.0009716984421954,0.316283409923144,0.0012800966842039,0.3166898697205882,0.0009716984421954,0.3166898697205882,0.0009716984421954,0.316283409923144,0.0012800966842039,0.3164909264151406,0.0011226451435548,0.316283409923144,0.0012800966842039,0.3166898697205882,0.0009716984421954
42,640,427,0.15,0.1521107222355544,1.16,0.509927192511781,0.5069685837207291,0.0019594380482215,0.5095817006189295,0.0002288136107256,0.5098171174180008,7.290092815468726e-05,0.509455922292718,0.0003121145320119,0.5069685837207291,0.0019594380482215,0.5069685837207291,0.0019594380482215,0.5080359920711348,0.0012525110151172,0.509455922292718,0.0003121145320119,0.5078407924059699,0.0013817885499103,0.5064716297088767,0.002288562534698
