img_index,width,height,noise_std,noise_std_est,avg_mass_loss,t_diff,max_rel_gain,rel_gain_synth_1,rel_error_synth_1,rel_gain_synth_2,rel_error_synth_2,rel_gain_synth_3,rel_error_synth_3,rel_gain_synth_4,rel_error_synth_4,rel_gain_synth_5,rel_error_synth_5,rel_gain_synth_6,rel_error_synth_6,rel_gain_synth_7,rel_error_synth_7,rel_gain_synth_8,rel_error_synth_8,rel_gain_synth_9,rel_error_synth_9,rel_gain_synth_10,rel_error_synth_10,rel_gain_synth_11,rel_error_synth_11,rel_gain_synth_12,rel_error_synth_12,rel_gain_synth_13,rel_error_synth_13,rel_gain_synth_14,rel_error_synth_14,rel_gain_synth_15,rel_error_synth_15,rel_gain_synth_16,rel_error_synth_16
42,591,394,0.05,0.05156642652062576,1.1183688777803546e-08,0.051000000000000004,0.24535806,0.22204208,0.01872231,0.22204208,0.01872231,0.21954374,0.02072844,0.21954374,0.02072844,0.21954374,0.02072844,0.21954374,0.02072844,0.21954374,0.02072844,0.21954374,0.02072844,0.21954374,0.02072844,0.21954374,0.02072844,0.21954374,0.02072844,0.21954374,0.02072844,0.23953374,0.00467682,0.24366006,0.00136347,0.21954374,0.02072844,0.22204208,0.01872231
42,591,394,0.1,0.10129737418476617,1.1183688777803546e-08,0.112,0.4544451,0.44290212,0.00793633,0.44384563,0.00728764,0.4399614,0.00995822,0.44194123,0.00859699,0.4399614,0.00995822,0.4409576,0.00927328,0.4399614,0.00995822,0.4409576,0.00927328,0.4399614,0.00995822,0.4399614,0.00995822,0.4399614,0.00995822,0.4399614,0.00995822,0.45411956,0.0002238,0.45424384,0.00013835,0.4399614,0.00995822,0.44384563,0.00728764
42,591,394,0.15,0.15146426159501117,1.1183688777803546e-08,0.2,0.663912,0.6536028,0.0061958,0.65569025,0.00494123,0.64967895,0.00855399,0.65251076,0.00685206,0.64967895,0.00855399,0.6508271,0.00786394,0.64967895,0.00855399,0.6513945,0.00752296,0.6479266,0.00960711,0.64851296,0.00925473,0.64851296,0.00925473,0.64851296,0.00925473,0.6638008,6.6869565e-05,0.663389,0.00031431,0.64910066,0.00890153,0.65466195,0.00555922
