img_index,width,height,noise_std,noise_std_est,avg_mass_loss,t_diff,max_rel_gain,rel_gain_synth_1,rel_error_synth_1,rel_gain_synth_2,rel_error_synth_2,rel_gain_synth_3,rel_error_synth_3,rel_gain_synth_4,rel_error_synth_4,rel_gain_synth_5,rel_error_synth_5,rel_gain_synth_6,rel_error_synth_6,rel_gain_synth_7,rel_error_synth_7,rel_gain_synth_8,rel_error_synth_8,rel_gain_synth_9,rel_error_synth_9,rel_gain_synth_10,rel_error_synth_10,rel_gain_synth_11,rel_error_synth_11,rel_gain_synth_12,rel_error_synth_12,rel_gain_synth_13,rel_error_synth_13,rel_gain_synth_14,rel_error_synth_14,rel_gain_synth_15,rel_error_synth_15,rel_gain_synth_16,rel_error_synth_16
54,380,570,0.05,0.05304584548744492,9.618344105878732e-08,0.049,0.18801351,0.15199883,0.03031503,0.15199883,0.03031503,0.14906096,0.03278797,0.15199883,0.03031503,0.14906096,0.03278797,0.14906096,0.03278797,0.14906096,0.03278797,0.14906096,0.03278797,0.14906096,0.03278797,0.14906096,0.03278797,0.14906096,0.03278797,0.14906096,0.03278797,0.1663807,0.01820922,0.1766925,0.00952936,0.14906096,0.03278797,0.15199883,0.03031503
54,380,570,0.1,0.10243191631182763,4.809172052939366e-08,0.10200000000000001,0.38530973,0.36727,0.01302216,0.36844575,0.01217342,0.36607814,0.01388251,0.36727,0.01302216,0.36607814,0.01388251,0.36727,0.01302216,0.36607814,0.01388251,0.36607814,0.01388251,0.36607814,0.01388251,0.36607814,0.01388251,0.36607814,0.01388251,0.36607814,0.01388251,0.3790019,0.00455337,0.38438842,0.00066505,0.36607814,0.01388251,0.36844575,0.01217342
54,380,570,0.15,0.1523335821289518,4.809172052939366e-08,0.165,0.595178,0.5860782,0.00570456,0.58667094,0.005333,0.5854761,0.00608204,0.5854761,0.00608204,0.5860782,0.00570456,0.5854761,0.00608204,0.58667094,0.005333,0.5854761,0.00608204,0.58667094,0.005333,0.5854761,0.00608204,0.5854761,0.00608204,0.5842391,0.00685748,0.59396464,0.00076065,0.59515685,1.3277666e-05,0.5842391,0.00685748,0.5860782,0.00570456
