img_index,width,height,noise_std,noise_std_est,t_diff,max_rel_gain,rel_gain_synth_1,rel_error_synth_1,rel_gain_synth_2,rel_error_synth_2,rel_gain_synth_3,rel_error_synth_3,rel_gain_synth_4,rel_error_synth_4,rel_gain_synth_5,rel_error_synth_5,rel_gain_synth_6,rel_error_synth_6,rel_gain_synth_7,rel_error_synth_7,rel_gain_synth_8,rel_error_synth_8,rel_gain_synth_9,rel_error_synth_9,rel_gain_synth_10,rel_error_synth_10
54,427,640,0.05,0.0568267159902894,0.39,0.1055327992035285,0.0753303693347761,0.0273193431171932,0.0814628246533478,0.021772284429301,0.0835306981070525,0.0199018076282559,0.0814628246533478,0.021772284429301,0.0753303693347761,0.0273193431171932,0.0753303693347761,0.0273193431171932,0.0773568096209788,0.0254863443245182,0.0835306981070525,0.0199018076282559,0.0773568096209788,0.0254863443245182,0.073327812907602,0.0291307379746021
54,427,640,0.1,0.1040710252378694,0.6900000000000001,0.2805661964822954,0.2770502009643973,0.002745656981698,0.2767286189013426,0.0029967818856179,0.2770502009643973,0.002745656981698,0.2767286189013426,0.0029967818856179,0.2770502009643973,0.002745656981698,0.2770502009643973,0.002745656981698,0.2767286189013426,0.0029967818856179,0.2770502009643973,0.002745656981698,0.2767286189013426,0.0029967818856179,0.2770502009643973,0.002745656981698
54,427,640,0.15,0.1536485779883445,1.1,0.4696817576451554,0.4679523915334613,0.0011766942759533,0.4694362667005182,0.0001670368046416,0.4696043534878496,5.266729133918863e-05,0.4692490407687503,0.0002944289633821,0.4679523915334613,0.0011766942759533,0.4681142134033335,0.0010665875341159,0.4685526849921937,0.0007682429526585,0.469522592207408,0.0001082992538482,0.4685526849921937,0.0007682429526585,0.4676028425527518,0.0014145341884998
