img_index,width,height,noise_std,noise_std_est,avg_mass_loss,t_diff,max_rel_gain,rel_gain_synth_1,rel_error_synth_1,rel_gain_synth_2,rel_error_synth_2,rel_gain_synth_3,rel_error_synth_3,rel_gain_synth_4,rel_error_synth_4,rel_gain_synth_5,rel_error_synth_5,rel_gain_synth_6,rel_error_synth_6,rel_gain_synth_7,rel_error_synth_7,rel_gain_synth_8,rel_error_synth_8,rel_gain_synth_9,rel_error_synth_9,rel_gain_synth_10,rel_error_synth_10
54,380,570,0.05,0.05325754741635364,0.00018131793000875513,0.049,0.20151761203605495,0.1646514047140792,0.030683035315232202,0.1676489317015945,0.028188251254234742,0.1646514047140792,0.030683035315232202,0.1646514047140792,0.030683035315232202,0.1646514047140792,0.030683035315232202,0.1646514047140792,0.030683035315232202,0.1646514047140792,0.030683035315232202,0.1646514047140792,0.030683035315232202,0.1646514047140792,0.030683035315232202,0.1646514047140792,0.030683035315232202
54,380,570,0.1,0.1022354276159146,0.00033811966631589895,0.1,0.3958929130449757,0.3792598036205704,0.011915748886583376,0.3792598036205704,0.011915748886583376,0.37674795772695774,0.013715203465182351,0.3792598036205704,0.011915748886583376,0.37801272011099274,0.012809143715028564,0.37801272011099274,0.012809143715028564,0.37801272011099274,0.012809143715028564,0.37801272011099274,0.012809143715028564,0.37801272011099274,0.012809143715028564,0.37801272011099274,0.012809143715028564
54,380,570,0.15,0.1515404952696137,0.0004776535740153874,0.158,0.6031593356823913,0.5945792673244801,0.005351974795605169,0.5952263726522908,0.0049483309946380385,0.5932530269782519,0.0061792415037291515,0.5945792673244801,0.005351974795605169,0.5932530269782519,0.0061792415037291515,0.5939270078939948,0.005758833562520973,0.5932530269782519,0.0061792415037291515,0.5939270078939948,0.005758833562520973,0.5925705677129449,0.00660493797077211,0.5932530269782519,0.0061792415037291515
