img_index,width,height,noise_std,noise_std_est,avg_mass_loss,t_diff,max_rel_gain,rel_gain_synth_1,rel_error_synth_1,rel_gain_synth_2,rel_error_synth_2,rel_gain_synth_3,rel_error_synth_3,rel_gain_synth_4,rel_error_synth_4,rel_gain_synth_5,rel_error_synth_5,rel_gain_synth_6,rel_error_synth_6,rel_gain_synth_7,rel_error_synth_7,rel_gain_synth_8,rel_error_synth_8,rel_gain_synth_9,rel_error_synth_9,rel_gain_synth_10,rel_error_synth_10,rel_gain_synth_11,rel_error_synth_11,rel_gain_synth_12,rel_error_synth_12,rel_gain_synth_13,rel_error_synth_13,rel_gain_synth_14,rel_error_synth_14,rel_gain_synth_15,rel_error_synth_15,rel_gain_synth_16,rel_error_synth_16
54,380,570,0.05,0.053128485890101954,4.809172052939366e-08,0.051000000000000004,0.18843213,0.15078358,0.03167918,0.15353562,0.02936349,0.14802755,0.03399821,0.15078358,0.03167918,0.15078358,0.03167918,0.15078358,0.03167918,0.15078358,0.03167918,0.15078358,0.03167918,0.15078358,0.03167918,0.15078358,0.03167918,0.15078358,0.03167918,0.15078358,0.03167918,0.16963996,0.01581258,0.17685656,0.0097402,0.15078358,0.03167918,0.15353562,0.02936349
54,380,570,0.1,0.10208315882641505,9.618344105878732e-08,0.108,0.38483155,0.36943588,0.01111737,0.36943588,0.01111737,0.3663537,0.01334303,0.36841568,0.01185406,0.36739206,0.01259321,0.36841568,0.01185406,0.36739206,0.01259321,0.36841568,0.01185406,0.3663537,0.01334303,0.36739206,0.01259321,0.36739206,0.01259321,0.3663537,0.01334303,0.3808147,0.00290061,0.3839674,0.00062402,0.36739206,0.01259321,0.36943588,0.01111737
54,380,570,0.15,0.15249257768795094,4.809172052939366e-08,0.194,0.5920632,0.58052224,0.00724902,0.58101517,0.00693942,0.5769583,0.00948759,0.5795198,0.00787869,0.5774786,0.00916079,0.579011,0.00819826,0.5774786,0.00916079,0.579011,0.00819826,0.57644033,0.00981293,0.5769583,0.00948759,0.5769583,0.00948759,0.5769583,0.00948759,0.59102845,0.0006499,0.5919364,7.9603175e-05,0.5774786,0.00916079,0.5800218,0.00756339
