img_index,width,height,noise_std,noise_std_est,avg_mass_loss,t_diff,max_rel_gain,rel_gain_synth_1,rel_error_synth_1,rel_gain_synth_2,rel_error_synth_2,rel_gain_synth_3,rel_error_synth_3,rel_gain_synth_4,rel_error_synth_4,rel_gain_synth_5,rel_error_synth_5,rel_gain_synth_6,rel_error_synth_6,rel_gain_synth_7,rel_error_synth_7,rel_gain_synth_8,rel_error_synth_8,rel_gain_synth_9,rel_error_synth_9,rel_gain_synth_10,rel_error_synth_10,rel_gain_synth_11,rel_error_synth_11,rel_gain_synth_12,rel_error_synth_12,rel_gain_synth_13,rel_error_synth_13,rel_gain_synth_14,rel_error_synth_14,rel_gain_synth_15,rel_error_synth_15,rel_gain_synth_16,rel_error_synth_16
72,550,343,0.05,0.05077032698424773,2.7608445975792915e-08,0.07,0.4117329,0.38414863,0.01953932,0.38818216,0.01668216,0.37601012,0.02530422,0.38212815,0.02097052,0.37601012,0.02530422,0.38008192,0.02241997,0.37601012,0.02530422,0.38212815,0.02097052,0.37601012,0.02530422,0.37805507,0.02385568,0.37805507,0.02385568,0.38008192,0.02241997,0.4100966,0.00115909,0.39846903,0.00939547,0.37805507,0.02385568,0.39018714,0.01526195
72,550,343,0.1,0.10108286389878471,2.7608445975792915e-08,0.166,0.68297255,0.65983254,0.01374949,0.6673066,0.00930851,0.6434322,0.02349434,0.6559948,0.01602983,0.64535034,0.02235463,0.65018386,0.01948261,0.64535034,0.02235463,0.653086,0.01775819,0.6415251,0.02462753,0.64825076,0.02063121,0.6443981,0.02292043,0.6415251,0.02462753,0.67334396,0.00572119,0.6533465,0.0176034,0.64248586,0.02405666,0.6626718,0.01206241
72,550,343,0.15,0.15142511104859652,5.521689195158583e-08,0.342,0.94063693,0.9118808,0.01481789,0.9234574,0.00885253,0.8834706,0.02945752,0.9047164,0.0185097,0.8839587,0.029206,0.8945544,0.02374611,0.8839587,0.029206,0.8966523,0.02266507,0.87190115,0.0354192,0.8787071,0.03191213,0.88250566,0.02995475,0.874578,0.03403983,0.9211657,0.01003343,0.91294,0.01427207,0.8834706,0.02945752,0.9157699,0.01281387
