img_index,width,height,noise_std,noise_std_est,avg_mass_loss,t_diff,max_rel_gain,rel_gain_synth_1,rel_error_synth_1,rel_gain_synth_2,rel_error_synth_2,rel_gain_synth_3,rel_error_synth_3,rel_gain_synth_4,rel_error_synth_4,rel_gain_synth_5,rel_error_synth_5,rel_gain_synth_6,rel_error_synth_6,rel_gain_synth_7,rel_error_synth_7,rel_gain_synth_8,rel_error_synth_8,rel_gain_synth_9,rel_error_synth_9,rel_gain_synth_10,rel_error_synth_10
72,550,343,0.05,0.05062730922942611,0.00028624540739616435,0.065,0.42306409700173686,0.400147551579199,0.016103663546020792,0.4044783659950502,0.013060361122064039,0.39572451826743876,0.019211769021437668,0.40233192764031017,0.014568682749503308,0.39572451826743876,0.019211769021437668,0.400147551579199,0.016103663546020792,0.39572451826743876,0.019211769021437668,0.400147551579199,0.016103663546020792,0.39348682190961876,0.020784218472263256,0.39572451826743876,0.019211769021437668
72,550,343,0.1,0.1011466775103807,0.0005942680729339773,0.14300000000000002,0.6905062256849226,0.6646455310945693,0.0152976038759489,0.6717029000810535,0.011122896395279951,0.6573556520973083,0.019609850046061292,0.6658468887932257,0.014586954201665807,0.6573556520973083,0.019609850046061292,0.6622336565515164,0.016724321214464242,0.6573556520973083,0.019609850046061292,0.6646455310945693,0.0152976038759489,0.6561292148253081,0.020335335260706567,0.6573556520973083,0.019609850046061292
72,550,343,0.15,0.1511745235980712,0.0009607132053364868,0.242,0.9467349366927155,0.9153146048725836,0.016140015380579485,0.9235658968368305,0.01190148664781585,0.9035755756429589,0.02217012713763668,0.9153146048725836,0.016140015380579485,0.9027367215549154,0.02260103022168398,0.9094430138921688,0.019156137847868265,0.9027367215549154,0.02260103022168398,0.9119737576233125,0.01785614385102598,0.898592666363093,0.024729751042230155,0.9002404713509726,0.023883305562251732
