img_index,width,height,noise_std,noise_std_est,t_diff,max_rel_gain,rel_gain_synth_1,rel_error_synth_1,rel_gain_synth_2,rel_error_synth_2,rel_gain_synth_3,rel_error_synth_3,rel_gain_synth_4,rel_error_synth_4,rel_gain_synth_5,rel_error_synth_5,rel_gain_synth_6,rel_error_synth_6,rel_gain_synth_7,rel_error_synth_7,rel_gain_synth_8,rel_error_synth_8,rel_gain_synth_9,rel_error_synth_9,rel_gain_synth_10,rel_error_synth_10
72,640,400,0.05,0.0510677901141249,0.86,0.2742919679661122,0.2738934496995162,0.0003127370152321,0.2726792389189975,0.0012655883327027,0.2726792389189975,0.0012655883327027,0.2737610037007066,0.0004166739481636,0.2736991859090147,0.0004651854300264,0.2734767958578632,0.00063970591414,0.2742257235230178,5.198529439066367e-05,0.2738974467905476,0.0003096002999957,0.2741794144777336,8.832629507837332e-05,0.2735912525645943,0.0005498860693882
72,640,400,0.1,0.1013062992944419,50.0,0.5201940605841461,0.5200363210234519,0.0001037627792294,0.5200363210234519,0.0001037627792294,0.5200363210234519,0.0001037627792294,0.5200363210234519,0.0001037627792294,0.5200363210234519,0.0001037627792294,0.5200363210234519,0.0001037627792294,0.5200363210234519,0.0001037627792294,0.5200363210234519,0.0001037627792294,0.5200363210234519,0.0001037627792294,0.5200363210234519,0.0001037627792294
72,640,400,0.15,0.1517211362057902,50.0,0.7204992361280955,0.7204992361280955,0.0,0.7204992361280955,0.0,0.7204992361280955,0.0,0.7204992361280955,0.0,0.7204992361280955,0.0,0.7204992361280955,0.0,0.7204992361280955,0.0,0.7204992361280955,0.0,0.7204992361280955,0.0,0.7204992361280955,0.0
