img_index,width,height,noise_std,noise_std_est,avg_mass_loss,t_diff,max_rel_gain,rel_gain_synth_1,rel_error_synth_1,rel_gain_synth_2,rel_error_synth_2,rel_gain_synth_3,rel_error_synth_3,rel_gain_synth_4,rel_error_synth_4,rel_gain_synth_5,rel_error_synth_5,rel_gain_synth_6,rel_error_synth_6,rel_gain_synth_7,rel_error_synth_7,rel_gain_synth_8,rel_error_synth_8,rel_gain_synth_9,rel_error_synth_9,rel_gain_synth_10,rel_error_synth_10,rel_gain_synth_11,rel_error_synth_11,rel_gain_synth_12,rel_error_synth_12,rel_gain_synth_13,rel_error_synth_13,rel_gain_synth_14,rel_error_synth_14,rel_gain_synth_15,rel_error_synth_15,rel_gain_synth_16,rel_error_synth_16
72,550,343,0.05,0.05078487846402396,2.7608445975792915e-08,0.067,0.41221935,0.38467354,0.01950533,0.38899964,0.01644199,0.3781139,0.02415025,0.38467354,0.01950533,0.3781139,0.02415025,0.38249692,0.0210466,0.3781139,0.02415025,0.38249692,0.0210466,0.3781139,0.02415025,0.3781139,0.02415025,0.3781139,0.02415025,0.3803012,0.0226014,0.41031128,0.00135111,0.39742956,0.01047273,0.38249692,0.0210466,0.38899964,0.01644199
72,550,343,0.1,0.1012860403086219,5.521689195158583e-08,0.152,0.68516344,0.6547877,0.0180254,0.66055614,0.01460231,0.6454424,0.02357102,0.6524574,0.01940821,0.6454424,0.02357102,0.64894557,0.0214922,0.6477789,0.02218451,0.6524574,0.01940821,0.644271,0.02426614,0.64310837,0.02495608,0.6454424,0.02357102,0.64310837,0.02495608,0.6809065,0.00252616,0.6522713,0.01951867,0.644271,0.02426614,0.6594113,0.0152817
72,550,343,0.15,0.15119157352775764,5.521689195158583e-08,0.25,0.9463917,0.9231223,0.01195517,0.9291043,0.00888175,0.9208158,0.01314014,0.9169223,0.01514055,0.9169223,0.01514055,0.9184857,0.01433729,0.9261483,0.01040049,0.92158574,0.0127446,0.9184857,0.01433729,0.9114362,0.01795912,0.91535443,0.01594606,0.89972025,0.02397844,0.934263,0.00623137,0.9066149,0.02043618,0.900496,0.02357989,0.9246451,0.01117278
