img_index,width,height,noise_std,noise_std_est,avg_mass_loss,t_diff,max_rel_gain,rel_gain_synth_1,rel_error_synth_1,rel_gain_synth_2,rel_error_synth_2,rel_gain_synth_3,rel_error_synth_3,rel_gain_synth_4,rel_error_synth_4,rel_gain_synth_5,rel_error_synth_5,rel_gain_synth_6,rel_error_synth_6,rel_gain_synth_7,rel_error_synth_7,rel_gain_synth_8,rel_error_synth_8,rel_gain_synth_9,rel_error_synth_9,rel_gain_synth_10,rel_error_synth_10
50,224,158,0.05,0.05379645344847173,0.0006928983941303913,0.067,0.2710635083142987,0.22997551197238333,0.032325683235455975,0.2439431740483353,0.021336726362265534,0.22080401334278635,0.03954129328924499,0.2346297676883134,0.028663981294140228,0.21855523200499616,0.041310505703164836,0.2230750035014226,0.03775460824653767,0.2163186591606734,0.043070113173360354,0.2230750035014226,0.03775460824653767,0.21855523200499616,0.041310505703164836,0.2230750035014226,0.03775460824653767
50,224,158,0.1,0.10356167413670303,0.0014360240479813673,0.14200000000000002,0.4784530823984459,0.44532575782064904,0.022406747276724884,0.458922869601093,0.01320989690499321,0.4327116137616232,0.030938735345336678,0.4476239890049926,0.02085226359935638,0.42930120101795793,0.033245479322719214,0.4349933997460165,0.029395374915737082,0.42817741700968304,0.03400558731779459,0.4338468090051742,0.030170908988811775,0.42930120101795793,0.033245479322719214,0.4349933997460165,0.029395374915737082
50,224,158,0.15,0.1528749152108021,0.002285750255124893,0.234,0.6874410813026497,0.6535134895582341,0.02010594154684475,0.6686042211365887,0.011162973554916354,0.635958259127981,0.030509404295719526,0.6551588528010861,0.019130877432853993,0.6317779073185741,0.032986736307916244,0.6393122685655068,0.02852177374986566,0.6292730106781002,0.03447117133099883,0.6384819587661669,0.029013826366422198,0.6309360767778711,0.03348561626884096,0.6393122685655068,0.02852177374986566
