img_index,width,height,noise_std,noise_std_est,t_diff,max_rel_gain,rel_gain_synth_1,rel_error_synth_1,rel_gain_synth_2,rel_error_synth_2,rel_gain_synth_3,rel_error_synth_3,rel_gain_synth_4,rel_error_synth_4,rel_gain_synth_5,rel_error_synth_5,rel_gain_synth_6,rel_error_synth_6,rel_gain_synth_7,rel_error_synth_7,rel_gain_synth_8,rel_error_synth_8,rel_gain_synth_9,rel_error_synth_9,rel_gain_synth_10,rel_error_synth_10
50,640,453,0.05,0.0513727997697393,0.54,0.1935040407107133,0.1863854711728158,0.0059644285189503,0.1910330520517213,0.0020703647199389,0.1915608460844455,0.0016281424779347,0.1904620732387325,0.0025487701492567,0.1863854711728158,0.0059644285189503,0.1856321685620165,0.0065955974007505,0.1878418427047263,0.0047441800051344,0.1898530153569539,0.0030590808486792,0.1878418427047263,0.0047441800051344,0.1863854711728158,0.0059644285189503
50,640,453,0.1,0.1013221528737523,1.07,0.4086630138622899,0.4086618494899708,8.265797480255362e-07,0.4086579362980427,3.604527269646631e-06,0.4086630138622899,0.0,0.4086420761230068,1.4863554361162804e-05,0.4086630138622899,0.0,0.4086579362980427,3.604527269646631e-06,0.4086420761230068,1.4863554361162804e-05,0.4086420761230068,1.4863554361162804e-05,0.4086240689014527,2.7646754726992104e-05,0.4086462758062564,1.1882228658544363e-05
50,640,453,0.15,0.1509774057899704,1.91,0.6098860242178046,0.603281685649588,0.0041023640610989,0.6090651565086784,0.0005098918164253,0.6098374592966926,3.01666828467063e-05,0.6089934287970131,0.0005544463442529,0.603507452916817,0.0039621260170183,0.603507452916817,0.0039621260170183,0.6057820802766654,0.0025492139688169,0.6093956020284919,0.0003046316210807,0.6054530415206002,0.0027536003359978,0.602313012847289,0.0047040667827369
