img_index,width,height,noise_std,noise_std_est,avg_mass_loss,t_diff,max_rel_gain,rel_gain_synth_1,rel_error_synth_1,rel_gain_synth_2,rel_error_synth_2,rel_gain_synth_3,rel_error_synth_3,rel_gain_synth_4,rel_error_synth_4,rel_gain_synth_5,rel_error_synth_5,rel_gain_synth_6,rel_error_synth_6,rel_gain_synth_7,rel_error_synth_7,rel_gain_synth_8,rel_error_synth_8,rel_gain_synth_9,rel_error_synth_9,rel_gain_synth_10,rel_error_synth_10,rel_gain_synth_11,rel_error_synth_11,rel_gain_synth_12,rel_error_synth_12,rel_gain_synth_13,rel_error_synth_13,rel_gain_synth_14,rel_error_synth_14,rel_gain_synth_15,rel_error_synth_15,rel_gain_synth_16,rel_error_synth_16
50,224,158,0.05,0.05357463249653914,3.679032926461724e-08,0.07100000000000001,0.26059508,0.2202928,0.03197083,0.23100995,0.02346917,0.20190969,0.04655371,0.21817186,0.03365332,0.20585033,0.0434277,0.20786951,0.04182592,0.20190969,0.04655371,0.20786951,0.04182592,0.20786951,0.04182592,0.21193907,0.03859765,0.20585033,0.0434277,0.20786951,0.04182592,0.26059508,0.,0.26059508,0.,0.20786951,0.04182592,0.2331577,0.02176542
50,224,158,0.1,0.103721823562087,3.679032926461724e-08,0.166,0.48079616,0.4508792,0.02020332,0.46310407,0.01194769,0.4248548,0.0377779,0.448971,0.02149193,0.42932,0.03476248,0.43481416,0.03105222,0.42395964,0.0383824,0.4320639,0.03290949,0.43023995,0.03414124,0.43575615,0.03041609,0.43023995,0.03414124,0.42751318,0.03598267,0.47585693,0.00333553,0.47762907,0.00213879,0.42932,0.03476248,0.46401823,0.01133034
50,224,158,0.15,0.15407071705235906,3.679032926461724e-08,0.331,0.69341135,0.6581786,0.02080577,0.67523116,0.01073584,0.6161915,0.04560017,0.65347594,0.02358282,0.61956334,0.04360901,0.63117397,0.03675267,0.6119709,0.04809254,0.62601703,0.03979797,0.61859417,0.04418134,0.63489616,0.03455461,0.62053806,0.04303342,0.61859417,0.04418134,0.6805897,0.00757152,0.6900655,0.00197582,0.62053806,0.04303342,0.6729271,0.01209644
