img_index,width,height,noise_std,noise_std_est,avg_mass_loss,t_diff,max_rel_gain,rel_gain_synth_1,rel_error_synth_1,rel_gain_synth_2,rel_error_synth_2,rel_gain_synth_3,rel_error_synth_3,rel_gain_synth_4,rel_error_synth_4,rel_gain_synth_5,rel_error_synth_5,rel_gain_synth_6,rel_error_synth_6,rel_gain_synth_7,rel_error_synth_7,rel_gain_synth_8,rel_error_synth_8,rel_gain_synth_9,rel_error_synth_9,rel_gain_synth_10,rel_error_synth_10,rel_gain_synth_11,rel_error_synth_11,rel_gain_synth_12,rel_error_synth_12,rel_gain_synth_13,rel_error_synth_13,rel_gain_synth_14,rel_error_synth_14,rel_gain_synth_15,rel_error_synth_15,rel_gain_synth_16,rel_error_synth_16
50,224,158,0.05,0.05333435757711859,3.679032926461724e-08,0.068,0.26236466,0.21934545,0.03407826,0.23096757,0.02487165,0.20371568,0.0464596,0.21934545,0.03407826,0.20588332,0.04474248,0.20807491,0.04300638,0.20371568,0.0464596,0.20807491,0.04300638,0.20588332,0.04474248,0.21028802,0.04125324,0.20588332,0.04474248,0.20588332,0.04474248,0.26236466,0.,0.26230398,4.8061047e-05,0.20807491,0.04300638,0.23096757,0.02487165
50,224,158,0.1,0.10338139613655821,3.679032926461724e-08,0.14200000000000002,0.47748142,0.44938186,0.01901857,0.45934,0.01227862,0.43029252,0.03193877,0.44825035,0.01978441,0.43361467,0.02969024,0.43694773,0.02743433,0.43029252,0.03193877,0.4347151,0.02894543,0.43249527,0.03044787,0.43807942,0.02666837,0.43249527,0.03044787,0.4314009,0.03118857,0.47354758,0.00266255,0.47252378,0.00335548,0.43361467,0.02969024,0.4604138,0.01155183
50,224,158,0.15,0.1529700888867648,2.2074197558770343e-07,0.23600000000000002,0.68767744,0.6639368,0.01406706,0.67517936,0.0074055,0.63860726,0.02907557,0.6609357,0.01584529,0.6424599,0.02679275,0.6471102,0.0240373,0.63860726,0.02907557,0.6447935,0.02541003,0.64324564,0.0263272,0.6494491,0.02265145,0.6416944,0.02724634,0.6362882,0.03044966,0.67513967,0.00742903,0.6774916,0.00603543,0.6401531,0.02815963,0.67387974,0.00817555
