img_index,width,height,noise_std,noise_std_est,avg_mass_loss,t_diff,max_rel_gain,rel_gain_synth_1,rel_error_synth_1,rel_gain_synth_2,rel_error_synth_2,rel_gain_synth_3,rel_error_synth_3,rel_gain_synth_4,rel_error_synth_4,rel_gain_synth_5,rel_error_synth_5,rel_gain_synth_6,rel_error_synth_6,rel_gain_synth_7,rel_error_synth_7,rel_gain_synth_8,rel_error_synth_8,rel_gain_synth_9,rel_error_synth_9,rel_gain_synth_10,rel_error_synth_10,rel_gain_synth_11,rel_error_synth_11,rel_gain_synth_12,rel_error_synth_12,rel_gain_synth_13,rel_error_synth_13,rel_gain_synth_14,rel_error_synth_14,rel_gain_synth_15,rel_error_synth_15,rel_gain_synth_16,rel_error_synth_16
39,256,170,0.05,0.05120173378471919,1.495959712009804e-08,0.051000000000000004,0.2720287,0.25729746,0.01158092,0.26166764,0.00814531,0.24777597,0.01906619,0.2549912,0.01339397,0.25021583,0.0171481,0.25021583,0.0171481,0.24777597,0.01906619,0.25021583,0.0171481,0.25021583,0.0171481,0.25262964,0.01525049,0.25021583,0.0171481,0.25021583,0.0171481,0.27059403,0.00112787,0.27059403,0.00112787,0.25021583,0.0171481,0.26367787,0.00656498
39,256,170,0.1,0.10184769207371826,1.495959712009804e-08,0.112,0.50933796,0.5047051,0.00306947,0.5076949,0.00108857,0.4970054,0.00817083,0.5039549,0.00356652,0.49887735,0.00693059,0.49979657,0.00632156,0.49796313,0.0075363,0.49887735,0.00693059,0.49887735,0.00693059,0.50066316,0.00574743,0.49796313,0.0075363,0.49796313,0.0075363,0.4971643,0.00806555,0.49304646,0.01079379,0.49887735,0.00693059,0.5081499,0.00078713
39,256,170,0.15,0.1517583862812136,5.983838848039216e-08,0.186,0.7445825,0.74230695,0.00130434,0.7445197,3.5984925e-05,0.7343985,0.00583752,0.74156624,0.00172892,0.7361656,0.00482461,0.7372859,0.00418241,0.73558986,0.00515459,0.7367332,0.00449923,0.7367332,0.00449923,0.73885816,0.00328121,0.73558986,0.00515459,0.7337863,0.00618842,0.71287286,0.01817607,0.7150528,0.01692653,0.7343985,0.00583752,0.7443168,0.00015229
