img_index,width,height,noise_std,noise_std_est,t_diff,max_rel_gain,rel_gain_synth_1,rel_error_synth_1,rel_gain_synth_2,rel_error_synth_2,rel_gain_synth_3,rel_error_synth_3,rel_gain_synth_4,rel_error_synth_4,rel_gain_synth_5,rel_error_synth_5,rel_gain_synth_6,rel_error_synth_6,rel_gain_synth_7,rel_error_synth_7,rel_gain_synth_8,rel_error_synth_8,rel_gain_synth_9,rel_error_synth_9,rel_gain_synth_10,rel_error_synth_10
39,640,427,0.05,0.0504924716324443,0.66,0.2403581735342308,0.2384749412041093,0.0015182971905248,0.2403368395018246,1.7199896659989086e-05,0.2403368395018246,1.7199896659989086e-05,0.2402773543635772,6.515792968359946e-05,0.2381765289163848,0.0017588827682166,0.2378651460994965,0.002009925429548,0.2392764103324849,0.0008721377621623,0.240182174967476,0.0001418933421895,0.2390266085656846,0.0010735326270734,0.2381765289163848,0.0017588827682166
39,640,427,0.1,0.1007729453354417,1.54,0.4762989362119687,0.4756527582318453,0.0004377013112137,0.4752034664119233,0.0007420379255005,0.4753919301215027,0.0006143783404689,0.4761712477914424,8.649225261515863e-05,0.475299218590037,0.0006771783122034,0.4750024411070758,0.0008782063531249,0.4762361366736325,4.253849731634478e-05,0.4761042044307143,0.0001319053861503,0.4762361366736325,4.253849731634478e-05,0.4747880192404889,0.0010234492042354
39,640,427,0.15,0.1516868281868612,50.0,0.6863421366755292,0.6825940495502575,0.0022226136937198,0.6863421366755289,2.559221068336697e-16,0.6863421366755289,2.559221068336697e-16,0.6863421366755289,2.559221068336697e-16,0.6821682747433484,0.0024750979302511,0.6820299124621313,0.0025571466902316,0.6863421366755289,2.559221068336697e-16,0.6863421366755289,2.559221068336697e-16,0.6863421366755289,2.559221068336697e-16,0.6795710392074432,0.0040152572368467
