img_index,width,height,noise_std,noise_std_est,avg_mass_loss,t_diff,max_rel_gain,rel_gain_synth_1,rel_error_synth_1,rel_gain_synth_2,rel_error_synth_2,rel_gain_synth_3,rel_error_synth_3,rel_gain_synth_4,rel_error_synth_4,rel_gain_synth_5,rel_error_synth_5,rel_gain_synth_6,rel_error_synth_6,rel_gain_synth_7,rel_error_synth_7,rel_gain_synth_8,rel_error_synth_8,rel_gain_synth_9,rel_error_synth_9,rel_gain_synth_10,rel_error_synth_10
39,256,170,0.05,0.05137473650533056,0.0004402746650312144,0.049,0.2855837267247502,0.2714327997213226,0.0110073943137718,0.2798502022612281,0.00445986079656536,0.2665613789423013,0.014796661926416606,0.27373765499355196,0.009214547045783011,0.2665613789423013,0.014796661926416606,0.269029368888007,0.012876919248906724,0.2665613789423013,0.014796661926416606,0.269029368888007,0.012876919248906724,0.2665613789423013,0.014796661926416606,0.269029368888007,0.012876919248906724
39,256,170,0.1,0.10155308570718521,0.0009238468993460988,0.109,0.5127723560303439,0.5060280453943133,0.004458245557664874,0.5105161741322468,0.0014914219506346965,0.5011521863362003,0.007681373636834543,0.5068988485246018,0.0038826116053275136,0.5001007371563998,0.008376421490934427,0.5021882575180089,0.006996491223642284,0.4990270682127953,0.009086157453073413,0.5011521863362003,0.007681373636834543,0.5001007371563998,0.008376421490934427,0.5021882575180089,0.006996491223642284
39,256,170,0.15,0.15203709512444324,0.0014321557068315066,0.181,0.744843657174388,0.7402976878679605,0.0026053734314450366,0.7440620141694266,0.00044797309016625185,0.7338771902123088,0.006285071397077728,0.7402976878679605,0.0026053734314450366,0.731865153604028,0.007438204286667986,0.7345248658549568,0.005913877313306983,0.7311791810994512,0.00783134696266436,0.7345248658549568,0.005913877313306983,0.7325464038881011,0.0070477679967047594,0.7357913855364833,0.005188013035256149
