img_index,width,height,noise_std,noise_std_est,avg_mass_loss,t_diff,max_rel_gain,rel_gain_synth_1,rel_error_synth_1,rel_gain_synth_2,rel_error_synth_2,rel_gain_synth_3,rel_error_synth_3,rel_gain_synth_4,rel_error_synth_4,rel_gain_synth_5,rel_error_synth_5,rel_gain_synth_6,rel_error_synth_6,rel_gain_synth_7,rel_error_synth_7,rel_gain_synth_8,rel_error_synth_8,rel_gain_synth_9,rel_error_synth_9,rel_gain_synth_10,rel_error_synth_10,rel_gain_synth_11,rel_error_synth_11,rel_gain_synth_12,rel_error_synth_12,rel_gain_synth_13,rel_error_synth_13,rel_gain_synth_14,rel_error_synth_14,rel_gain_synth_15,rel_error_synth_15,rel_gain_synth_16,rel_error_synth_16
39,256,170,0.05,0.05133704242156614,1.495959712009804e-08,0.051000000000000004,0.27350762,0.26228502,0.00881236,0.2660466,0.00585863,0.2537107,0.01554521,0.2602548,0.01040654,0.2537107,0.01554521,0.2559508,0.01378617,0.2537107,0.01554521,0.2537107,0.01554521,0.2559508,0.01378617,0.25812832,0.01207632,0.2537107,0.01554521,0.2559508,0.01378617,0.2708708,0.00207052,0.2708708,0.00207052,0.2559508,0.01378617,0.2660466,0.00585863
39,256,170,0.1,0.1016239514988012,1.495959712009804e-08,0.12,0.5065895,0.50167924,0.00325916,0.5054026,0.00078778,0.49207464,0.00963424,0.5009912,0.00371585,0.49469036,0.00789805,0.49637982,0.00677666,0.49295077,0.00905271,0.49469036,0.00789805,0.49469036,0.00789805,0.4972084,0.0062267,0.49469036,0.00789805,0.4938318,0.00846791,0.49168408,0.00989347,0.49359417,0.00862564,0.49469036,0.00789805,0.5054026,0.00078778
39,256,170,0.15,0.15259624564434374,2.991919424019608e-08,0.23,0.7429651,0.73879045,0.00239513,0.7426282,0.00019328,0.7221129,0.01196366,0.73766893,0.00303861,0.7246274,0.01052099,0.729123,0.00794169,0.72110283,0.01254317,0.7266367,0.00936818,0.7246274,0.01052099,0.7324793,0.00601609,0.72412735,0.01080788,0.72412735,0.01080788,0.71161383,0.01798734,0.7247475,0.01045208,0.72362053,0.01109865,0.7423353,0.00036134
