img_index,width,height,noise_std,noise_std_est,avg_mass_loss,t_diff,max_rel_gain,rel_gain_synth_1,rel_error_synth_1,rel_gain_synth_2,rel_error_synth_2,rel_gain_synth_3,rel_error_synth_3,rel_gain_synth_4,rel_error_synth_4,rel_gain_synth_5,rel_error_synth_5,rel_gain_synth_6,rel_error_synth_6,rel_gain_synth_7,rel_error_synth_7,rel_gain_synth_8,rel_error_synth_8,rel_gain_synth_9,rel_error_synth_9,rel_gain_synth_10,rel_error_synth_10
2,200,133,0.05,0.052406533843818846,0.000656681778869861,0.059000000000000004,0.21271346499194418,0.17223389491097602,0.03337933588561009,0.1828888264963719,0.024593310255502432,0.16418363905568947,0.04001755347589636,0.17490790458115069,0.031174355280243073,0.16418363905568947,0.04001755347589636,0.16686508156195343,0.037806443775484345,0.1615217901214531,0.04221250637373862,0.16686508156195343,0.037806443775484345,0.16418363905568947,0.04001755347589636,0.16686508156195343,0.037806443775484345
2,200,133,0.1,0.10335672435051824,0.0013645292965073414,0.129,0.4118867359998495,0.36489444491849016,0.03328332923822041,0.37587521013391517,0.025505959470914795,0.3539152794244409,0.041059565967489026,0.36647218680417243,0.03216585866111706,0.35079689208670145,0.04326823275231518,0.35547826636188196,0.0399525459087347,0.34924691104503597,0.04436604109780391,0.35547826636188196,0.0399525459087347,0.35235547736067,0.04216433026904349,0.35704047298287367,0.038846078526359684
2,200,133,0.15,0.1527907547752216,0.002027100970141251,0.2,0.6023374738682914,0.5582237996058897,0.02753082604746453,0.569407584667639,0.020551157129936305,0.545716259111924,0.035336635184394054,0.5593534161020396,0.02682584565814441,0.5411720703036205,0.03817261005386595,0.5468569466145619,0.03462474550993986,0.5400412580577371,0.03887833669655219,0.545716259111924,0.035336635184394054,0.5400412580577371,0.03887833669655219,0.545716259111924,0.035336635184394054
