img_index,width,height,noise_std,noise_std_est,avg_mass_loss,t_diff,max_rel_gain,rel_gain_synth_1,rel_error_synth_1,rel_gain_synth_2,rel_error_synth_2,rel_gain_synth_3,rel_error_synth_3,rel_gain_synth_4,rel_error_synth_4,rel_gain_synth_5,rel_error_synth_5,rel_gain_synth_6,rel_error_synth_6,rel_gain_synth_7,rel_error_synth_7,rel_gain_synth_8,rel_error_synth_8,rel_gain_synth_9,rel_error_synth_9,rel_gain_synth_10,rel_error_synth_10,rel_gain_synth_11,rel_error_synth_11,rel_gain_synth_12,rel_error_synth_12,rel_gain_synth_13,rel_error_synth_13,rel_gain_synth_14,rel_error_synth_14,rel_gain_synth_15,rel_error_synth_15,rel_gain_synth_16,rel_error_synth_16
2,200,133,0.05,0.05216601123887645,2.4475250626566417e-08,0.06,0.20273806,0.16018468,0.03538042,0.16797774,0.028901,0.14981808,0.0439996,0.16018468,0.03538042,0.15240423,0.04184937,0.15498808,0.03970106,0.14981808,0.0439996,0.15240423,0.04184937,0.15240423,0.04184937,0.15498808,0.03970106,0.15240423,0.04184937,0.15240423,0.04184937,0.19998558,0.00228851,0.1986933,0.00336297,0.15240423,0.04184937,0.17054674,0.02676504
2,200,133,0.1,0.1024609835113204,2.4475250626566417e-08,0.13,0.40425608,0.36158744,0.03038524,0.37048647,0.02404805,0.3467211,0.04097186,0.36158744,0.03038524,0.34820193,0.03991734,0.35263792,0.03675837,0.34526414,0.04200941,0.34967026,0.03887171,0.34820193,0.03991734,0.35263792,0.03675837,0.34820193,0.03991734,0.34820193,0.03991734,0.40399453,0.00018627,0.40371227,0.00038727,0.34967026,0.03887171,0.37196302,0.02299657
2,200,133,0.15,0.15477524114965732,1.468515037593985e-07,0.227,0.60104764,0.5469967,0.03375972,0.5583001,0.02669972,0.524799,0.04762422,0.5439319,0.03567397,0.52676696,0.04639503,0.53175396,0.04328019,0.5238163,0.04823799,0.52875006,0.04515641,0.52775687,0.04577673,0.5327565,0.04265403,0.52676696,0.04639503,0.5228349,0.04885096,0.60104764,0.,0.60028785,0.00047457,0.52676696,0.04639503,0.5583001,0.02669972
