img_index,width,height,noise_std,noise_std_est,t_diff,max_rel_gain,rel_gain_synth_1,rel_error_synth_1,rel_gain_synth_2,rel_error_synth_2,rel_gain_synth_3,rel_error_synth_3,rel_gain_synth_4,rel_error_synth_4,rel_gain_synth_5,rel_error_synth_5,rel_gain_synth_6,rel_error_synth_6,rel_gain_synth_7,rel_error_synth_7,rel_gain_synth_8,rel_error_synth_8,rel_gain_synth_9,rel_error_synth_9,rel_gain_synth_10,rel_error_synth_10
2,640,427,0.05,0.051044080638261,0.87,0.2787107601375658,0.2773675850382879,0.0010504135424131,0.2780576619222369,0.0005107474150437,0.2778446714646297,0.0006773139789977,0.2786557603612521,4.301189763025607e-05,0.2769807786055892,0.0013529107487846,0.2765622430741885,0.0016802213059865,0.278162626593452,0.0004286610867768,0.2786557603612521,4.301189763025607e-05,0.2780261120608069,0.0005354205955733,0.2767751970822225,0.0015136832469721
2,640,427,0.1,0.1012488540772452,3.33,0.5126449158736106,0.510686981899745,0.0012943777837872,0.5115642076871164,0.000714449356325,0.5112369335080615,0.0009308082490303,0.5092798618066695,0.0022246159899315,0.5113871685785565,0.0008314887928127,0.5118198876784548,0.0005454209289292,0.5090910661915528,0.0023494275786497,0.5094736037059241,0.0020965344440105,0.5091177259025846,0.0023318030120696,0.5120830944611586,0.0003714165873009
2,640,427,0.15,0.1515638663457074,50.0,0.7084922320676911,0.7079878614614736,0.0002952138714772,0.7079878614614736,0.0002952138714772,0.7079878614614736,0.0002952138714772,0.7079878614614736,0.0002952138714772,0.7079878614614736,0.0002952138714772,0.7079878614614736,0.0002952138714772,0.7079878614614736,0.0002952138714772,0.7079878614614736,0.0002952138714772,0.7079878614614736,0.0002952138714772,0.7079878614614736,0.0002952138714772
