img_index,width,height,noise_std,noise_std_est,avg_mass_loss,t_diff,psnr_start,max_rel_gain,rel_gain_synth_2,rel_error_synth_2,rel_gain_synth_3,rel_error_synth_3,rel_gain_synth_4,rel_error_synth_4,rel_gain_synth_8,rel_error_synth_8
2,200,133,0.05,0.0524001856443344,0.0008632337966284,0.401,26.012007396240392,0.1867671515699745,0.1867651379975177,1.696687049474962e-06,0.1867671515699745,0.0,0.1865185649803288,0.0002094653439951,0.1863856741445015,0.0003214425213643
2,200,133,0.1,0.1024930155443892,0.0015558532751595,1.231,20.00479598620879,0.3674938598540381,0.3668707451009967,0.0004556618287909,0.3664907901890009,0.0007335094470876,0.3656489704493703,0.0013491025143357,0.3650511851383751,0.0017862418160501
2,200,133,0.15,0.1527707466839404,0.0018717708503425,50.0,16.479645827567488,0.5238094739975819,0.5227803877754013,0.0006753378553822,0.5227803877754013,0.0006753378553822,0.5227803877754013,0.0006753378553822,0.5227803877754013,0.0006753378553822
