img_index,width,height,noise_std,noise_std_est,avg_mass_loss,t_diff,psnr_start,max_rel_gain,rel_gain_synth_1,rel_error_synth_1
2,200,133,0.05,0.0520439795171382,0.0008302395598052,0.179,26.014240063743124,0.2194538025192663,0.1942912534911322,0.0206342782122215
2,200,133,0.1,0.1016762107481423,0.001464287625499,0.367,19.98755390816085,0.4210441011274961,0.3978304736350588,0.0163356137040496
2,200,133,0.15,0.153856616510878,0.0022798433869378,0.725,16.451157480361697,0.612215428235762,0.5772679310253163,0.0216766919596399
