img_index,width,height,noise_std,noise_std_est,avg_mass_loss,t_diff,max_rel_gain,rel_gain_synth_1,rel_error_synth_1,rel_gain_synth_2,rel_error_synth_2,rel_gain_synth_3,rel_error_synth_3,rel_gain_synth_4,rel_error_synth_4,rel_gain_synth_5,rel_error_synth_5,rel_gain_synth_6,rel_error_synth_6,rel_gain_synth_7,rel_error_synth_7,rel_gain_synth_8,rel_error_synth_8,rel_gain_synth_9,rel_error_synth_9,rel_gain_synth_10,rel_error_synth_10,rel_gain_synth_11,rel_error_synth_11,rel_gain_synth_12,rel_error_synth_12,rel_gain_synth_13,rel_error_synth_13,rel_gain_synth_14,rel_error_synth_14,rel_gain_synth_15,rel_error_synth_15,rel_gain_synth_16,rel_error_synth_16
2,200,133,0.05,0.0521865017687328,2.4475250626566417e-08,0.062,0.20261262,0.16437545,0.03179508,0.17163615,0.02575765,0.14991276,0.04382114,0.16194479,0.03381624,0.1522971,0.04183852,0.15469818,0.03984196,0.14991276,0.04382114,0.15469818,0.03984196,0.15469818,0.03984196,0.15710491,0.03784071,0.15469818,0.03984196,0.15469818,0.03984196,0.20070782,0.00158388,0.19835766,0.0035381,0.15469818,0.03984196,0.17163615,0.02575765
2,200,133,0.1,0.10307270984601376,2.4475250626566417e-08,0.145,0.40228942,0.35808885,0.03152029,0.36827374,0.02425724,0.33826536,0.04565682,0.35555637,0.03332625,0.34188837,0.04307317,0.34556013,0.04045476,0.33706632,0.04651187,0.3431068,0.04220428,0.34188837,0.04307317,0.34556013,0.04045476,0.34188837,0.04307317,0.34067863,0.04393585,0.40220174,6.251186e-05,0.4005579,0.00123478,0.34188837,0.04307317,0.36827374,0.02425724
2,200,133,0.15,0.15421491249368716,2.4475250626566417e-08,0.28700000000000003,0.5924626,0.53219616,0.03784481,0.5466602,0.02876203,0.5029533,0.05620811,0.52850205,0.04016456,0.5048952,0.05498867,0.5122296,0.05038296,0.49850655,0.05900048,0.5081933,0.05291762,0.5036003,0.05580182,0.5135903,0.04952852,0.5055514,0.05457662,0.5029533,0.05620811,0.5924626,0.,0.5875645,0.00307579,0.50621104,0.05416239,0.5443402,0.03021889
