img_index,width,height,noise_std,noise_std_est,avg_mass_loss,t_diff,max_rel_gain,rel_gain_synth_2,rel_error_synth_2,rel_gain_synth_3,rel_error_synth_3,rel_gain_synth_4,rel_error_synth_4,rel_gain_synth_8,rel_error_synth_8
2,200,133,0.05,0.052400185644334414,0.0008632337966284974,0.401,0.1867671515699745,0.1867651379975177,1.696687049474962e-06,0.1867671515699745,0.0,0.18651856498032882,0.00020946534399510458,0.1863856741445015,0.00032144252136433627
2,200,133,0.1,0.10249301554438925,0.001555853275159578,1.231,0.36749385985403815,0.3668707451009967,0.0004556618287909062,0.3664907901890009,0.0007335094470876158,0.36564897044937034,0.0013491025143357804,0.3650511851383751,0.0017862418160501004
2,200,133,0.15,0.15277074668394042,0.0018717708503425998,50.0,0.5238094739975819,0.5227803877754013,0.0006753378553822299,0.5227803877754013,0.0006753378553822299,0.5227803877754013,0.0006753378553822299,0.5227803877754013,0.0006753378553822299
