img_index,width,height,noise_std,noise_std_est,avg_mass_loss,t_diff,max_rel_gain,rel_gain_synth_1,rel_error_synth_1
2,200,133,0.05,0.05204397951713827,0.0008302395598052625,0.179,0.2194538025192663,0.19429125349113227,0.02063427821222154
2,200,133,0.1,0.1016762107481423,0.0014642876254990476,0.367,0.4210441011274961,0.3978304736350588,0.016335613704049685
2,200,133,0.15,0.153856616510878,0.002279843386937833,0.725,0.612215428235762,0.5772679310253163,0.021676691959639997
