energy,prior,fidelity,mass,psnr,ssim_indices
5506.83637537267,5506.83637537267,0.0,0.0,26.0114662272849,0.7278116328458623
3199.2923783729825,3072.1188081260375,127.17357024694518,11.573903040931327,28.234180513240254,0.7984561668248916
2448.0309704436,2143.9737707051704,304.0571997384295,22.05557864558068,28.587637412912045,0.822247448915158
2137.866816660255,1689.7043797209578,448.1624369392975,31.549671207758365,28.271147282783836,0.8266397074572248
1987.2306607651813,1429.0936995404684,558.136961224713,40.15614551285398,27.83917439849281,0.8236968104092156
1905.9185003126693,1263.7015355099377,642.2169648027316,47.96719242451945,27.444542652587955,0.8182883571613809
