img_index,width,height,noise_std,noise_std_est,avg_mass_loss,t_diff,max_rel_gain,rel_gain_synth_1,rel_error_synth_1,rel_gain_synth_2,rel_error_synth_2,rel_gain_synth_3,rel_error_synth_3,rel_gain_synth_4,rel_error_synth_4,rel_gain_synth_5,rel_error_synth_5,rel_gain_synth_6,rel_error_synth_6,rel_gain_synth_7,rel_error_synth_7,rel_gain_synth_8,rel_error_synth_8,rel_gain_synth_9,rel_error_synth_9,rel_gain_synth_10,rel_error_synth_10
57,510,340,0.05,0.054389946157987014,0.00022309188972013692,0.049,0.14992002639922672,0.10207140893040628,0.041610387131572966,0.10207140893040628,0.041610387131572966,0.10207140893040628,0.041610387131572966,0.10207140893040628,0.041610387131572966,0.10207140893040628,0.041610387131572966,0.10207140893040628,0.041610387131572966,0.10207140893040628,0.041610387131572966,0.10207140893040628,0.041610387131572966,0.09879668345950038,0.044458172539015725,0.10207140893040628,0.041610387131572966
57,510,340,0.1,0.10315973489908134,0.0004170387462956061,0.096,0.3116168091178031,0.2835712534649316,0.02138243079679267,0.2835712534649316,0.02138243079679267,0.28200011138272946,0.022580297484136303,0.2835712534649316,0.02138243079679267,0.28200011138272946,0.022580297484136303,0.28200011138272946,0.022580297484136303,0.28200011138272946,0.022580297484136303,0.2835712534649316,0.02138243079679267,0.28200011138272946,0.022580297484136303,0.28200011138272946,0.022580297484136303
57,510,340,0.15,0.1529698254073863,0.0006390366836010398,0.153,0.4853951394967856,0.4633892601855438,0.014814831909775058,0.4643636410373739,0.014158857734337697,0.46141059338944473,0.016146913012968524,0.4633892601855438,0.014814831909775058,0.46141059338944473,0.016146913012968524,0.46239872665887927,0.015481680413803491,0.46141059338944473,0.016146913012968524,0.46239872665887927,0.015481680413803491,0.46141059338944473,0.016146913012968524,0.46141059338944473,0.016146913012968524
