img_index,width,height,noise_std,noise_std_est,avg_mass_loss,t_diff,max_rel_gain,rel_gain_synth_1,rel_error_synth_1,rel_gain_synth_2,rel_error_synth_2,rel_gain_synth_3,rel_error_synth_3,rel_gain_synth_4,rel_error_synth_4,rel_gain_synth_5,rel_error_synth_5,rel_gain_synth_6,rel_error_synth_6,rel_gain_synth_7,rel_error_synth_7,rel_gain_synth_8,rel_error_synth_8,rel_gain_synth_9,rel_error_synth_9,rel_gain_synth_10,rel_error_synth_10,rel_gain_synth_11,rel_error_synth_11,rel_gain_synth_12,rel_error_synth_12,rel_gain_synth_13,rel_error_synth_13,rel_gain_synth_14,rel_error_synth_14,rel_gain_synth_15,rel_error_synth_15,rel_gain_synth_16,rel_error_synth_16
57,510,340,0.05,0.05432620065822613,6.00730488273741e-08,0.049,0.13955204,0.08741617,0.0457512,0.09056251,0.04299017,0.08741617,0.0457512,0.08741617,0.0457512,0.08741617,0.0457512,0.08741617,0.0457512,0.08741617,0.0457512,0.08741617,0.0457512,0.08741617,0.0457512,0.08741617,0.0457512,0.08741617,0.0457512,0.08741617,0.0457512,0.10631016,0.02917101,0.11543296,0.02116541,0.08741617,0.0457512,0.09056251,0.04299017
57,510,340,0.1,0.10302084634809636,6.00730488273741e-08,0.099,0.3041461,0.2752911,0.02212559,0.2752911,0.02212559,0.27380005,0.02326891,0.27380005,0.02326891,0.27380005,0.02326891,0.27380005,0.02326891,0.27380005,0.02326891,0.27380005,0.02326891,0.27380005,0.02326891,0.27380005,0.02326891,0.27380005,0.02326891,0.2723033,0.02441659,0.28809726,0.012306,0.29545376,0.00666515,0.27380005,0.02326891,0.2752911,0.02212559
57,510,340,0.15,0.15276104556879405,9.010957324106113e-08,0.157,0.47982338,0.45958135,0.01367869,0.46046662,0.01308046,0.45958135,0.01367869,0.45868626,0.01428354,0.45868626,0.01428354,0.45868626,0.01428354,0.45958135,0.01367869,0.45958135,0.01367869,0.45868626,0.01428354,0.45868626,0.01428354,0.45868626,0.01428354,0.45778972,0.01488939,0.47099242,0.00596757,0.47544563,0.00295829,0.45778972,0.01488939,0.45958135,0.01367869
