img_index,width,height,noise_std,noise_std_est,t_diff,max_rel_gain,rel_gain_synth_1,rel_error_synth_1,rel_gain_synth_2,rel_error_synth_2,rel_gain_synth_3,rel_error_synth_3,rel_gain_synth_4,rel_error_synth_4,rel_gain_synth_5,rel_error_synth_5,rel_gain_synth_6,rel_error_synth_6,rel_gain_synth_7,rel_error_synth_7,rel_gain_synth_8,rel_error_synth_8,rel_gain_synth_9,rel_error_synth_9,rel_gain_synth_10,rel_error_synth_10
57,640,427,0.05,0.0573881830020891,0.3,0.0806828473849247,0.0392094558214153,0.0383770239935501,0.0497069608665923,0.0286632536023764,0.0497069608665923,0.0286632536023764,0.0461964732283852,0.0319116512675211,0.0392094558214153,0.0383770239935501,0.0392094558214153,0.0383770239935501,0.0426922445234339,0.0351542572859574,0.0461964732283852,0.0319116512675211,0.0426922445234339,0.0351542572859574,0.0392094558214153,0.0383770239935501
57,640,427,0.1,0.105126422286804,0.53,0.2266198725443016,0.2132030042080396,0.0109380816637448,0.2132030042080396,0.0109380816637448,0.2132030042080396,0.0109380816637448,0.2121196505827813,0.011821284071848,0.2132030042080396,0.0109380816637448,0.2132030042080396,0.0109380816637448,0.2121196505827813,0.011821284071848,0.2121196505827813,0.011821284071848,0.2121196505827813,0.011821284071848,0.2132030042080396,0.0109380816637448
57,640,427,0.15,0.1535117938389938,0.74,0.3854574235865471,0.3844144198322259,0.0007528226682139,0.38343656302064,0.0014586233625828,0.3831613639422733,0.0016572574553247,0.38343656302064,0.0014586233625828,0.3844144198322259,0.0007528226682139,0.3844144198322259,0.0007528226682139,0.3841909956894817,0.0009140864782312,0.38343656302064,0.0014586233625828,0.3841909956894817,0.0009140864782312,0.3846213843587913,0.0006034391339082
