img_index,width,height,noise_std,noise_std_est,avg_mass_loss,t_diff,max_rel_gain,rel_gain_synth_1,rel_error_synth_1,rel_gain_synth_2,rel_error_synth_2,rel_gain_synth_3,rel_error_synth_3,rel_gain_synth_4,rel_error_synth_4,rel_gain_synth_5,rel_error_synth_5,rel_gain_synth_6,rel_error_synth_6,rel_gain_synth_7,rel_error_synth_7,rel_gain_synth_8,rel_error_synth_8,rel_gain_synth_9,rel_error_synth_9,rel_gain_synth_10,rel_error_synth_10,rel_gain_synth_11,rel_error_synth_11,rel_gain_synth_12,rel_error_synth_12,rel_gain_synth_13,rel_error_synth_13,rel_gain_synth_14,rel_error_synth_14,rel_gain_synth_15,rel_error_synth_15,rel_gain_synth_16,rel_error_synth_16
57,510,340,0.05,0.05441945883468367,6.00730488273741e-08,0.051000000000000004,0.1393243,0.08836399,0.04472855,0.08836399,0.04472855,0.08540493,0.04732575,0.08836399,0.04472855,0.08540493,0.04732575,0.08836399,0.04472855,0.08540493,0.04732575,0.08836399,0.04472855,0.08540493,0.04732575,0.08836399,0.04472855,0.08836399,0.04472855,0.08836399,0.04472855,0.10625276,0.02902734,0.11494805,0.02139537,0.08540493,0.04732575,0.09133982,0.04211663
57,510,340,0.1,0.10300367574203709,6.00730488273741e-08,0.106,0.3043079,0.2750772,0.02241088,0.2763746,0.02141617,0.27247357,0.02440706,0.2750772,0.02241088,0.27247357,0.02440706,0.27378017,0.0234053,0.27247357,0.02440706,0.27378017,0.0234053,0.27247357,0.02440706,0.27378017,0.0234053,0.27247357,0.02440706,0.27247357,0.02440706,0.28992185,0.01102963,0.29528323,0.00691913,0.27247357,0.02440706,0.2750772,0.02241088
57,510,340,0.15,0.1524390865547487,6.00730488273741e-08,0.178,0.47884333,0.45816016,0.01398606,0.45958304,0.01302389,0.45527583,0.01593645,0.45744973,0.01446644,0.45527583,0.01593645,0.4567231,0.01495779,0.45527583,0.01593645,0.4567231,0.01495779,0.45455506,0.01642384,0.45527583,0.01593645,0.45527583,0.01593645,0.45455506,0.01642384,0.47230628,0.00442039,0.4738279,0.00339147,0.45527583,0.01593645,0.45888045,0.01349898
