img_index,width,height,noise_std,noise_std_est,t_diff,max_rel_gain,rel_gain_synth_1,rel_error_synth_1,rel_gain_synth_2,rel_error_synth_2,rel_gain_synth_3,rel_error_synth_3,rel_gain_synth_4,rel_error_synth_4,rel_gain_synth_5,rel_error_synth_5,rel_gain_synth_6,rel_error_synth_6,rel_gain_synth_7,rel_error_synth_7,rel_gain_synth_8,rel_error_synth_8,rel_gain_synth_9,rel_error_synth_9,rel_gain_synth_10,rel_error_synth_10
16,452,640,0.05,0.052121266469986,0.39,0.1384080459506358,0.1228627680645591,0.013655277596967,0.1263421672841441,0.010598904943979,0.1296122723812667,0.0077263803612914,0.1263421672841441,0.010598904943979,0.1228627680645591,0.013655277596967,0.1228627680645591,0.013655277596967,0.1246232304476361,0.0121088528423818,0.1280091111352202,0.009134628705766,0.1246232304476361,0.0121088528423818,0.1210700465716099,0.0152300393876325
16,452,640,0.1,0.1016826963996247,0.71,0.3200816661248782,0.3162397277864686,0.0029103792871298,0.3158049463138146,0.0032397388137492,0.3162397277864686,0.0029103792871298,0.3158049463138146,0.0032397388137492,0.3162397277864686,0.0029103792871298,0.3162397277864686,0.0029103792871298,0.3158049463138146,0.0032397388137492,0.3162397277864686,0.0029103792871298,0.3158049463138146,0.0032397388137492,0.3166611543553649,0.0025911364859375
16,452,640,0.15,0.1523511075261204,1.1,0.5018989077851198,0.5018418886062095,3.796472493242604e-05,0.5016716595899192,0.0001513072511223,0.5015467237689941,0.000234492491006,0.5017723189399482,8.428586272713457e-05,0.5018418886062095,3.796472493242604e-05,0.5018711270883603,1.8497048380246504e-05,0.5018989077851198,0.0,0.5016716595899192,0.0001513072511223,0.5018989077851198,0.0,0.5017498777842433,9.922771772721377e-05
