energy,prior,fidelity,mass,psnr,ssim_indices
6796.194032415966,6796.194032415966,0.0,0.0,26.019617947546614,0.4057050140012383
3550.1434632446467,3371.54988477608,178.59357846856682,8.325071882805787,28.484536915191782,0.5295749447002667
2576.063759650346,2163.0606037514845,413.0031558988618,15.78497891605366,29.357307569333525,0.6110290715648863
2205.839657327656,1615.3778562805753,590.4618010470805,22.478165742126293,29.51258778986244,0.6633354539034234
2038.6311878689135,1322.8844879208477,715.7466999480657,28.488021811586805,29.42962541009534,0.69789564353536
1953.5248567559934,1149.035611077533,804.4892456784603,33.886651913053356,29.28815388753188,0.7215342111918791
