img_index,width,height,noise_std,noise_std_est,avg_mass_loss,t_diff,max_rel_gain,rel_gain_synth_1,rel_error_synth_1,rel_gain_synth_2,rel_error_synth_2,rel_gain_synth_3,rel_error_synth_3,rel_gain_synth_4,rel_error_synth_4,rel_gain_synth_5,rel_error_synth_5,rel_gain_synth_6,rel_error_synth_6,rel_gain_synth_7,rel_error_synth_7,rel_gain_synth_8,rel_error_synth_8,rel_gain_synth_9,rel_error_synth_9,rel_gain_synth_10,rel_error_synth_10,rel_gain_synth_11,rel_error_synth_11,rel_gain_synth_12,rel_error_synth_12,rel_gain_synth_13,rel_error_synth_13,rel_gain_synth_14,rel_error_synth_14,rel_gain_synth_15,rel_error_synth_15,rel_gain_synth_16,rel_error_synth_16
16,452,640,0.05,0.05212823270591727,7.201788348082596e-08,0.067,0.34355775,0.30164462,0.03119563,0.29927742,0.03295751,0.29692602,0.03470764,0.29927742,0.03295751,0.29692602,0.03470764,0.30164462,0.03119563,0.29927742,0.03295751,0.30164462,0.03119563,0.29460174,0.0364376,0.29927742,0.03295751,0.29927742,0.03295751,0.29927742,0.03295751,0.3361847,0.00548769,0.34337935,0.00013278,0.29927742,0.03295751,0.29692602,0.03470764
16,452,640,0.1,0.10169080371400396,1.4403576696165192e-07,0.133,0.56649095,0.5529585,0.0086387,0.55115724,0.00978859,0.5474542,0.01215248,0.55115724,0.00978859,0.54839253,0.01155348,0.5520648,0.00920923,0.54931974,0.01096156,0.5529585,0.0086387,0.54931974,0.01096156,0.5474542,0.01215248,0.54931974,0.01096156,0.54651374,0.01275286,0.56637084,7.666357e-05,0.55963326,0.00437774,0.54651374,0.01275286,0.550244,0.01037157
16,452,640,0.15,0.15151776929231195,2.1605365044247787e-07,0.23,0.78799206,0.7798093,0.00457652,0.77845347,0.00533483,0.77408344,0.00777893,0.77845347,0.00533483,0.77408344,0.00777893,0.77845347,0.00533483,0.77508277,0.00722002,0.7798093,0.00457652,0.7704892,0.00978912,0.77256453,0.00862841,0.771006,0.00950008,0.77306986,0.00834581,0.78665966,0.00074519,0.77949303,0.00475342,0.77306986,0.00834581,0.774593,0.00749394
