img_index,width,height,noise_std,noise_std_est,avg_mass_loss,t_diff,max_rel_gain,rel_gain_synth_1,rel_error_synth_1,rel_gain_synth_2,rel_error_synth_2,rel_gain_synth_3,rel_error_synth_3,rel_gain_synth_4,rel_error_synth_4,rel_gain_synth_5,rel_error_synth_5,rel_gain_synth_6,rel_error_synth_6,rel_gain_synth_7,rel_error_synth_7,rel_gain_synth_8,rel_error_synth_8,rel_gain_synth_9,rel_error_synth_9,rel_gain_synth_10,rel_error_synth_10
16,452,640,0.05,0.05208919271423355,0.00022923530991191479,0.063,0.355789916738311,0.31569750724592016,0.02957125510185465,0.31569750724592016,0.02957125510185465,0.31300129576800306,0.03155991975013841,0.31569750724592016,0.02957125510185465,0.31300129576800306,0.03155991975013841,0.31569750724592016,0.02957125510185465,0.31300129576800306,0.03155991975013841,0.31840516152137366,0.02757415050472987,0.31032696125939674,0.03353244844030609,0.31032696125939674,0.03353244844030609
16,452,640,0.1,0.10208365478609042,0.00044977196067898993,0.125,0.5665610580020434,0.5422555983650389,0.015515169046780158,0.5422555983650389,0.015515169046780158,0.5397800705339594,0.017095399717288948,0.543485225968364,0.01473024745241005,0.5397800705339594,0.017095399717288948,0.543485225968364,0.01473024745241005,0.5410227370509918,0.01630215485097181,0.5447056088020986,0.013951227172606162,0.5397800705339594,0.017095399717288948,0.5397800705339594,0.017095399717288948
16,452,640,0.15,0.15222967870133539,0.0006955993002909716,0.197,0.7800583666230541,0.7610161789303973,0.010697507480488755,0.7602027869530527,0.011154454282119617,0.7577433844861134,0.012536095756946641,0.7610161789303973,0.010697507480488755,0.7585663804084171,0.01207375365753279,0.7618183347841727,0.01024687290085016,0.7585663804084171,0.01207375365753279,0.7634097297743259,0.0093528600864433,0.7569115760099622,0.013003388566973563,0.7569115760099622,0.013003388566973563
