img_index,width,height,noise_std,noise_std_est,avg_mass_loss,t_diff,max_rel_gain,rel_gain_synth_1,rel_error_synth_1,rel_gain_synth_2,rel_error_synth_2,rel_gain_synth_3,rel_error_synth_3,rel_gain_synth_4,rel_error_synth_4,rel_gain_synth_5,rel_error_synth_5,rel_gain_synth_6,rel_error_synth_6,rel_gain_synth_7,rel_error_synth_7,rel_gain_synth_8,rel_error_synth_8,rel_gain_synth_9,rel_error_synth_9,rel_gain_synth_10,rel_error_synth_10,rel_gain_synth_11,rel_error_synth_11,rel_gain_synth_12,rel_error_synth_12,rel_gain_synth_13,rel_error_synth_13,rel_gain_synth_14,rel_error_synth_14,rel_gain_synth_15,rel_error_synth_15,rel_gain_synth_16,rel_error_synth_16
16,452,640,0.05,0.05195401716677966,1.4403576696165192e-07,0.063,0.3419945,0.30148745,0.03018419,0.29889506,0.03211594,0.29630703,0.03404444,0.30148745,0.03018419,0.29889506,0.03211594,0.30148745,0.03018419,0.29889506,0.03211594,0.30411187,0.02822859,0.29630703,0.03404444,0.29889506,0.03211594,0.29889506,0.03211594,0.29889506,0.03211594,0.33385682,0.00606385,0.34181106,0.00013669,0.30148745,0.03018419,0.29889506,0.03211594
16,452,640,0.1,0.10175374113801978,7.201788348082596e-08,0.12,0.56137305,0.5462187,0.0097058,0.5451302,0.01040296,0.5451302,0.01040296,0.5451302,0.01040296,0.5451302,0.01040296,0.5462187,0.0097058,0.5462187,0.0097058,0.5472916,0.00901866,0.5462187,0.0097058,0.5440266,0.01110976,0.5451302,0.01040296,0.5440266,0.01110976,0.5606299,0.00047599,0.55296165,0.00538719,0.5440266,0.01110976,0.5440266,0.01110976
16,452,640,0.15,0.151865071395914,1.4403576696165192e-07,0.188,0.7828369,0.7759027,0.00388941,0.7753168,0.00421807,0.77756494,0.00295705,0.7740978,0.00490179,0.77808005,0.00266814,0.7753168,0.00421807,0.7790545,0.00212155,0.77647305,0.00356952,0.77951044,0.00186581,0.7747141,0.00455609,0.7759027,0.00388941,0.7715021,0.00635776,0.78280365,1.8649755e-05,0.77192783,0.00611893,0.7715021,0.00635776,0.7728266,0.0056148
