img_index,width,height,noise_std,noise_std_est,t_diff,max_rel_gain,rel_gain_synth_1,rel_error_synth_1,rel_gain_synth_2,rel_error_synth_2,rel_gain_synth_3,rel_error_synth_3,rel_gain_synth_4,rel_error_synth_4,rel_gain_synth_5,rel_error_synth_5,rel_gain_synth_6,rel_error_synth_6,rel_gain_synth_7,rel_error_synth_7,rel_gain_synth_8,rel_error_synth_8,rel_gain_synth_9,rel_error_synth_9,rel_gain_synth_10,rel_error_synth_10
31,512,640,0.05,0.0529860258282923,0.37,0.1309809903325866,0.1078824627955124,0.0204234445446175,0.1125773330397852,0.0162722958653703,0.1170585532141263,0.0123100540481817,0.1125773330397852,0.0162722958653703,0.1078824627955124,0.0204234445446175,0.1078824627955124,0.0204234445446175,0.1102503159246367,0.0183298168449794,0.1148513379644342,0.0142616476368972,0.1102503159246367,0.0183298168449794,0.1078824627955124,0.0204234445446175
31,512,640,0.1,0.1020481417386726,0.65,0.3012418057674296,0.2926576206475387,0.0065969177149425,0.2909379443498585,0.007918483230328,0.2926576206475387,0.0065969177149425,0.2909379443498585,0.007918483230328,0.2926576206475387,0.0065969177149425,0.2926576206475387,0.0065969177149425,0.2918066215583888,0.0072509076846606,0.2918066215583888,0.0072509076846606,0.2918066215583888,0.0072509076846606,0.2926576206475387,0.0065969177149425
31,512,640,0.15,0.1516647265174341,0.9,0.4670258779226717,0.4658236594382802,0.0008194937134264,0.4637982640546563,0.0022001069760171,0.4637982640546563,0.0022001069760171,0.4641286844782724,0.0019748754865194,0.4658236594382802,0.0008194937134264,0.4658236594382802,0.0008194937134264,0.4653199539513881,0.0011628451801403,0.4641286844782724,0.0019748754865194,0.4653199539513881,0.0011628451801403,0.4660486984733771,0.0006660955774537
