img_index,width,height,noise_std,noise_std_est,avg_mass_loss,t_diff,max_rel_gain,rel_gain_synth_1,rel_error_synth_1,rel_gain_synth_2,rel_error_synth_2,rel_gain_synth_3,rel_error_synth_3,rel_gain_synth_4,rel_error_synth_4,rel_gain_synth_5,rel_error_synth_5,rel_gain_synth_6,rel_error_synth_6,rel_gain_synth_7,rel_error_synth_7,rel_gain_synth_8,rel_error_synth_8,rel_gain_synth_9,rel_error_synth_9,rel_gain_synth_10,rel_error_synth_10
31,512,640,0.05,0.052889997520656915,0.0002635910960137267,0.079,0.2996213896704197,0.2456576301639132,0.04152267724694155,0.2438209720798595,0.04293590274372987,0.2438209720798595,0.04293590274372987,0.24750433670242497,0.040101719917992,0.2438209720798595,0.04293590274372987,0.24750433670242497,0.040101719917992,0.2438209720798595,0.04293590274372987,0.24935907738029245,0.03867458068143494,0.241987280053973,0.04434684599263371,0.241987280053973,0.04434684599263371
31,512,640,0.1,0.10192589740865128,0.0004729354663554138,0.14400000000000002,0.502481578401575,0.4600719635003591,0.028226379285351138,0.4588360035961692,0.029048991636781603,0.4576032579905306,0.029869464661782072,0.4600719635003591,0.028226379285351138,0.4576032579905306,0.029869464661782072,0.46129949728275566,0.027409375070429284,0.4576032579905306,0.029869464661782072,0.4625311820134324,0.026589608127271736,0.4588360035961692,0.029048991636781603,0.4576032579905306,0.029869464661782072
31,512,640,0.15,0.15225403448059077,0.0007264599019032165,0.226,0.6929427917894657,0.641837327090178,0.030187354792578912,0.6398291303258776,0.03137357134640458,0.6388261275096581,0.031966032486310775,0.641837327090178,0.030187354792578912,0.6388261275096581,0.031966032486310775,0.6428434838332672,0.0295930306677657,0.6388261275096581,0.031966032486310775,0.6438415037337717,0.029003512873458207,0.6368119667129389,0.03315577191902371,0.6368119667129389,0.03315577191902371
