img_index,width,height,noise_std,noise_std_est,avg_mass_loss,t_diff,max_rel_gain,rel_gain_synth_1,rel_error_synth_1,rel_gain_synth_2,rel_error_synth_2,rel_gain_synth_3,rel_error_synth_3,rel_gain_synth_4,rel_error_synth_4,rel_gain_synth_5,rel_error_synth_5,rel_gain_synth_6,rel_error_synth_6,rel_gain_synth_7,rel_error_synth_7,rel_gain_synth_8,rel_error_synth_8,rel_gain_synth_9,rel_error_synth_9,rel_gain_synth_10,rel_error_synth_10,rel_gain_synth_11,rel_error_synth_11,rel_gain_synth_12,rel_error_synth_12,rel_gain_synth_13,rel_error_synth_13,rel_gain_synth_14,rel_error_synth_14,rel_gain_synth_15,rel_error_synth_15,rel_gain_synth_16,rel_error_synth_16
31,512,640,0.05,0.05303341217204819,1.2715657552083333e-07,0.091,0.28765604,0.22814663,0.0462153,0.22671175,0.04732963,0.22530225,0.04842426,0.22814663,0.0462153,0.22530225,0.04842426,0.22814663,0.0462153,0.22671175,0.04732963,0.22957179,0.04510851,0.22388361,0.04952598,0.22671175,0.04732963,0.22671175,0.04732963,0.22671175,0.04732963,0.26424685,0.01817969,0.28459123,0.00238014,0.22671175,0.04732963,0.22530225,0.04842426
31,512,640,0.1,0.10209955423525921,1.2715657552083333e-07,0.183,0.49903467,0.44955447,0.03300805,0.4469871,0.03472074,0.44443515,0.03642314,0.4478417,0.03415062,0.44443515,0.03642314,0.4486971,0.03358,0.44528407,0.03585681,0.45041344,0.03243503,0.44528407,0.03585681,0.4427437,0.0375515,0.44358864,0.03698782,0.4427437,0.0375515,0.48666537,0.00825151,0.49903467,0.,0.44189948,0.03811467,0.446135,0.03528915
31,512,640,0.15,0.1520383173694561,1.2715657552083333e-07,0.335,0.6913897,0.6276027,0.03771278,0.6238327,0.0399417,0.6190817,0.04275066,0.6249045,0.03930802,0.6180399,0.04336659,0.6249045,0.03930802,0.6190817,0.04275066,0.62705994,0.03803366,0.6129041,0.04640302,0.61494297,0.0451976,0.61443007,0.04550081,0.6170018,0.04398035,0.67813313,0.00783766,0.68828195,0.0018374,0.6180399,0.04336659,0.61751944,0.04367429
