img_index,width,height,noise_std,noise_std_est,avg_mass_loss,t_diff,max_rel_gain,rel_gain_synth_1,rel_error_synth_1,rel_gain_synth_2,rel_error_synth_2,rel_gain_synth_3,rel_error_synth_3,rel_gain_synth_4,rel_error_synth_4,rel_gain_synth_5,rel_error_synth_5,rel_gain_synth_6,rel_error_synth_6,rel_gain_synth_7,rel_error_synth_7,rel_gain_synth_8,rel_error_synth_8,rel_gain_synth_9,rel_error_synth_9,rel_gain_synth_10,rel_error_synth_10,rel_gain_synth_11,rel_error_synth_11,rel_gain_synth_12,rel_error_synth_12,rel_gain_synth_13,rel_error_synth_13,rel_gain_synth_14,rel_error_synth_14,rel_gain_synth_15,rel_error_synth_15,rel_gain_synth_16,rel_error_synth_16
31,512,640,0.05,0.05291383579376684,1.2715657552083333e-07,0.084,0.28618434,0.22762486,0.04552963,0.22597672,0.04681104,0.22434773,0.04807758,0.22762486,0.04552963,0.22434773,0.04807758,0.22762486,0.04552963,0.22597672,0.04681104,0.22926849,0.04425171,0.22434773,0.04807758,0.22434773,0.04807758,0.22597672,0.04681104,0.22597672,0.04681104,0.2615628,0.0191431,0.2836039,0.00200628,0.22762486,0.04552963,0.22597672,0.04681104
31,512,640,0.1,0.10223230325972436,1.9073486328125e-07,0.156,0.49894127,0.45244566,0.03101898,0.4490793,0.03326478,0.45020068,0.03251669,0.45020068,0.03251669,0.45020068,0.03251669,0.45244566,0.03101898,0.45244566,0.03101898,0.45356557,0.03027183,0.4513241,0.0317672,0.44795692,0.03401357,0.45020068,0.03251669,0.44795692,0.03401357,0.48346826,0.01032262,0.49890175,2.6354324e-05,0.4490793,0.03326478,0.4490793,0.03326478
31,512,640,0.15,0.15180095188464635,1.2715657552083333e-07,0.226,0.6902832,0.65309405,0.0220017,0.6513215,0.02305041,0.65919226,0.01839389,0.6513215,0.02305041,0.66005176,0.0178854,0.65309405,0.0220017,0.6617534,0.01687868,0.6557256,0.02044483,0.66259646,0.01637992,0.6522067,0.02252667,0.6557256,0.02044483,0.64595664,0.02622431,0.6794244,0.00642424,0.6902832,0.,0.64595664,0.02622431,0.64775413,0.0251609
