img_index,width,height,noise_std,noise_std_est,avg_mass_loss,t_diff,max_rel_gain,rel_gain_synth_1,rel_error_synth_1,rel_gain_synth_2,rel_error_synth_2,rel_gain_synth_3,rel_error_synth_3,rel_gain_synth_4,rel_error_synth_4,rel_gain_synth_5,rel_error_synth_5,rel_gain_synth_6,rel_error_synth_6,rel_gain_synth_7,rel_error_synth_7,rel_gain_synth_8,rel_error_synth_8,rel_gain_synth_9,rel_error_synth_9,rel_gain_synth_10,rel_error_synth_10,rel_gain_synth_11,rel_error_synth_11,rel_gain_synth_12,rel_error_synth_12,rel_gain_synth_13,rel_error_synth_13,rel_gain_synth_14,rel_error_synth_14,rel_gain_synth_15,rel_error_synth_15,rel_gain_synth_16,rel_error_synth_16
32,365,555,0.05,0.05964463332455101,5.1421284297996625e-08,0.048,0.07061096,0.01165817,0.07684316,0.01165817,0.07684316,0.01543388,0.08036985,0.01543388,0.08036985,0.01543388,0.08036985,0.01543388,0.08036985,0.01543388,0.08036985,0.01543388,0.08036985,0.01543388,0.08036985,0.01543388,0.08036985,0.01543388,0.08036985,0.01543388,0.08036985,0.00012421,0.06606991,0.00768596,0.05877485,0.01543388,0.08036985,0.01165817,0.07684316
32,365,555,0.1,0.10611788785662638,5.1421284297996625e-08,0.089,0.19094238,0.14377762,0.03960288,0.14377762,0.03960288,0.14190698,0.04117361,0.14377762,0.03960288,0.14190698,0.04117361,0.14190698,0.04117361,0.14190698,0.04117361,0.14190698,0.04117361,0.14190698,0.04117361,0.14190698,0.04117361,0.14190698,0.04117361,0.14190698,0.04117361,0.1531358,0.03174509,0.16049409,0.02556654,0.14190698,0.04117361,0.14377762,0.03960288
32,365,555,0.15,0.15480790228460567,7.713192644699494e-08,0.139,0.33077687,0.2997905,0.02328444,0.30087316,0.02247088,0.2997905,0.02328444,0.2997905,0.02328444,0.2997905,0.02328444,0.2997905,0.02328444,0.2997905,0.02328444,0.2987092,0.02409695,0.2997905,0.02328444,0.2997905,0.02328444,0.2987092,0.02409695,0.2987092,0.02409695,0.3072606,0.01767109,0.31236756,0.01383351,0.2987092,0.02409695,0.2997905,0.02328444
