img_index,width,height,noise_std,noise_std_est,t_diff,max_rel_gain,rel_gain_synth_1,rel_error_synth_1,rel_gain_synth_2,rel_error_synth_2,rel_gain_synth_3,rel_error_synth_3,rel_gain_synth_4,rel_error_synth_4,rel_gain_synth_5,rel_error_synth_5,rel_gain_synth_6,rel_error_synth_6,rel_gain_synth_7,rel_error_synth_7,rel_gain_synth_8,rel_error_synth_8,rel_gain_synth_9,rel_error_synth_9,rel_gain_synth_10,rel_error_synth_10
32,422,640,0.05,0.0647978117245346,0.23,0.0445396738640449,0.0313510910613388,0.0726547462238964,0.025002485304037,0.066576848068227,0.0185186291313224,0.0603694666398806,0.025002485304037,0.066576848068227,0.0313510910613388,0.0726547462238964,0.0313510910613388,0.0726547462238964,0.025002485304037,0.066576848068227,0.0185186291313224,0.0603694666398806,0.025002485304037,0.066576848068227,0.0313510910613388,0.0726547462238964
32,422,640,0.1,0.1095854146936273,0.38,0.148785310457346,0.116527330695674,0.0280800768150749,0.1139052406766983,0.0303625659756752,0.116527330695674,0.0280800768150749,0.1139052406766983,0.0303625659756752,0.116527330695674,0.0280800768150749,0.116527330695674,0.0280800768150749,0.1139052406766983,0.0303625659756752,0.116527330695674,0.0280800768150749,0.1139052406766983,0.0303625659756752,0.116527330695674,0.0280800768150749
32,422,640,0.15,0.1572469432522525,0.52,0.2748064187800133,0.2625561782067182,0.0096094908158828,0.2602218819814396,0.011440589397511,0.2602218819814396,0.011440589397511,0.2602218819814396,0.011440589397511,0.2625561782067182,0.0096094908158828,0.261393264199986,0.0105217187350402,0.261393264199986,0.0105217187350402,0.2602218819814396,0.011440589397511,0.261393264199986,0.0105217187350402,0.2625561782067182,0.0096094908158828
