energy,prior,fidelity,mass,psnr,ssim_indices
19275.68537260246,19275.68537260246,0.0,0.0,19.9970667251092,0.6514984045291718
10147.795800592477,9649.260369836527,498.53543075595036,-20.339016346086282,22.460389647404,0.724149769936642
7346.524811769292,6188.179820611336,1158.3449911579557,-38.57180246830103,23.31882498051737,0.7462885694834694
6250.290356120132,4587.566316313701,1662.7240398064316,-54.919061994645745,23.447600657170284,0.7478514877557482
5738.044837427855,3716.1182382276015,2021.9265992002531,-69.58792359905783,23.337965262059992,0.7421367054239373
5467.197213738809,3189.314053382601,2277.883160356208,-82.76598751184065,23.175384884069253,0.7344685606614308
5310.716835820471,2847.5725141108987,2463.144321709572,-94.61992361774901,23.019318352994304,0.7268978047582672
