energy,prior,fidelity,mass,psnr,ssim_indices
10213.754813283504,10213.754813283504,0.0,0.0,26.012293754689324,0.8393709460765947
6106.877802981533,5879.6001459229365,227.2776570585967,-20.12191384373,27.548337468396937,0.8747341312566927
4649.211066855845,4086.6501550732796,562.5609117825661,-38.28266498388257,26.85244970692213,0.8708329120763132
4017.997707820502,3170.8445599695015,847.1531478510008,-54.65728039955138,25.93166740705964,0.8549768889577067
