img_index,width,height,noise_std,noise_std_est,avg_mass_loss,t_diff,max_rel_gain,rel_gain_synth_1,rel_error_synth_1,rel_gain_synth_2,rel_error_synth_2,rel_gain_synth_3,rel_error_synth_3,rel_gain_synth_4,rel_error_synth_4,rel_gain_synth_5,rel_error_synth_5,rel_gain_synth_6,rel_error_synth_6,rel_gain_synth_7,rel_error_synth_7,rel_gain_synth_8,rel_error_synth_8,rel_gain_synth_9,rel_error_synth_9,rel_gain_synth_10,rel_error_synth_10
32,365,555,0.05,0.05976224974923725,0.00020313958900451104,0.048,0.07811833041932051,0.0026442976039741726,0.07491072709234345,0.0026442976039741726,0.07491072709234345,0.00655756026768197,0.07854044245223886,0.0026442976039741726,0.07491072709234345,0.0026442976039741726,0.07491072709234345,0.0026442976039741726,0.07491072709234345,0.0026442976039741726,0.07491072709234345,0.0026442976039741726,0.07491072709234345,0.00655756026768197,0.07854044245223886,0.0026442976039741726,0.07491072709234345
32,365,555,0.1,0.10614101736994379,0.00035072620233133993,0.08700000000000001,0.19652722770819636,0.14774789099766053,0.040767427251920334,0.14774789099766053,0.040767427251920334,0.14774789099766053,0.040767427251920334,0.14774789099766053,0.040767427251920334,0.14774789099766053,0.040767427251920334,0.14774789099766053,0.040767427251920334,0.14774789099766053,0.040767427251920334,0.14774789099766053,0.040767427251920334,0.14774789099766053,0.040767427251920334,0.14774789099766053,0.040767427251920334
32,365,555,0.15,0.1547547538269557,0.0005104635136558163,0.134,0.33466785939956384,0.3030589188270991,0.023683001242485055,0.3030589188270991,0.023683001242485055,0.30186959336653557,0.024574103438576453,0.3030589188270991,0.023683001242485055,0.30186959336653557,0.024574103438576453,0.3030589188270991,0.023683001242485055,0.30186959336653557,0.024574103438576453,0.3030589188270991,0.023683001242485055,0.30186959336653557,0.024574103438576453,0.30186959336653557,0.024574103438576453
