img_index,width,height,noise_std,noise_std_est,avg_mass_loss,t_diff,max_rel_gain,rel_gain_synth_1,rel_error_synth_1,rel_gain_synth_2,rel_error_synth_2,rel_gain_synth_3,rel_error_synth_3,rel_gain_synth_4,rel_error_synth_4,rel_gain_synth_5,rel_error_synth_5,rel_gain_synth_6,rel_error_synth_6,rel_gain_synth_7,rel_error_synth_7,rel_gain_synth_8,rel_error_synth_8,rel_gain_synth_9,rel_error_synth_9,rel_gain_synth_10,rel_error_synth_10,rel_gain_synth_11,rel_error_synth_11,rel_gain_synth_12,rel_error_synth_12,rel_gain_synth_13,rel_error_synth_13,rel_gain_synth_14,rel_error_synth_14,rel_gain_synth_15,rel_error_synth_15,rel_gain_synth_16,rel_error_synth_16
32,365,555,0.05,0.059744443324144324,5.1421284297996625e-08,0.049,0.0707807,0.01395145,0.07913119,0.01395145,0.07913119,0.01395145,0.07913119,0.01395145,0.07913119,0.01395145,0.07913119,0.01395145,0.07913119,0.01395145,0.07913119,0.01395145,0.07913119,0.01395145,0.07913119,0.01395145,0.07913119,0.01395145,0.07913119,0.01395145,0.07913119,0.00049334,0.06564123,0.00789097,0.0587326,0.01395145,0.07913119,0.01395145,0.07913119
32,365,555,0.1,0.10618797527627138,2.5710642148998313e-08,0.095,0.19038484,0.14203356,0.04061819,0.14368795,0.03922839,0.14038344,0.0420044,0.14203356,0.04061819,0.14203356,0.04061819,0.14203356,0.04061819,0.14203356,0.04061819,0.14203356,0.04061819,0.14038344,0.0420044,0.14203356,0.04061819,0.14203356,0.04061819,0.14038344,0.0420044,0.15363887,0.03086898,0.15856831,0.02672793,0.14038344,0.0420044,0.14203356,0.04061819
32,365,555,0.15,0.15505562288195818,5.1421284297996625e-08,0.157,0.3288627,0.29630297,0.02450195,0.29630297,0.02450195,0.2945595,0.02581396,0.29630297,0.02450195,0.2945595,0.02581396,0.2954321,0.02515731,0.2945595,0.02581396,0.2954321,0.02515731,0.29368955,0.02646863,0.2945595,0.02581396,0.2945595,0.02581396,0.2945595,0.02581396,0.3058295,0.01733303,0.30836228,0.01542705,0.2945595,0.02581396,0.29630297,0.02450195
