img_index,width,height,noise_std,noise_std_est,avg_mass_loss,t_diff,max_rel_gain,rel_gain_synth_1,rel_error_synth_1,rel_gain_synth_2,rel_error_synth_2,rel_gain_synth_3,rel_error_synth_3,rel_gain_synth_4,rel_error_synth_4,rel_gain_synth_5,rel_error_synth_5,rel_gain_synth_6,rel_error_synth_6,rel_gain_synth_7,rel_error_synth_7,rel_gain_synth_8,rel_error_synth_8,rel_gain_synth_9,rel_error_synth_9,rel_gain_synth_10,rel_error_synth_10,rel_gain_synth_11,rel_error_synth_11,rel_gain_synth_12,rel_error_synth_12,rel_gain_synth_13,rel_error_synth_13,rel_gain_synth_14,rel_error_synth_14,rel_gain_synth_15,rel_error_synth_15,rel_gain_synth_16,rel_error_synth_16
6,640,427,0.05,0.050542658541491155,4.764649199843872e-09,0.062,0.4014675,0.38473067,0.01194237,0.39168218,0.0069822,0.38106447,0.01455833,0.38473067,0.01194237,0.38290742,0.01324332,0.38290742,0.01324332,0.38290742,0.01324332,0.38106447,0.01455833,0.38106447,0.01455833,0.38290742,0.01324332,0.38106447,0.01455833,0.38290742,0.01324332,0.39799747,0.002476,0.38688347,0.01040626,0.38473067,0.01194237,0.39168218,0.0069822
6,640,427,0.1,0.1011022183154518,4.764649199843872e-09,0.148,0.67766726,0.6572021,0.01219857,0.6678354,0.00586042,0.6525267,0.01498544,0.6544022,0.01386751,0.6544022,0.01386751,0.6525267,0.01498544,0.65812826,0.01164655,0.6525267,0.01498544,0.6544022,0.01386751,0.6544022,0.01386751,0.65158767,0.01554514,0.65064585,0.01610654,0.6696852,0.00475785,0.6403054,0.02227013,0.64970857,0.01666522,0.6661715,0.00685223
6,640,427,0.15,0.1512939570351246,6.670508879781421e-08,0.276,0.9437752,0.91925895,0.01261269,0.9353413,0.0043389,0.93091047,0.00661841,0.912278,0.01620414,0.92795444,0.00813917,0.91671824,0.01391978,0.93874556,0.00258755,0.92052424,0.01196174,0.9331852,0.00544812,0.92177916,0.01131613,0.92177916,0.01131613,0.8978036,0.02365065,0.92538327,0.00946194,0.9001212,0.02245835,0.89350116,0.02586412,0.92855334,0.00783106
