img_index,width,height,noise_std,noise_std_est,t_diff,max_rel_gain,rel_gain_synth_1,rel_error_synth_1,rel_gain_synth_2,rel_error_synth_2,rel_gain_synth_3,rel_error_synth_3,rel_gain_synth_4,rel_error_synth_4,rel_gain_synth_5,rel_error_synth_5,rel_gain_synth_6,rel_error_synth_6,rel_gain_synth_7,rel_error_synth_7,rel_gain_synth_8,rel_error_synth_8,rel_gain_synth_9,rel_error_synth_9,rel_gain_synth_10,rel_error_synth_10
6,640,427,0.05,0.050703681586088,0.88,0.2888753760671222,0.2884310841182146,0.0003447128847036,0.2871540305004195,0.0013355407347103,0.2868254661917775,0.0015904639916388,0.2883075675824265,0.000440545684431,0.2882147469603301,0.0005125624393631,0.287966640683352,0.0007050607069111,0.2888006204833762,5.800062995554519e-05,0.288453730575146,0.0003271421735612,0.2887490620907496,9.8003250522198e-05,0.2880943925979266,0.0006059418029839
6,640,427,0.1,0.1010572290913904,50.0,0.5303931096695271,0.5297386276157959,0.0004276561685987,0.5303002890105779,6.0651513890580384e-05,0.5301401514334287,0.0001652897118394,0.5286570245255168,0.0011344047049357,0.5302173520767589,0.0001148447360731,0.5303779618923995,9.897964798686254e-06,0.5286570245255168,0.0011344047049357,0.5286570245255168,0.0011344047049357,0.5286570245255168,0.0011344047049357,0.5303889535858046,2.7156968338856453e-06
6,640,427,0.15,0.1512842300650976,50.0,0.724279531724863,0.7242792521009486,1.6216855176215245e-07,0.7242792521009486,1.6216855176215245e-07,0.7242792521009486,1.6216855176215245e-07,0.7242792521009486,1.6216855176215245e-07,0.7242792521009486,1.6216855176215245e-07,0.7242792521009486,1.6216855176215245e-07,0.7242792521009486,1.6216855176215245e-07,0.7242792521009486,1.6216855176215245e-07,0.7242792521009486,1.6216855176215245e-07,0.7242792521009486,1.6216855176215245e-07
