img_index,width,height,noise_std,noise_std_est,avg_mass_loss,t_diff,psnr_start,max_rel_gain,rel_gain_synth_1,rel_error_synth_1
6,640,427,0.05,0.0506956738567612,2.764723303915248e-06,0.247,26.016148415487578,0.3569750895200185,0.3498841139724635,0.0052255753272988
6,640,427,0.1,0.1007447129049803,1.1750900405051333e-05,0.613,20.01025996673794,0.6157812447198806,0.6126629683157359,0.0019298877334631
6,640,427,0.15,0.1513597734438001,8.58323703390501e-06,1.533,16.48124775976299,0.8616192655034993,0.8558843330660202,0.0030806151095176
