img_index,width,height,noise_std,noise_std_est,avg_mass_loss,t_diff,max_rel_gain,rel_gain_synth_1,rel_error_synth_1,rel_gain_synth_2,rel_error_synth_2,rel_gain_synth_3,rel_error_synth_3,rel_gain_synth_4,rel_error_synth_4,rel_gain_synth_5,rel_error_synth_5,rel_gain_synth_6,rel_error_synth_6,rel_gain_synth_7,rel_error_synth_7,rel_gain_synth_8,rel_error_synth_8,rel_gain_synth_9,rel_error_synth_9,rel_gain_synth_10,rel_error_synth_10
6,640,427,0.05,0.050665844798582084,7.68303297402786e-06,0.062,0.41864767539016434,0.39963233571498685,0.013403849317236429,0.4088894842737158,0.006878516269915157,0.39768728067766845,0.014774912105453715,0.4015531113848618,0.012049900973898317,0.39963233571498685,0.013403849317236429,0.39768728067766845,0.014774912105453715,0.39963233571498685,0.013403849317236429,0.39768728067766845,0.014774912105453715,0.39963233571498685,0.013403849317236429,0.4015531113848618,0.012049900973898317
6,640,427,0.1,0.10089777479593309,8.57580240317205e-06,0.14,0.6927385986605633,0.6736531740182208,0.011274880041989092,0.683961270540781,0.005185282669590924,0.6686469149449591,0.014232370984313542,0.6746406019100522,0.01069154845575791,0.6706575417742499,0.013044575756579203,0.6706575417742499,0.013044575756579203,0.6706575417742499,0.013044575756579203,0.6706575417742499,0.013044575756579203,0.6726596271309945,0.011861826477789907,0.6746406019100522,0.01069154845575791
6,640,427,0.15,0.15084390029092093,3.7446829602266236e-06,0.226,0.9548013218821914,0.9360143664736127,0.009610672551873239,0.9487361538363857,0.0031027030613862173,0.92740301573892,0.014015903220737902,0.9360143664736127,0.009610672551873239,0.930303515830171,0.012532120670162296,0.930303515830171,0.012532120670162296,0.9317439697526259,0.011795240708843314,0.9317439697526259,0.011795240708843314,0.9288567637446622,0.013272222525687822,0.9324611848964858,0.011428341456304801
