img_index,width,height,noise_std,noise_std_est,avg_mass_loss,t_diff,max_rel_gain,rel_gain_synth_2,rel_error_synth_2,rel_gain_synth_3,rel_error_synth_3,rel_gain_synth_4,rel_error_synth_4,rel_gain_synth_8,rel_error_synth_8
6,640,427,0.05,0.050806781041536034,5.095021850895994e-07,1.038,0.27980671555582487,0.27939021455577323,0.0003254405489432017,0.27939663289300937,0.00032042546568249153,0.2797666170452245,3.1331692600956054e-05,0.27977279874948524,2.6501506772390175e-05
6,640,427,0.1,0.1008367959705981,3.849190990806461e-06,50.0,0.46854265573510073,0.4685426496077234,4.1724203723073e-09,0.4685426496077234,4.1724203723073e-09,0.4685426496077234,4.1724203723073e-09,0.4685426496077234,4.1724203723073e-09
6,640,427,0.15,0.15101874963064754,1.3108490101537578e-06,50.0,0.6029497447603097,0.6029497447603097,0.0,0.6029497447603097,0.0,0.6029497447603097,0.0,0.6029497447603097,0.0
