img_index,width,height,noise_std,noise_std_est,avg_mass_loss,t_diff,max_rel_gain,rel_gain_synth_1,rel_error_synth_1,rel_gain_synth_2,rel_error_synth_2,rel_gain_synth_3,rel_error_synth_3,rel_gain_synth_4,rel_error_synth_4,rel_gain_synth_5,rel_error_synth_5,rel_gain_synth_6,rel_error_synth_6,rel_gain_synth_7,rel_error_synth_7,rel_gain_synth_8,rel_error_synth_8,rel_gain_synth_9,rel_error_synth_9,rel_gain_synth_10,rel_error_synth_10,rel_gain_synth_11,rel_error_synth_11,rel_gain_synth_12,rel_error_synth_12,rel_gain_synth_13,rel_error_synth_13,rel_gain_synth_14,rel_error_synth_14,rel_gain_synth_15,rel_error_synth_15,rel_gain_synth_16,rel_error_synth_16
6,640,427,0.05,0.050669188576029076,9.529298399687744e-09,0.066,0.40262854,0.38442093,0.01298107,0.39259306,0.00715476,0.37930444,0.01662885,0.38442093,0.01298107,0.38101304,0.01541072,0.38101304,0.01541072,0.38272133,0.01419279,0.38101304,0.01541072,0.38101304,0.01541072,0.38442093,0.01298107,0.38101304,0.01541072,0.38442093,0.01298107,0.39918762,0.0024532,0.38876686,0.00988264,0.38101304,0.01541072,0.39259306,0.00715476
6,640,427,0.1,0.10083181113781552,4.764649199843872e-09,0.164,0.67894036,0.6637273,0.00906113,0.67390144,0.00300125,0.6516406,0.01626013,0.6607296,0.01084659,0.65541947,0.01400939,0.65617883,0.01355708,0.65617883,0.01355708,0.65541947,0.01400939,0.6531486,0.01536193,0.6569375,0.01310522,0.6531486,0.01536193,0.6516406,0.01626013,0.6636962,0.00907962,0.64382756,0.02091369,0.6501354,0.01715664,0.6727148,0.00370801
6,640,427,0.15,0.1510834271620917,9.529298399687744e-09,0.405,0.9428828,0.91110206,0.0163575,0.933878,0.00463476,0.88321835,0.03070921,0.9035214,0.02025926,0.888271,0.02810865,0.89201075,0.0261838,0.89050406,0.02695927,0.89050406,0.02695927,0.87373745,0.03558904,0.8879039,0.02829757,0.8692987,0.03787364,0.8770315,0.0338936,0.915349,0.0141716,0.909962,0.01694429,0.88042784,0.03214549,0.92291117,0.01027936
