img_index,width,height,noise_std,noise_std_est,avg_mass_loss,t_diff,psnr_start,max_rel_gain,rel_gain_synth_2,rel_error_synth_2,rel_gain_synth_3,rel_error_synth_3,rel_gain_synth_4,rel_error_synth_4,rel_gain_synth_8,rel_error_synth_8
6,640,427,0.05,0.050806781041536,5.095021850895994e-07,1.038,26.020176349002476,0.2798067155558248,0.2793902145557732,0.0003254405489432,0.2793966328930093,0.0003204254656824,0.2797666170452245,3.1331692600956054e-05,0.2797727987494852,2.650150677239017e-05
6,640,427,0.1,0.1008367959705981,3.849190990806461e-06,50.0,20.010506996400853,0.4685426557351007,0.4685426496077234,4.1724203723073e-09,0.4685426496077234,4.1724203723073e-09,0.4685426496077234,4.1724203723073e-09,0.4685426496077234,4.1724203723073e-09
6,640,427,0.15,0.1510187496306475,1.3108490101537578e-06,50.0,16.48647924508517,0.6029497447603097,0.6029497447603097,0.0,0.6029497447603097,0.0,0.6029497447603097,0.0,0.6029497447603097,0.0
