img_index,width,height,noise_std,noise_std_est,avg_mass_loss,t_diff,max_rel_gain,rel_gain_synth_1,rel_error_synth_1
6,640,427,0.05,0.05069567385676123,2.7647233039152482e-06,0.247,0.35697508952001855,0.34988411397246355,0.0052255753272988925
6,640,427,0.1,0.10074471290498034,1.1750900405051331e-05,0.613,0.6157812447198806,0.6126629683157359,0.0019298877334631428
6,640,427,0.15,0.15135977344380017,8.58323703390501e-06,1.5330000000000001,0.8616192655034993,0.8558843330660202,0.0030806151095176116
