energy,prior,fidelity,mass,psnr,ssim_indices
19346.570815219613,19346.570815219613,0.0,0.0,26.013770503368686,0.9222343438843761
11818.907675265835,11410.05373226041,408.8539430054245,-34.66787940089125,26.796349984565175,0.9208668390123306
9050.56701625585,8025.90743140735,1024.6595848485008,-65.79602294159122,25.347631550877615,0.8860719963907923
7802.665117614972,6241.3364853169305,1561.328632298041,-93.78035226813518,24.104969104092945,0.8463719412563377
