energy,prior,fidelity,mass,psnr,ssim_indices
49592.38814022873,49592.38814022873,0.0,0.0,16.48106233760377,0.6233595828247958
25301.594116154698,23987.046726654764,1314.547389499933,-36.45463715301594,19.03069781305195,0.6941322097590796
18048.53649530173,15034.748542742296,3013.787952559434,-69.0922638446209,20.0866320645733,0.708495031484094
15249.334359446455,10965.309259724672,4284.025099721783,-98.36514490522677,20.40450788012134,0.7004944376899546
13942.789937281847,8769.7174069489,5173.072530332946,-124.65439580747625,20.43094716847504,0.6856150152513646
13246.508539719642,7448.151494856654,5798.357044862988,-148.2868778205011,20.358866371434793,0.669940394624536
12838.407937928636,6592.1957439012795,6246.212194027356,-169.54657250409946,20.263054976840422,0.6556889023108909
12581.188821508415,6008.565414763633,6572.62340674478,-188.68253498798003,20.170930235230458,0.6435203875226465
