energy,prior,fidelity,mass,psnr,ssim_indices
30791.154289468064,30791.154289468064,0.0,0.0,19.99771654491404,0.7711835696044629
16932.020447217343,16181.415485711703,750.6049615056409,-35.3822583364672,22.22591507349252,0.81281439470116
12464.959348745373,10689.097129892083,1775.8622188532902,-67.00423929514363,22.603493621835984,0.8044019729529018
10627.930683378232,8037.726239716942,2590.2044436612896,-95.32240563660162,22.34030365705764,0.7807824269683844
9730.122313227504,6537.394239475861,3192.728073751645,-120.72484477877151,21.971895148522652,0.7553044671180708
9235.944316037692,5598.822611658887,3637.121704378805,-143.5436694107484,21.64139971748877,0.7323178071590449
8939.369572156978,4971.247224482926,3968.1223476740524,-164.06510003266158,21.373459956915873,0.7129003929206678
8748.918842622177,4531.772229557767,4217.14661306441,-182.53752518177498,21.163250401386932,0.697004062841716
