img_index,width,height,noise_std,noise_std_est,avg_mass_loss,t_diff,max_rel_gain,rel_gain_synth_1,rel_error_synth_1,rel_gain_synth_2,rel_error_synth_2,rel_gain_synth_3,rel_error_synth_3,rel_gain_synth_4,rel_error_synth_4,rel_gain_synth_5,rel_error_synth_5,rel_gain_synth_6,rel_error_synth_6,rel_gain_synth_7,rel_error_synth_7,rel_gain_synth_8,rel_error_synth_8,rel_gain_synth_9,rel_error_synth_9,rel_gain_synth_10,rel_error_synth_10,rel_gain_synth_11,rel_error_synth_11,rel_gain_synth_12,rel_error_synth_12,rel_gain_synth_13,rel_error_synth_13,rel_gain_synth_14,rel_error_synth_14,rel_gain_synth_15,rel_error_synth_15,rel_gain_synth_16,rel_error_synth_16
33,640,427,0.05,0.051343207567073966,3.8117193598750976e-08,0.062,0.272003,0.22607149,0.03610959,0.23139295,0.03192606,0.223417,0.03819646,0.22607149,0.03610959,0.22607149,0.03610959,0.22607149,0.03610959,0.22607149,0.03610959,0.22607149,0.03610959,0.22607149,0.03610959,0.22607149,0.03610959,0.223417,0.03819646,0.22607149,0.03610959,0.25898474,0.01023446,0.26815316,0.0030266,0.22607149,0.03610959,0.23139295,0.03192606
33,640,427,0.1,0.10155458487745415,3.8117193598750976e-08,0.125,0.4795712,0.44017887,0.02662415,0.44467938,0.02358239,0.43716913,0.02865835,0.4386741,0.02764118,0.4386741,0.02764118,0.4386741,0.02764118,0.44017887,0.02662415,0.4386741,0.02764118,0.4386741,0.02764118,0.4386741,0.02764118,0.43716913,0.02865835,0.43716913,0.02865835,0.46930718,0.00693715,0.47891578,0.00044299,0.43716913,0.02865835,0.44318482,0.02459251
33,640,427,0.15,0.15157789519185166,7.623438719750195e-08,0.198,0.67739403,0.64062154,0.0219224,0.6467897,0.01824516,0.64474756,0.01946261,0.6395819,0.02254217,0.6437183,0.02007621,0.64062154,0.0219224,0.64779884,0.01764357,0.641654,0.02130689,0.6457673,0.01885471,0.641654,0.02130689,0.641654,0.02130689,0.6364598,0.02440345,0.67076117,0.00395428,0.6763321,0.00063307,0.63541746,0.02502487,0.6437183,0.02007621
