img_index,width,height,noise_std,noise_std_est,avg_mass_loss,t_diff,max_rel_gain,rel_gain_synth_1,rel_error_synth_1,rel_gain_synth_2,rel_error_synth_2,rel_gain_synth_3,rel_error_synth_3,rel_gain_synth_4,rel_error_synth_4,rel_gain_synth_5,rel_error_synth_5,rel_gain_synth_6,rel_error_synth_6,rel_gain_synth_7,rel_error_synth_7,rel_gain_synth_8,rel_error_synth_8,rel_gain_synth_9,rel_error_synth_9,rel_gain_synth_10,rel_error_synth_10
33,640,427,0.05,0.05137730937883876,0.00018536781094855335,0.06,0.28469122325501733,0.24088838560594383,0.03409600443761922,0.246423113571456,0.02978778790642128,0.24088838560594383,0.03409600443761922,0.24365912233305134,0.03193927083739479,0.24088838560594383,0.03409600443761922,0.24088838560594383,0.03409600443761922,0.24088838560594383,0.03409600443761922,0.24088838560594383,0.03409600443761922,0.24088838560594383,0.03409600443761922,0.24088838560594383,0.03409600443761922
33,640,427,0.1,0.101074049566923,0.0003173260092157701,0.11900000000000001,0.48869615788750803,0.452282228240661,0.024460283217576907,0.45703080166389576,0.021270529957265475,0.45068695202985154,0.025531876102637595,0.452282228240661,0.024460283217576907,0.45068695202985154,0.025531876102637595,0.45068695202985154,0.025531876102637595,0.45068695202985154,0.025531876102637595,0.45068695202985154,0.025531876102637595,0.452282228240661,0.024460283217576907,0.452282228240661,0.024460283217576907
33,640,427,0.15,0.15168836044316858,0.0004424810477272014,0.192,0.6887491654586229,0.6472340743654535,0.02458333774032974,0.6540880659213469,0.020524717492821247,0.6449285476410156,0.02594856519482371,0.6472340743654535,0.02458333774032974,0.6460854976560122,0.02526347232333002,0.6460854976560122,0.02526347232333002,0.6460854976560122,0.02526347232333002,0.6460854976560122,0.02526347232333002,0.6449285476410156,0.02594856519482371,0.6460854976560122,0.02526347232333002
