energy,prior,fidelity,mass,psnr,ssim_indices
6002.064322634269,6002.064322634269,0.0,0.0,26.01807636658571,0.5337025813508469
3258.1283937443095,3106.467974463626,151.6604192806837,-41.93452600724413,28.6078249298509,0.650393696921719
2440.9137919635614,2090.3408071950944,350.57298476846717,-79.74359588811058,29.723434834404316,0.7180327202734249
2127.0574872964135,1623.9052401136032,503.1522471828104,-113.82364832342137,30.048397625970082,0.7575078967660085
1982.5652954408342,1368.650018795168,613.9152766456663,-144.53668426547665,30.0333048293745,0.781552156465346
1907.8241586529589,1212.3362543239782,695.4879043289806,-172.21171644708375,29.893641760015363,0.796794709623781
1866.2470436580836,1109.0938923532105,757.1531513048731,-197.14690974049154,29.719988876522827,0.8067756580849751
