img_index,width,height,noise_std,noise_std_est,t_diff,max_rel_gain,rel_gain_synth_1,rel_error_synth_1,rel_gain_synth_2,rel_error_synth_2,rel_gain_synth_3,rel_error_synth_3,rel_gain_synth_4,rel_error_synth_4,rel_gain_synth_5,rel_error_synth_5,rel_gain_synth_6,rel_error_synth_6,rel_gain_synth_7,rel_error_synth_7,rel_gain_synth_8,rel_error_synth_8,rel_gain_synth_9,rel_error_synth_9,rel_gain_synth_10,rel_error_synth_10
33,640,427,0.05,0.0513343961073528,0.51,0.1869673124813369,0.1773869279023466,0.008071312898215,0.1836580356008876,0.0027880101209621,0.1836580356008876,0.0027880101209621,0.1820670232177243,0.0041284112983436,0.1773869279023466,0.008071312898215,0.1763699176915325,0.0089281268981625,0.1793530017455551,0.0064149287480075,0.1820670232177243,0.0041284112983436,0.178382598532131,0.0072324771364256,0.1763699176915325,0.0089281268981625
33,640,427,0.1,0.1013613558111929,0.96,0.3921827502042637,0.3912025342785788,0.0007040856708941,0.3913416739545018,0.0006041421283509,0.3913416739545018,0.0006041421283509,0.3910556284637616,0.0008096076038412,0.3913416739545018,0.0006041421283509,0.3914725134260883,0.0005101605935507,0.3909014619352989,0.0009203448820039,0.3910556284637616,0.0008096076038412,0.3910556284637616,0.0008096076038412,0.3915944883170857,0.0004225464559819
33,640,427,0.15,0.1515042011946357,1.7,0.5832558497337956,0.5815309239613586,0.0010894801195441,0.5832558497337956,0.0,0.5832290551586963,1.6923717732601705e-05,0.5832465132055761,5.897043248602804e-06,0.5814045140666413,0.0011693218550025,0.5814045140666413,0.0011693218550025,0.5824156369128456,0.0005306866992415,0.5832465132055761,5.897043248602804e-06,0.5823375166943683,0.000580028199221,0.5809859742412814,0.0014336757340235
