img_index,width,height,noise_std,noise_std_est,avg_mass_loss,t_diff,max_rel_gain,rel_gain_synth_1,rel_error_synth_1,rel_gain_synth_2,rel_error_synth_2,rel_gain_synth_3,rel_error_synth_3,rel_gain_synth_4,rel_error_synth_4,rel_gain_synth_5,rel_error_synth_5,rel_gain_synth_6,rel_error_synth_6,rel_gain_synth_7,rel_error_synth_7,rel_gain_synth_8,rel_error_synth_8,rel_gain_synth_9,rel_error_synth_9,rel_gain_synth_10,rel_error_synth_10,rel_gain_synth_11,rel_error_synth_11,rel_gain_synth_12,rel_error_synth_12,rel_gain_synth_13,rel_error_synth_13,rel_gain_synth_14,rel_error_synth_14,rel_gain_synth_15,rel_error_synth_15,rel_gain_synth_16,rel_error_synth_16
33,640,427,0.05,0.051441516825859165,3.8117193598750976e-08,0.064,0.27365807,0.22822213,0.03567358,0.23319057,0.03177267,0.2257496,0.03761487,0.22822213,0.03567358,0.2257496,0.03761487,0.2257496,0.03761487,0.2257496,0.03761487,0.2257496,0.03761487,0.2257496,0.03761487,0.22822213,0.03567358,0.2257496,0.03761487,0.22822213,0.03567358,0.2613916,0.00963088,0.26994744,0.00291336,0.2257496,0.03761487,0.23319057,0.03177267
33,640,427,0.1,0.10128047453727394,3.8117193598750976e-08,0.137,0.4785737,0.438861,0.02685878,0.4439463,0.02341946,0.43378708,0.03029043,0.43759042,0.02771812,0.43505245,0.02943461,0.43505245,0.02943461,0.43631935,0.02857777,0.43505245,0.02943461,0.43505245,0.02943461,0.43631935,0.02857777,0.43505245,0.02943461,0.43378708,0.03029043,0.471508,0.00477874,0.477066,0.0010197,0.43378708,0.03029043,0.4439463,0.02341946
33,640,427,0.15,0.151440028241167,3.8117193598750976e-08,0.245,0.6773598,0.6322175,0.02691268,0.640874,0.02175191,0.6252286,0.03107931,0.6298779,0.0283075,0.6259957,0.03062201,0.6267719,0.03015921,0.6267719,0.03015921,0.6267719,0.03015921,0.6221634,0.0329067,0.6259957,0.03062201,0.6213986,0.03336264,0.62292373,0.03245343,0.6728219,0.0027054,0.6741349,0.00192259,0.6244574,0.03153909,0.6361434,0.02457219
