img_index,width,height,noise_std,noise_std_est,avg_mass_loss,t_diff,max_rel_gain,rel_gain_synth_1,rel_error_synth_1,rel_gain_synth_2,rel_error_synth_2,rel_gain_synth_3,rel_error_synth_3,rel_gain_synth_4,rel_error_synth_4,rel_gain_synth_5,rel_error_synth_5,rel_gain_synth_6,rel_error_synth_6,rel_gain_synth_7,rel_error_synth_7,rel_gain_synth_8,rel_error_synth_8,rel_gain_synth_9,rel_error_synth_9,rel_gain_synth_10,rel_error_synth_10
99,480,640,0.05,0.06093383708574033,0.00024201419265725438,0.069,0.1952997810023042,0.0798363915659423,0.09659785040664982,0.0798363915659423,0.09659785040664982,0.0798363915659423,0.09659785040664982,0.0798363915659423,0.09659785040664982,0.0798363915659423,0.09659785040664982,0.08295032173367815,0.09399270463717206,0.0798363915659423,0.09659785040664982,0.08295032173367815,0.09399270463717206,0.0798363915659423,0.09659785040664982,0.0798363915659423,0.09659785040664982
99,480,640,0.1,0.10789731076202273,0.0003738616522370977,0.109,0.3354590805507098,0.2760907068928641,0.04445540452902809,0.2760907068928641,0.04445540452902809,0.2760907068928641,0.04445540452902809,0.2760907068928641,0.04445540452902809,0.2760907068928641,0.04445540452902809,0.2760907068928641,0.04445540452902809,0.2760907068928641,0.04445540452902809,0.27807250112926807,0.042971424776097944,0.2760907068928641,0.04445540452902809,0.2760907068928641,0.04445540452902809
99,480,640,0.15,0.15677233976040603,0.0005293803465418832,0.159,0.48720173529150884,0.44865277258985076,0.025920466461869775,0.44738508110357716,0.026772866950781994,0.44738508110357716,0.026772866950781994,0.44865277258985076,0.025920466461869775,0.44738508110357716,0.026772866950781994,0.44865277258985076,0.025920466461869775,0.44738508110357716,0.026772866950781994,0.44865277258985076,0.025920466461869775,0.44738508110357716,0.026772866950781994,0.44738508110357716,0.026772866950781994
