energy,prior,fidelity,mass,psnr,ssim_indices
13324.31557525596,13324.31557525596,0.0,0.0,26.019184195511986,0.4858632399966872
7055.338453119649,6705.539809482282,349.798643637367,40.71733502839925,27.542563624586247,0.5871357482452655
5077.137544115068,4251.270172948191,825.8673711668763,77.35482633591164,27.004755969913923,0.644628639150494
4306.311857884307,3111.8102223904543,1194.5016354938525,110.32707343238872,26.30472838186239,0.6772151783263216
