img_index,width,height,noise_std,noise_std_est,t_diff,max_rel_gain,rel_gain_synth_1,rel_error_synth_1,rel_gain_synth_2,rel_error_synth_2,rel_gain_synth_3,rel_error_synth_3,rel_gain_synth_4,rel_error_synth_4,rel_gain_synth_5,rel_error_synth_5,rel_gain_synth_6,rel_error_synth_6,rel_gain_synth_7,rel_error_synth_7,rel_gain_synth_8,rel_error_synth_8,rel_gain_synth_9,rel_error_synth_9,rel_gain_synth_10,rel_error_synth_10
35,640,427,0.05,0.0516957259150969,0.45,0.1636308778960767,0.1504080577092556,0.0113634146686867,0.1569892043042127,0.0057077151509356,0.1569892043042127,0.0057077151509356,0.1544904655774129,0.0078550788676133,0.1489858334329408,0.0125856444181123,0.1489858334329408,0.0125856444181123,0.151803703923338,0.0101640255491698,0.1544904655774129,0.0078550788676133,0.151803703923338,0.0101640255491698,0.1489858334329408,0.0125856444181123
35,640,427,0.1,0.1016960500205341,0.8200000000000001,0.3570275597624788,0.3540028569240648,0.0022289177671111,0.3543227693978156,0.001993172758508,0.3540028569240648,0.0022289177671111,0.353672231457799,0.0024725572303535,0.3540028569240648,0.0022289177671111,0.3543227693978156,0.001993172758508,0.353672231457799,0.0024725572303535,0.353672231457799,0.0024725572303535,0.353672231457799,0.0024725572303535,0.3543227693978156,0.001993172758508
35,640,427,0.15,0.1517177294161605,1.3,0.5386895705035133,0.5385891321468204,6.5275256697809e-05,0.5382110498237715,0.0003109923462892,0.5380681424378356,0.0004038683809849,0.5382768475265295,0.0002682301777405,0.5385440292919063,9.458776766735424e-05,0.5385440292919063,9.458776766735424e-05,0.5386895705035133,0.0,0.5382768475265295,0.0002682301777405,0.5386895705035133,0.0,0.5384256416294992,0.000171528344036
