img_index,width,height,noise_std,noise_std_est,avg_mass_loss,t_diff,max_rel_gain,rel_gain_synth_1,rel_error_synth_1,rel_gain_synth_2,rel_error_synth_2,rel_gain_synth_3,rel_error_synth_3,rel_gain_synth_4,rel_error_synth_4,rel_gain_synth_5,rel_error_synth_5,rel_gain_synth_6,rel_error_synth_6,rel_gain_synth_7,rel_error_synth_7,rel_gain_synth_8,rel_error_synth_8,rel_gain_synth_9,rel_error_synth_9,rel_gain_synth_10,rel_error_synth_10,rel_gain_synth_11,rel_error_synth_11,rel_gain_synth_12,rel_error_synth_12,rel_gain_synth_13,rel_error_synth_13,rel_gain_synth_14,rel_error_synth_14,rel_gain_synth_15,rel_error_synth_15,rel_gain_synth_16,rel_error_synth_16
35,640,427,0.05,0.051707146265135076,1.524687743950039e-07,0.067,0.29851457,0.26304936,0.02731215,0.2686344,0.02301103,0.2593756,0.03014136,0.26304936,0.02731215,0.26121312,0.02872625,0.26121312,0.02872625,0.26121312,0.02872625,0.26121312,0.02872625,0.26121312,0.02872625,0.26304936,0.02731215,0.26121312,0.02872625,0.26304936,0.02731215,0.29429436,0.00325004,0.29835716,0.00012123,0.26121312,0.02872625,0.2686344,0.02301103
35,640,427,0.1,0.10147559158550683,7.623438719750195e-08,0.154,0.5289942,0.50195324,0.01768545,0.50920886,0.01294009,0.4962944,0.02138646,0.5003323,0.0187456,0.49790516,0.020333,0.49790516,0.020333,0.4987138,0.01980413,0.49790516,0.020333,0.49710163,0.02085852,0.4987138,0.01980413,0.49710163,0.02085852,0.4962944,0.02138646,0.5289338,3.9496215e-05,0.527052,0.00127026,0.49549553,0.02190895,0.50760686,0.01398785
35,640,427,0.15,0.15153037912620937,7.623438719750195e-08,0.316,0.7558725,0.718257,0.02142267,0.7306604,0.01435873,0.70642334,0.02816217,0.7150084,0.02327282,0.70864624,0.02689619,0.7099902,0.02613078,0.70954317,0.02638535,0.70954317,0.02638535,0.7025015,0.03039575,0.7081972,0.02715194,0.70035523,0.03161805,0.7037967,0.02965809,0.7555097,0.00020664,0.7547563,0.00063571,0.7051075,0.02891154,0.7239351,0.01818888
