img_index,width,height,noise_std,noise_std_est,avg_mass_loss,t_diff,max_rel_gain,rel_gain_synth_1,rel_error_synth_1,rel_gain_synth_2,rel_error_synth_2,rel_gain_synth_3,rel_error_synth_3,rel_gain_synth_4,rel_error_synth_4,rel_gain_synth_5,rel_error_synth_5,rel_gain_synth_6,rel_error_synth_6,rel_gain_synth_7,rel_error_synth_7,rel_gain_synth_8,rel_error_synth_8,rel_gain_synth_9,rel_error_synth_9,rel_gain_synth_10,rel_error_synth_10,rel_gain_synth_11,rel_error_synth_11,rel_gain_synth_12,rel_error_synth_12,rel_gain_synth_13,rel_error_synth_13,rel_gain_synth_14,rel_error_synth_14,rel_gain_synth_15,rel_error_synth_15,rel_gain_synth_16,rel_error_synth_16
35,640,427,0.05,0.05159457310734295,1.524687743950039e-07,0.063,0.29823327,0.26398027,0.02638432,0.2680348,0.02326122,0.2619623,0.02793873,0.26398027,0.02638432,0.2619623,0.02793873,0.2619623,0.02793873,0.26398027,0.02638432,0.2619623,0.02793873,0.2619623,0.02793873,0.26398027,0.02638432,0.2619623,0.02793873,0.26398027,0.02638432,0.29378414,0.00342707,0.29809603,0.00010571,0.26398027,0.02638432,0.2680348,0.02326122
35,640,427,0.1,0.1017544247348021,7.623438719750195e-08,0.138,0.53083926,0.5025448,0.01848297,0.5084513,0.01462466,0.50056666,0.01977518,0.5015505,0.01913251,0.5015505,0.01913251,0.50056666,0.01977518,0.5025448,0.01848297,0.50056666,0.01977518,0.5015505,0.01913251,0.5015505,0.01913251,0.50056666,0.01977518,0.49957147,0.02042527,0.5299983,0.00054936,0.5279073,0.00191526,0.49957147,0.02042527,0.5074684,0.01526671
35,640,427,0.15,0.15171899872800018,7.623438719750195e-08,0.232,0.7542626,0.72696596,0.01556021,0.73422813,0.01142046,0.73161393,0.01291068,0.724278,0.01709246,0.73029184,0.01366431,0.72628814,0.0159466,0.7367842,0.00996341,0.72696596,0.01556021,0.73292726,0.01216203,0.7276297,0.01518181,0.7276297,0.01518181,0.7195435,0.01979129,0.754262,3.9340637e-07,0.7505689,0.00210558,0.7181921,0.02056165,0.7309606,0.0132831
