img_index,width,height,noise_std,noise_std_est,avg_mass_loss,t_diff,max_rel_gain,rel_gain_synth_1,rel_error_synth_1,rel_gain_synth_2,rel_error_synth_2,rel_gain_synth_3,rel_error_synth_3,rel_gain_synth_4,rel_error_synth_4,rel_gain_synth_5,rel_error_synth_5,rel_gain_synth_6,rel_error_synth_6,rel_gain_synth_7,rel_error_synth_7,rel_gain_synth_8,rel_error_synth_8,rel_gain_synth_9,rel_error_synth_9,rel_gain_synth_10,rel_error_synth_10
35,640,427,0.05,0.05163594179890692,0.00023400264882687656,0.062,0.31050622010057777,0.2781380921368907,0.02469895027373686,0.2844352836181616,0.0198937907218901,0.2760384825520367,0.026301086572405395,0.2781380921368907,0.02469895027373686,0.2760384825520367,0.026301086572405395,0.2760384825520367,0.026301086572405395,0.2760384825520367,0.026301086572405395,0.2760384825520367,0.026301086572405395,0.2781380921368907,0.02469895027373686,0.2781380921368907,0.02469895027373686
35,640,427,0.1,0.10121939924027767,0.00048428744444013614,0.13,0.5358469581360226,0.5111916942961319,0.016053203549534326,0.5173759339907936,0.01202660463490863,0.5090922255853811,0.017420181359158515,0.5122316250086237,0.015376097860726641,0.5101400608487825,0.01673792896555216,0.5101400608487825,0.01673792896555216,0.5101400608487825,0.01673792896555216,0.5101400608487825,0.01673792896555216,0.5111916942961319,0.016053203549534326,0.5122316250086237,0.015376097860726641
35,640,427,0.15,0.15176748879547647,0.0008070390723313651,0.222,0.7557670455994869,0.7229323431079707,0.01870105864773487,0.7310730150809064,0.014064525576141533,0.7191851911769511,0.02083525517478047,0.7229323431079707,0.01870105864773487,0.7199350598283225,0.020408166254726513,0.7199350598283225,0.020408166254726513,0.7206846915733401,0.019981212265074856,0.7206846915733401,0.019981212265074856,0.7199350598283225,0.020408166254726513,0.7214350798892541,0.0195538273692285
