img_index,width,height,noise_std,noise_std_est,avg_mass_loss,t_diff,max_rel_gain,rel_gain_synth_1,rel_error_synth_1,rel_gain_synth_2,rel_error_synth_2,rel_gain_synth_3,rel_error_synth_3,rel_gain_synth_4,rel_error_synth_4,rel_gain_synth_5,rel_error_synth_5,rel_gain_synth_6,rel_error_synth_6,rel_gain_synth_7,rel_error_synth_7,rel_gain_synth_8,rel_error_synth_8,rel_gain_synth_9,rel_error_synth_9,rel_gain_synth_10,rel_error_synth_10
55,335,225,0.05,0.051906445885137785,0.0003581766005160262,0.051000000000000004,0.2429994316068683,0.22205309103954973,0.016851448226521317,0.22628416916332922,0.013447522193900517,0.2198957292976342,0.01858705782300089,0.22205309103954973,0.016851448226521317,0.2198957292976342,0.01858705782300089,0.2198957292976342,0.01858705782300089,0.2198957292976342,0.01858705782300089,0.2198957292976342,0.01858705782300089,0.2198957292976342,0.01858705782300089,0.2198957292976342,0.01858705782300089
55,335,225,0.1,0.1021950357723778,0.0008146390535930097,0.11900000000000001,0.4790814731660036,0.46134956009760447,0.01198846269803083,0.4672057010439829,0.008029153456029971,0.4572465029777892,0.014762520242699141,0.46134956009760447,0.01198846269803083,0.4572465029777892,0.014762520242699141,0.45827381877781737,0.014067956881135857,0.4572465029777892,0.014762520242699141,0.45827381877781737,0.014067956881135857,0.45620037552914366,0.01546980207106677,0.4572465029777892,0.014762520242699141
55,335,225,0.15,0.15216530121302682,0.0012828014346009898,0.194,0.7096580375206418,0.6930796347229736,0.009696911565841798,0.7004390262477983,0.005392313006765408,0.6871835970118348,0.013145576492828702,0.6937832775882479,0.00928534220528434,0.6864194613023508,0.01359252886149788,0.688689231819294,0.01226491218779462,0.6871835970118348,0.013145576492828702,0.6894322651864014,0.01183030283855592,0.6864194613023508,0.01359252886149788,0.6894322651864014,0.01183030283855592
