img_index,width,height,noise_std,noise_std_est,t_diff,max_rel_gain,rel_gain_synth_1,rel_error_synth_1,rel_gain_synth_2,rel_error_synth_2,rel_gain_synth_3,rel_error_synth_3,rel_gain_synth_4,rel_error_synth_4,rel_gain_synth_5,rel_error_synth_5,rel_gain_synth_6,rel_error_synth_6,rel_gain_synth_7,rel_error_synth_7,rel_gain_synth_8,rel_error_synth_8,rel_gain_synth_9,rel_error_synth_9,rel_gain_synth_10,rel_error_synth_10
55,640,431,0.05,0.0517109912424654,0.65,0.2185212272345726,0.2144455671462142,0.0033447592026017,0.218032508247165,0.0004010754810703,0.2182124810199422,0.0002533777891839,0.2173043894802858,0.0009986184295274,0.2140303171135624,0.0036855411466259,0.2136071658420424,0.004032807375611,0.2156307035006782,0.0023721570616003,0.2173043894802858,0.0009986184295274,0.2152472024662971,0.0026868836546293,0.2140303171135624,0.0036855411466259
55,640,431,0.1,0.1013477519704595,1.41,0.4517182248665387,0.4513457975648913,0.0002565424166123,0.4510679861205754,0.0004479097491684,0.4511424187692515,0.0003966376445677,0.4516250634415866,6.417321444085792e-05,0.4511424187692515,0.0003966376445677,0.4509084182037923,0.0005578263390754,0.4516728763216924,3.1237842213116304e-05,0.4515746972028227,9.88674394641564e-05,0.4516728763216924,3.1237842213116304e-05,0.4507336884951754,0.0006781869611465
55,640,431,0.15,0.1512614075865143,50.0,0.660272061060817,0.6516261193013397,0.0052075451742246,0.6602645659491337,4.5143876471362445e-06,0.6602645659491337,4.5143876471362445e-06,0.6602645659491337,4.5143876471362445e-06,0.6514940865963387,0.0052870699148366,0.6513597567232068,0.005367978264909,0.6561963537331753,0.0024548430484565,0.6602645659491337,4.5143876471362445e-06,0.6557143432099138,0.0027451632523353,0.6495503538358065,0.0064578013907913
