img_index,width,height,noise_std,noise_std_est,avg_mass_loss,t_diff,max_rel_gain,rel_gain_synth_1,rel_error_synth_1,rel_gain_synth_2,rel_error_synth_2,rel_gain_synth_3,rel_error_synth_3,rel_gain_synth_4,rel_error_synth_4,rel_gain_synth_5,rel_error_synth_5,rel_gain_synth_6,rel_error_synth_6,rel_gain_synth_7,rel_error_synth_7,rel_gain_synth_8,rel_error_synth_8,rel_gain_synth_9,rel_error_synth_9,rel_gain_synth_10,rel_error_synth_10,rel_gain_synth_11,rel_error_synth_11,rel_gain_synth_12,rel_error_synth_12,rel_gain_synth_13,rel_error_synth_13,rel_gain_synth_14,rel_error_synth_14,rel_gain_synth_15,rel_error_synth_15,rel_gain_synth_16,rel_error_synth_16
55,335,225,0.05,0.05204555363082295,3.454947484798231e-08,0.055,0.23150161,0.20783806,0.0192152,0.21184027,0.01596533,0.2017995,0.02411861,0.20783806,0.0192152,0.20380002,0.02249415,0.20380002,0.02249415,0.20380002,0.02249415,0.20380002,0.02249415,0.20380002,0.02249415,0.2058376,0.0208396,0.20380002,0.02249415,0.20380002,0.02249415,0.2297175,0.00144873,0.23053952,0.00078123,0.20380002,0.02249415,0.21382971,0.01434988
55,335,225,0.1,0.1019747459920734,6.909894969596462e-08,0.132,0.47195134,0.45605403,0.01080015,0.4616869,0.00697334,0.4475775,0.01655885,0.45522878,0.0113608,0.4492914,0.01539447,0.45099947,0.01423408,0.44843826,0.01597409,0.45015103,0.01481048,0.45015103,0.01481048,0.4526972,0.01308069,0.4492914,0.01539447,0.4492914,0.01539447,0.47125503,0.00047304,0.47041795,0.00104173,0.44843826,0.01597409,0.4616869,0.00697334
55,335,225,0.15,0.1522842774490599,6.909894969596462e-08,0.256,0.70544815,0.6870995,0.01075885,0.6962589,0.00538816,0.6695771,0.0210332,0.6850534,0.01195856,0.6726313,0.01924236,0.67675596,0.01682385,0.6710912,0.0201454,0.6757207,0.01743089,0.67313564,0.01894663,0.6809088,0.01438881,0.6726313,0.01924236,0.6716082,0.01984225,0.69970566,0.00336714,0.701498,0.00231621,0.6705885,0.02044019,0.6939765,0.00672646
