img_index,width,height,noise_std,noise_std_est,avg_mass_loss,t_diff,max_rel_gain,rel_gain_synth_1,rel_error_synth_1,rel_gain_synth_2,rel_error_synth_2,rel_gain_synth_3,rel_error_synth_3,rel_gain_synth_4,rel_error_synth_4,rel_gain_synth_5,rel_error_synth_5,rel_gain_synth_6,rel_error_synth_6,rel_gain_synth_7,rel_error_synth_7,rel_gain_synth_8,rel_error_synth_8,rel_gain_synth_9,rel_error_synth_9,rel_gain_synth_10,rel_error_synth_10,rel_gain_synth_11,rel_error_synth_11,rel_gain_synth_12,rel_error_synth_12,rel_gain_synth_13,rel_error_synth_13,rel_gain_synth_14,rel_error_synth_14,rel_gain_synth_15,rel_error_synth_15,rel_gain_synth_16,rel_error_synth_16
55,335,225,0.05,0.05190578671659082,6.909894969596462e-08,0.053,0.23111388,0.20664833,0.01987269,0.2108751,0.0164394,0.20239069,0.02333106,0.20664833,0.01987269,0.20239069,0.02333106,0.20452404,0.0215982,0.20239069,0.02333106,0.20452404,0.0215982,0.20239069,0.02333106,0.20452404,0.0215982,0.20239069,0.02333106,0.20452404,0.0215982,0.2285816,0.0020569,0.23039186,0.00058647,0.20452404,0.0215982,0.2108751,0.0164394
55,335,225,0.1,0.10171773156641344,6.909894969596462e-08,0.117,0.4724264,0.45815542,0.00969217,0.46358818,0.00600251,0.45327613,0.01300594,0.45815542,0.00969217,0.45427132,0.01233006,0.4552474,0.01166715,0.45427132,0.01233006,0.4552474,0.01166715,0.45427132,0.01233006,0.4552474,0.01166715,0.45327613,0.01300594,0.45327613,0.01300594,0.47213292,0.00019933,0.46881503,0.00245268,0.45427132,0.01233006,0.46272087,0.00659153
55,335,225,0.15,0.15221390756857803,6.909894969596462e-08,0.2,0.7092444,0.69626296,0.00759484,0.7026011,0.00388667,0.6883109,0.01224719,0.69499236,0.00833818,0.6903642,0.01104595,0.691035,0.01065349,0.691035,0.01065349,0.691035,0.01065349,0.691035,0.01065349,0.6923747,0.00986966,0.689003,0.01184229,0.6869328,0.01305348,0.70504415,0.00245736,0.7009531,0.00485082,0.6869328,0.01305348,0.7010015,0.00482251
