img_index,width,height,noise_std,noise_std_est,avg_mass_loss,t_diff,max_rel_gain,rel_gain_synth_1,rel_error_synth_1,rel_gain_synth_2,rel_error_synth_2,rel_gain_synth_3,rel_error_synth_3,rel_gain_synth_4,rel_error_synth_4,rel_gain_synth_5,rel_error_synth_5,rel_gain_synth_6,rel_error_synth_6,rel_gain_synth_7,rel_error_synth_7,rel_gain_synth_8,rel_error_synth_8,rel_gain_synth_9,rel_error_synth_9,rel_gain_synth_10,rel_error_synth_10,rel_gain_synth_11,rel_error_synth_11,rel_gain_synth_12,rel_error_synth_12,rel_gain_synth_13,rel_error_synth_13,rel_gain_synth_14,rel_error_synth_14,rel_gain_synth_15,rel_error_synth_15,rel_gain_synth_16,rel_error_synth_16
17,480,640,0.05,0.06384262718569132,6.781684027777778e-08,0.064,0.1111564,0.01064585,0.0904558,0.01064585,0.0904558,0.00814328,0.09270802,0.01064585,0.0904558,0.00814328,0.09270802,0.01064585,0.0904558,0.00814328,0.09270802,0.01064585,0.0904558,0.00814328,0.09270802,0.00814328,0.09270802,0.01064585,0.0904558,0.01064585,0.0904558,0.02376289,0.07865095,0.04085842,0.0632656,0.01064585,0.0904558,0.00814328,0.09270802
17,480,640,0.1,0.10897716452751642,6.781684027777778e-08,0.113,0.25493422,0.20554572,0.03935544,0.20554572,0.03935544,0.20424011,0.04039582,0.20554572,0.03935544,0.20424011,0.04039582,0.20554572,0.03935544,0.20424011,0.04039582,0.20554572,0.03935544,0.20554572,0.03935544,0.20424011,0.04039582,0.20424011,0.04039582,0.20424011,0.04039582,0.21618617,0.03087656,0.22826369,0.02125253,0.20424011,0.04039582,0.20554572,0.03935544
17,480,640,0.15,0.1573933104761505,6.781684027777778e-08,0.185,0.41301215,0.3805202,0.02299482,0.37979448,0.02350841,0.3790728,0.02401915,0.37979448,0.02350841,0.37834892,0.02453144,0.37979448,0.02350841,0.3790728,0.02401915,0.3805202,0.02299482,0.37762988,0.02504031,0.37834892,0.02453144,0.37762988,0.02504031,0.37834892,0.02453144,0.39133406,0.01534177,0.39621517,0.01188737,0.37834892,0.02453144,0.37834892,0.02453144
