img_index,width,height,noise_std,noise_std_est,avg_mass_loss,t_diff,max_rel_gain,rel_gain_synth_1,rel_error_synth_1,rel_gain_synth_2,rel_error_synth_2,rel_gain_synth_3,rel_error_synth_3,rel_gain_synth_4,rel_error_synth_4,rel_gain_synth_5,rel_error_synth_5,rel_gain_synth_6,rel_error_synth_6,rel_gain_synth_7,rel_error_synth_7,rel_gain_synth_8,rel_error_synth_8,rel_gain_synth_9,rel_error_synth_9,rel_gain_synth_10,rel_error_synth_10,rel_gain_synth_11,rel_error_synth_11,rel_gain_synth_12,rel_error_synth_12,rel_gain_synth_13,rel_error_synth_13,rel_gain_synth_14,rel_error_synth_14,rel_gain_synth_15,rel_error_synth_15,rel_gain_synth_16,rel_error_synth_16
17,480,640,0.05,0.06384411171790719,6.781684027777778e-08,0.062,0.11073624,0.00866374,0.09189625,0.00866374,0.09189625,0.005941,0.09434754,0.00866374,0.09189625,0.005941,0.09434754,0.00866374,0.09189625,0.00866374,0.09189625,0.00866374,0.09189625,0.005941,0.09434754,0.005941,0.09434754,0.00866374,0.09189625,0.00866374,0.09189625,0.02290601,0.07907388,0.03824032,0.06526835,0.00866374,0.09189625,0.00866374,0.09189625
17,480,640,0.1,0.10951649458907758,3.390842013888889e-08,0.106,0.25559887,0.20445442,0.04073312,0.20292032,0.04195493,0.20292032,0.04195493,0.20292032,0.04195493,0.20292032,0.04195493,0.20445442,0.04073312,0.20445442,0.04073312,0.20445442,0.04073312,0.20292032,0.04195493,0.20292032,0.04195493,0.20292032,0.04195493,0.20292032,0.04195493,0.2137874,0.03330003,0.22780052,0.02213952,0.20292032,0.04195493,0.20292032,0.04195493
17,480,640,0.15,0.15719912514860765,6.781684027777778e-08,0.158,0.41191667,0.38312194,0.02039408,0.38312194,0.02039408,0.384054,0.01973394,0.38218528,0.02105748,0.384054,0.01973394,0.38312194,0.02039408,0.38498583,0.01907396,0.38312194,0.02039408,0.38498583,0.01907396,0.38312194,0.02039408,0.38312194,0.02039408,0.3812493,0.02172039,0.39048076,0.01518215,0.39823815,0.00968792,0.3812493,0.02172039,0.38218528,0.02105748
