img_index,width,height,noise_std,noise_std_est,avg_mass_loss,t_diff,max_rel_gain,rel_gain_synth_1,rel_error_synth_1,rel_gain_synth_2,rel_error_synth_2,rel_gain_synth_3,rel_error_synth_3,rel_gain_synth_4,rel_error_synth_4,rel_gain_synth_5,rel_error_synth_5,rel_gain_synth_6,rel_error_synth_6,rel_gain_synth_7,rel_error_synth_7,rel_gain_synth_8,rel_error_synth_8,rel_gain_synth_9,rel_error_synth_9,rel_gain_synth_10,rel_error_synth_10
17,480,640,0.05,0.06396249698132792,0.00020744545073707993,0.061,0.1208165368148765,0.01829063426751678,0.0914742950159503,0.01829063426751678,0.0914742950159503,0.01829063426751678,0.0914742950159503,0.01829063426751678,0.0914742950159503,0.01829063426751678,0.0914742950159503,0.021179938916908378,0.08889643811030329,0.01829063426751678,0.0914742950159503,0.021179938916908378,0.08889643811030329,0.01829063426751678,0.0914742950159503,0.01829063426751678,0.0914742950159503
17,480,640,0.1,0.10933871421766495,0.00033347408264849796,0.10300000000000001,0.262593814696726,0.21130505025587348,0.040621745365647964,0.21130505025587348,0.040621745365647964,0.21130505025587348,0.040621745365647964,0.21130505025587348,0.040621745365647964,0.21130505025587348,0.040621745365647964,0.21130505025587348,0.040621745365647964,0.21130505025587348,0.040621745365647964,0.21294045096812386,0.03932647471469584,0.21130505025587348,0.040621745365647964,0.21130505025587348,0.040621745365647964
17,480,640,0.15,0.1573825900978855,0.0004730873065941902,0.154,0.41879809278282515,0.38805573991674996,0.02166788426235986,0.387039985822619,0.022383810016205975,0.387039985822619,0.022383810016205975,0.38805573991674996,0.02166788426235986,0.387039985822619,0.022383810016205975,0.38805573991674996,0.02166788426235986,0.387039985822619,0.022383810016205975,0.38805573991674996,0.02166788426235986,0.387039985822619,0.022383810016205975,0.387039985822619,0.022383810016205975
