energy,prior,fidelity,mass,psnr,ssim_indices
14081.71644480646,14081.71644480646,0.0,0.0,26.019184195511986,0.6904210776268441
7790.01087629353,7446.091772111824,343.91910418170556,-32.04148850089405,27.565956839798158,0.7541959901663521
5757.429218793677,4939.2667501566375,818.1624686370393,-61.03717366384808,27.02997865638303,0.7710688834731777
4937.6474205907325,3742.515478244957,1195.1319423457753,-87.25177362631075,26.290719507238464,0.7708693958132468
4549.092953303181,3076.389045145692,1472.7039081574899,-110.93456405354664,25.712391035117967,0.7656387850155347
