img_index,width,height,noise_std,noise_std_est,t_diff,max_rel_gain,rel_gain_synth_1,rel_error_synth_1,rel_gain_synth_2,rel_error_synth_2,rel_gain_synth_3,rel_error_synth_3,rel_gain_synth_4,rel_error_synth_4,rel_gain_synth_5,rel_error_synth_5,rel_gain_synth_6,rel_error_synth_6,rel_gain_synth_7,rel_error_synth_7,rel_gain_synth_8,rel_error_synth_8,rel_gain_synth_9,rel_error_synth_9,rel_gain_synth_10,rel_error_synth_10
17,480,640,0.05,0.0639188945555973,0.32,0.0659272231202634,0.0044767928923908,0.0576497427732356,0.0113884569105619,0.0511655627389376,0.0149665724440236,0.0478087523903028,0.0113884569105619,0.0511655627389376,0.0044767928923908,0.0576497427732356,0.0044767928923908,0.0576497427732356,0.0078903613934322,0.0544473022810518,0.0149665724440236,0.0478087523903028,0.0078903613934322,0.0544473022810518,0.0044767928923908,0.0576497427732356
17,480,640,0.1,0.1091455739915508,0.55,0.2043745006915204,0.1867817611911862,0.0146073663052753,0.1857859733071831,0.0154341754775314,0.1867817611911862,0.0146073663052753,0.1857859733071831,0.0154341754775314,0.1867817611911862,0.0146073663052753,0.1867817611911862,0.0146073663052753,0.1857859733071831,0.0154341754775314,0.1857859733071831,0.0154341754775314,0.1857859733071831,0.0154341754775314,0.1867817611911862,0.0146073663052753
17,480,640,0.15,0.1571359141728049,0.79,0.364593353068741,0.3633347715212323,0.0009223125297205,0.3623449769707377,0.0016476528285493,0.3621310340573598,0.0018044342703588,0.3625544608189933,0.0014941390745913,0.3633347715212323,0.0009223125297205,0.3631497819917409,0.0010578763803543,0.3629575554824123,0.0011987436276529,0.3623449769707377,0.0016476528285493,0.3629575554824123,0.0011987436276529,0.3635116738916643,0.0007926751032783
