energy,prior,fidelity,mass,psnr,ssim_indices
2868.210029351862,2868.210029351862,0.0,0.0,26.011571679282135,0.4963563970455418
1722.0554369722736,1657.1652619019076,64.890175070366,1.4069461534818402,28.344960428737778,0.6029881063943516
1357.7900256066366,1202.6053257748465,155.18469983179017,2.62949183784076,28.883002287831445,0.6711101836602625
1209.8236651678205,980.266472718772,229.55719244904864,3.701184657642443,28.663870035824615,0.7132090626438542
1138.9993554973557,851.48085736987,287.5184981274858,4.646664758089173,28.251904971556378,0.7397445041772661
1101.5680614408993,768.4786698230189,333.0893916178805,5.4847019544031355,27.83775920427699,0.7569419016631086
1080.6229693529126,711.04671880099,369.57625055192267,6.230077915388392,27.47190184437642,0.7683763167874141
