img_index,width,height,noise_std,noise_std_est,t_diff,max_rel_gain,rel_gain_synth_1,rel_error_synth_1,rel_gain_synth_2,rel_error_synth_2,rel_gain_synth_3,rel_error_synth_3,rel_gain_synth_4,rel_error_synth_4,rel_gain_synth_5,rel_error_synth_5,rel_gain_synth_6,rel_error_synth_6,rel_gain_synth_7,rel_error_synth_7,rel_gain_synth_8,rel_error_synth_8,rel_gain_synth_9,rel_error_synth_9,rel_gain_synth_10,rel_error_synth_10
69,640,427,0.05,0.0597001514176638,0.33,0.0799510378348161,0.0356110883276506,0.0410573701526897,0.0450249844044136,0.0323404045246583,0.0450249844044136,0.0323404045246583,0.0418486434437281,0.0352815943095708,0.0325659029039342,0.0438771141198066,0.0325659029039342,0.0438771141198066,0.0356110883276506,0.0410573701526897,0.0418486434437281,0.0352815943095708,0.0356110883276506,0.0410573701526897,0.0325659029039342,0.0438771141198066
69,640,427,0.1,0.1067237169082908,0.58,0.2305322466602505,0.2175049560927046,0.0105867120531808,0.2183130938717881,0.0099299736529668,0.2183130938717881,0.0099299736529668,0.2175049560927046,0.0105867120531808,0.2183130938717881,0.0099299736529668,0.2183130938717881,0.0099299736529668,0.2175049560927046,0.0105867120531808,0.2175049560927046,0.0105867120531808,0.2175049560927046,0.0105867120531808,0.2183130938717881,0.0099299736529668
69,640,427,0.15,0.1551448395437532,0.84,0.3979226773076878,0.3977834798755217,9.9574486075444e-05,0.3972750809767771,0.0004632561882163,0.3971647665441513,0.0005421693029518,0.3972750809767771,0.0004632561882163,0.3977834798755217,9.9574486075444e-05,0.3977834798755217,9.9574486075444e-05,0.3976476656825281,0.0001967287816586,0.3972750809767771,0.0004632561882163,0.3976476656825281,0.0001967287816586,0.397836087059074,6.194208736963773e-05
