img_index,width,height,noise_std,noise_std_est,avg_mass_loss,t_diff,max_rel_gain,rel_gain_synth_1,rel_error_synth_1,rel_gain_synth_2,rel_error_synth_2,rel_gain_synth_3,rel_error_synth_3,rel_gain_synth_4,rel_error_synth_4,rel_gain_synth_5,rel_error_synth_5,rel_gain_synth_6,rel_error_synth_6,rel_gain_synth_7,rel_error_synth_7,rel_gain_synth_8,rel_error_synth_8,rel_gain_synth_9,rel_error_synth_9,rel_gain_synth_10,rel_error_synth_10,rel_gain_synth_11,rel_error_synth_11,rel_gain_synth_12,rel_error_synth_12,rel_gain_synth_13,rel_error_synth_13,rel_gain_synth_14,rel_error_synth_14,rel_gain_synth_15,rel_error_synth_15,rel_gain_synth_16,rel_error_synth_16
69,320,213,0.05,0.060162943477126446,3.820667057902973e-08,0.067,0.15499233,0.0632512,0.07943007,0.06864088,0.07476365,0.05546725,0.08616947,0.0632512,0.07943007,0.05801855,0.08396053,0.05801855,0.08396053,0.05801855,0.08396053,0.05801855,0.08396053,0.05801855,0.08396053,0.0606224,0.08170611,0.05801855,0.08396053,0.05801855,0.08396053,0.10705434,0.04150502,0.11017381,0.03880416,0.05801855,0.08396053,0.07139719,0.07237723
69,320,213,0.1,0.10765367757792109,3.820667057902973e-08,0.125,0.31401327,0.26432014,0.03781784,0.27089423,0.03281478,0.25667655,0.04363483,0.2630327,0.03879761,0.2579332,0.04267848,0.25918967,0.04172228,0.2579332,0.04267848,0.25918967,0.04172228,0.25918967,0.04172228,0.26046535,0.04075145,0.2579332,0.04267848,0.2579332,0.04267848,0.2972392,0.01276553,0.29963613,0.01094141,0.2579332,0.04267848,0.27089423,0.03281478
69,320,213,0.15,0.15567585841875167,7.641334115805946e-08,0.203,0.48456237,0.45660797,0.01883007,0.46255016,0.0148274,0.4481098,0.02455443,0.4552914,0.01971693,0.4494024,0.02368375,0.4513569,0.0223672,0.44875723,0.02411832,0.450703,0.02280765,0.45005578,0.02324361,0.45331678,0.02104702,0.4494024,0.02368375,0.4494024,0.02368375,0.48173383,0.00190531,0.4801258,0.00298847,0.44875723,0.02411832,0.46123037,0.01571643
