img_index,width,height,noise_std,noise_std_est,avg_mass_loss,t_diff,max_rel_gain,rel_gain_synth_1,rel_error_synth_1,rel_gain_synth_2,rel_error_synth_2,rel_gain_synth_3,rel_error_synth_3,rel_gain_synth_4,rel_error_synth_4,rel_gain_synth_5,rel_error_synth_5,rel_gain_synth_6,rel_error_synth_6,rel_gain_synth_7,rel_error_synth_7,rel_gain_synth_8,rel_error_synth_8,rel_gain_synth_9,rel_error_synth_9,rel_gain_synth_10,rel_error_synth_10,rel_gain_synth_11,rel_error_synth_11,rel_gain_synth_12,rel_error_synth_12,rel_gain_synth_13,rel_error_synth_13,rel_gain_synth_14,rel_error_synth_14,rel_gain_synth_15,rel_error_synth_15,rel_gain_synth_16,rel_error_synth_16
69,320,213,0.05,0.05978513231763047,7.641334115805946e-08,0.063,0.15398632,0.06316334,0.07870369,0.06906584,0.07358881,0.05742683,0.08367472,0.0602759,0.08120583,0.05742683,0.08367472,0.05742683,0.08367472,0.05742683,0.08367472,0.05742683,0.08367472,0.05742683,0.08367472,0.0602759,0.08120583,0.05742683,0.08367472,0.05742683,0.08367472,0.10410046,0.04322916,0.11075077,0.03746626,0.05742683,0.08367472,0.06906584,0.07358881
69,320,213,0.1,0.10698100198776944,3.820667057902973e-08,0.111,0.3127043,0.26693353,0.03486754,0.2715509,0.0313501,0.26236054,0.03835119,0.26693353,0.03486754,0.26236054,0.03835119,0.2638803,0.03719345,0.26236054,0.03835119,0.2638803,0.03719345,0.26236054,0.03835119,0.2638803,0.03719345,0.26236054,0.03835119,0.26236054,0.03835119,0.29563314,0.01300457,0.3021486,0.0080412,0.26236054,0.03835119,0.2715509,0.0313501
69,320,213,0.15,0.15601953836377305,7.641334115805946e-08,0.171,0.48421595,0.45692748,0.01838579,0.46203834,0.01494231,0.45261404,0.02129199,0.456063,0.01896824,0.45348415,0.02070575,0.45434034,0.02012887,0.45434034,0.02012887,0.45434034,0.02012887,0.45434034,0.02012887,0.45520633,0.01954542,0.45348415,0.02070575,0.45175633,0.02186987,0.47920376,0.003377,0.48080483,0.00229826,0.45261404,0.02129199,0.4611949,0.01551058
