img_index,width,height,noise_std,noise_std_est,avg_mass_loss,t_diff,max_rel_gain,rel_gain_synth_1,rel_error_synth_1,rel_gain_synth_2,rel_error_synth_2,rel_gain_synth_3,rel_error_synth_3,rel_gain_synth_4,rel_error_synth_4,rel_gain_synth_5,rel_error_synth_5,rel_gain_synth_6,rel_error_synth_6,rel_gain_synth_7,rel_error_synth_7,rel_gain_synth_8,rel_error_synth_8,rel_gain_synth_9,rel_error_synth_9,rel_gain_synth_10,rel_error_synth_10
69,320,213,0.05,0.06019501715104523,0.0004661563075344265,0.063,0.1644091766053572,0.07449984833390681,0.07721454801100607,0.0806146787284523,0.07196310331493086,0.06854645717759072,0.08232734794072855,0.07449984833390681,0.07721454801100607,0.06854645717759072,0.08232734794072855,0.07149904857567124,0.07979164875748411,0.06854645717759072,0.08232734794072855,0.07149904857567124,0.07979164875748411,0.06854645717759072,0.08232734794072855,0.07149904857567124,0.07979164875748411
69,320,213,0.1,0.10748059647350906,0.0007895277334715496,0.111,0.3189545397077999,0.2693939160336912,0.03757568754802441,0.27595444789892515,0.03260164813443908,0.26614945459355444,0.040035561139160916,0.2693939160336912,0.03757568754802441,0.26614945459355444,0.040035561139160916,0.26614945459355444,0.040035561139160916,0.26614945459355444,0.040035561139160916,0.26614945459355444,0.040035561139160916,0.26453809540738343,0.04125725539598344,0.26614945459355444,0.040035561139160916
69,320,213,0.15,0.15607310417135767,0.0011472166072693146,0.167,0.4897180740552689,0.46010614518600174,0.019877538834350336,0.46478757299861834,0.016735046376114292,0.4563247175513108,0.022415890016730226,0.46010614518600174,0.019877538834350336,0.4563247175513108,0.022415890016730226,0.4572601366324132,0.02178797316629154,0.4563247175513108,0.022415890016730226,0.4572601366324132,0.02178797316629154,0.4563247175513108,0.022415890016730226,0.4572601366324132,0.02178797316629154
