img_index,width,height,noise_std,noise_std_est,t_diff,max_rel_gain,rel_gain_synth_1,rel_error_synth_1,rel_gain_synth_2,rel_error_synth_2,rel_gain_synth_3,rel_error_synth_3,rel_gain_synth_4,rel_error_synth_4,rel_gain_synth_5,rel_error_synth_5,rel_gain_synth_6,rel_error_synth_6,rel_gain_synth_7,rel_error_synth_7,rel_gain_synth_8,rel_error_synth_8,rel_gain_synth_9,rel_error_synth_9,rel_gain_synth_10,rel_error_synth_10
4,640,427,0.05,0.0515891371398768,0.44,0.1583394953266031,0.1475772723794207,0.0092910782983773,0.153156529039188,0.0044744794667937,0.153156529039188,0.0044744794667937,0.1521240177551639,0.0053658513730352,0.1475772723794207,0.0092910782983773,0.1463711347746894,0.0103323426337449,0.1487618001551669,0.0082684698312351,0.1510420877189535,0.0062998867232719,0.1487618001551669,0.0082684698312351,0.1475772723794207,0.0092910782983773
4,640,427,0.1,0.101041072680611,0.8200000000000001,0.3566862400626385,0.3564965494903932,0.0001398190433747,0.3565577965889074,9.467441324174392e-05,0.3564965494903932,0.0001398190433747,0.3564252913360332,0.0001923427236892,0.3565577965889074,9.467441324174392e-05,0.3565577965889074,9.467441324174392e-05,0.3564252913360332,0.0001923427236892,0.3564252913360332,0.0001923427236892,0.3564252913360332,0.0001923427236892,0.3566082523496903,5.7483971345175326e-05
4,640,427,0.15,0.1520063559182938,1.46,0.5560347218105541,0.5519131800214164,0.0026487466708596,0.5556385833322078,0.0002545820300753,0.5559612752452793,4.7201109490236936e-05,0.5555502009668695,0.0003113817686027,0.5519131800214164,0.0026487466708596,0.5519131800214164,0.0026487466708596,0.5534411214428312,0.0016668010882848,0.5555502009668695,0.0003113817686027,0.5532728857904932,0.0017749192748393,0.5512191668357912,0.0030947606163696
