img_index,width,height,noise_std,noise_std_est,avg_mass_loss,t_diff,max_rel_gain,rel_gain_synth_2,rel_error_synth_2,rel_gain_synth_3,rel_error_synth_3,rel_gain_synth_4,rel_error_synth_4,rel_gain_synth_8,rel_error_synth_8
4,640,427,0.05,0.0515983444008829,0.00015583154337284617,0.404,0.15718307061552192,0.15414399230275938,0.002626272704755367,0.15414399230275938,0.002626272704755367,0.1535354278815704,0.0031521742985846624,0.1535354278815704,0.0031521742985846624
4,640,427,0.1,0.10132143610700302,0.00027780193528800524,1.201,0.35032168212675996,0.34782217367358054,0.0018510466700369125,0.34809405296148,0.001649702581811037,0.3472624797586021,0.0022655359894241055,0.3473952332021315,0.0021672235315212253
4,640,427,0.15,0.15137914868254138,0.00033662806337331495,7.899,0.5188034670357647,0.5068539016053936,0.007867749639585059,0.5076544441710634,0.007340661979433578,0.5047724673339478,0.009238193094990197,0.5053026755133472,0.008889097118514575
