img_index,width,height,noise_std,noise_std_est,avg_mass_loss,t_diff,max_rel_gain,rel_gain_synth_1,rel_error_synth_1,rel_gain_synth_2,rel_error_synth_2,rel_gain_synth_3,rel_error_synth_3,rel_gain_synth_4,rel_error_synth_4,rel_gain_synth_5,rel_error_synth_5,rel_gain_synth_6,rel_error_synth_6,rel_gain_synth_7,rel_error_synth_7,rel_gain_synth_8,rel_error_synth_8,rel_gain_synth_9,rel_error_synth_9,rel_gain_synth_10,rel_error_synth_10
4,640,427,0.05,0.05145354782769097,8.206642501970466e-05,0.056,0.33093658005618437,0.3035611510628523,0.02056854504079856,0.3089262984754925,0.01653743830510894,0.30083117353219013,0.022619715300576774,0.3035611510628523,0.02056854504079856,0.30083117353219013,0.022619715300576774,0.30083117353219013,0.022619715300576774,0.30083117353219013,0.022619715300576774,0.30083117353219013,0.022619715300576774,0.30083117353219013,0.022619715300576774,0.3035611510628523,0.02056854504079856
4,640,427,0.1,0.10137697304679164,0.00016805141729763095,0.113,0.5385792130830807,0.5241747648983499,0.00936217522129812,0.5275210014776242,0.007187287798655192,0.5218361440711791,0.010882162497406292,0.5241747648983499,0.00936217522129812,0.5230166704211929,0.010114879058259717,0.5230166704211929,0.010114879058259717,0.5230166704211929,0.010114879058259717,0.5230166704211929,0.010114879058259717,0.5230166704211929,0.010114879058259717,0.5241747648983499,0.00936217522129812
4,640,427,0.15,0.15119459266449095,0.00024464487363251325,0.177,0.7536318997157209,0.7459075655421038,0.0044047637220041395,0.7491518904924178,0.002554703312610383,0.7440865265716884,0.005443202273852232,0.7459075655421038,0.0044047637220041395,0.7447057691540353,0.0050900822248571885,0.7447057691540353,0.0050900822248571885,0.7453129398639827,0.004743846101959385,0.7453129398639827,0.004743846101959385,0.7447057691540353,0.0050900822248571885,0.7453129398639827,0.004743846101959385
