img_index,width,height,noise_std,noise_std_est,avg_mass_loss,t_diff,max_rel_gain,rel_gain_synth_1,rel_error_synth_1,rel_gain_synth_2,rel_error_synth_2,rel_gain_synth_3,rel_error_synth_3,rel_gain_synth_4,rel_error_synth_4,rel_gain_synth_5,rel_error_synth_5,rel_gain_synth_6,rel_error_synth_6,rel_gain_synth_7,rel_error_synth_7,rel_gain_synth_8,rel_error_synth_8,rel_gain_synth_9,rel_error_synth_9,rel_gain_synth_10,rel_error_synth_10,rel_gain_synth_11,rel_error_synth_11,rel_gain_synth_12,rel_error_synth_12,rel_gain_synth_13,rel_error_synth_13,rel_gain_synth_14,rel_error_synth_14,rel_gain_synth_15,rel_error_synth_15,rel_gain_synth_16,rel_error_synth_16
4,640,427,0.05,0.05132672355484037,7.623438719750195e-08,0.056,0.31694266,0.28973675,0.02065839,0.29230535,0.01870796,0.28714612,0.02262555,0.28973675,0.02065839,0.28714612,0.02262555,0.28714612,0.02262555,0.28714612,0.02262555,0.28714612,0.02262555,0.28714612,0.02262555,0.28714612,0.02262555,0.28714612,0.02262555,0.28714612,0.02262555,0.31495017,0.00151297,0.3168808,4.698115e-05,0.28714612,0.02262555,0.29230535,0.01870796
4,640,427,0.1,0.10157737768943818,1.1435158079625293e-07,0.117,0.5310746,0.5151057,0.01042982,0.5193974,0.00762681,0.51399094,0.01115794,0.5151057,0.01042982,0.5151057,0.01042982,0.51399094,0.01115794,0.5151057,0.01042982,0.51399094,0.01115794,0.5151057,0.01042982,0.51399094,0.01115794,0.51399094,0.01115794,0.5128632,0.01189449,0.5310725,1.3611021e-06,0.5269443,0.00269764,0.5128632,0.01189449,0.5183552,0.00830749
4,640,427,0.15,0.15163619145760024,1.1435158079625293e-07,0.187,0.74699336,0.73939365,0.00435017,0.7423684,0.00264739,0.74143165,0.0031836,0.73830545,0.00497309,0.7409414,0.00346421,0.73939365,0.00435017,0.7432434,0.00214654,0.73939365,0.00435017,0.7419072,0.00291141,0.73991954,0.00404914,0.73991954,0.00404914,0.7365953,0.00595201,0.7455819,0.00080793,0.7390755,0.00453228,0.736012,0.00628589,0.7409414,0.00346421
