img_index,width,height,noise_std,noise_std_est,avg_mass_loss,t_diff,max_rel_gain,rel_gain_synth_1,rel_error_synth_1
4,640,427,0.05,0.05148570024869597,0.00012850756163006635,0.176,0.2405005563243843,0.21709404433358162,0.018868602574557813
4,640,427,0.1,0.10125407091627078,0.00022461259440788948,0.368,0.4386606696355342,0.42805698822495414,0.007370522899792861
4,640,427,0.15,0.1517036938835884,0.0003435588502376691,0.628,0.6426356145261642,0.6400450333963852,0.0015770881301184496
