img_index,width,height,noise_std,noise_std_est,avg_mass_loss,t_diff,psnr_start,max_rel_gain,rel_gain_synth_1,rel_error_synth_1
4,640,427,0.05,0.0514857002486959,0.00012850756163,0.176,26.027229312813066,0.2405005563243843,0.2170940443335816,0.0188686025745578
4,640,427,0.1,0.1012540709162707,0.0002246125944078,0.368,20.005362973855256,0.4386606696355342,0.4280569882249541,0.0073705228997928
4,640,427,0.15,0.1517036938835884,0.0003435588502376,0.628,16.477442964929885,0.6426356145261642,0.6400450333963852,0.0015770881301184
