img_index,width,height,noise_std,noise_std_est,avg_mass_loss,t_diff,max_rel_gain,rel_gain_synth_1,rel_error_synth_1,rel_gain_synth_2,rel_error_synth_2,rel_gain_synth_3,rel_error_synth_3,rel_gain_synth_4,rel_error_synth_4,rel_gain_synth_5,rel_error_synth_5,rel_gain_synth_6,rel_error_synth_6,rel_gain_synth_7,rel_error_synth_7,rel_gain_synth_8,rel_error_synth_8,rel_gain_synth_9,rel_error_synth_9,rel_gain_synth_10,rel_error_synth_10,rel_gain_synth_11,rel_error_synth_11,rel_gain_synth_12,rel_error_synth_12,rel_gain_synth_13,rel_error_synth_13,rel_gain_synth_14,rel_error_synth_14,rel_gain_synth_15,rel_error_synth_15,rel_gain_synth_16,rel_error_synth_16
4,640,427,0.05,0.051452754395328655,1.1435158079625293e-07,0.059000000000000004,0.31794286,0.2902102,0.02104239,0.2949788,0.01742416,0.2853781,0.02470877,0.2877935,0.02287607,0.2877935,0.02287607,0.2877935,0.02287607,0.2877935,0.02287607,0.2877935,0.02287607,0.2877935,0.02287607,0.2902102,0.02104239,0.2877935,0.02287607,0.2877935,0.02287607,0.3169311,0.00076767,0.31793764,3.9587876e-06,0.2877935,0.02287607,0.2949788,0.01742416
4,640,427,0.1,0.10132379035454973,7.623438719750195e-08,0.126,0.5316312,0.51863086,0.00848791,0.5228955,0.00570349,0.51497525,0.01087465,0.51773316,0.00907401,0.51590395,0.01026827,0.51590395,0.01026827,0.51590395,0.01026827,0.51590395,0.01026827,0.51497525,0.01087465,0.51590395,0.01026827,0.51497525,0.01087465,0.51497525,0.01087465,0.531244,0.00025282,0.527887,0.00244458,0.51403683,0.01148732,0.5220781,0.00623719
4,640,427,0.15,0.15146958941086916,1.1435158079625293e-07,0.233,0.7483896,0.73840487,0.00571082,0.74310774,0.00302098,0.73269624,0.00897589,0.7371284,0.00644091,0.73404986,0.00820167,0.7349425,0.00769114,0.73449546,0.0079468,0.73449546,0.0079468,0.73088056,0.01001438,0.73404986,0.00820167,0.72951335,0.01079636,0.73133844,0.00975247,0.7447744,0.00206771,0.7430946,0.00302848,0.7322466,0.00923306,0.7408517,0.00431132
