img_index,width,height,noise_std,noise_std_est,avg_mass_loss,t_diff,psnr_start,max_rel_gain,rel_gain_synth_2,rel_error_synth_2,rel_gain_synth_3,rel_error_synth_3,rel_gain_synth_4,rel_error_synth_4,rel_gain_synth_8,rel_error_synth_8
4,640,427,0.05,0.0515983444008829,0.0001558315433728,0.404,26.019440621185957,0.1571830706155219,0.1541439923027593,0.0026262727047553,0.1541439923027593,0.0026262727047553,0.1535354278815704,0.0031521742985846,0.1535354278815704,0.0031521742985846
4,640,427,0.1,0.101321436107003,0.000277801935288,1.201,20.010051677309736,0.3503216821267599,0.3478221736735805,0.0018510466700369,0.34809405296148,0.001649702581811,0.3472624797586021,0.0022655359894241,0.3473952332021315,0.0021672235315212
4,640,427,0.15,0.1513791486825413,0.0003366280633733,7.899,16.47323592468649,0.5188034670357647,0.5068539016053936,0.007867749639585,0.5076544441710634,0.0073406619794335,0.5047724673339478,0.0092381930949901,0.5053026755133472,0.0088890971185145
