energy,prior,fidelity,mass,psnr,ssim_indices
2334.7338692617427,2334.7338692617427,0.0,0.0,26.009510915530754,0.5848593367956342
1255.0030414441753,1194.822777507884,60.18026393629142,-32.819163639549515,27.938356042175478,0.6790682910061886
927.4928215206385,787.2045059623212,140.2883155583173,-62.44509508709598,27.97252238147462,0.7267706325433907
801.2871439425261,599.0642832704524,202.2228606720737,-89.18763350820518,27.566243083143753,0.750680194678882
743.4465477799973,496.3011251026277,247.14542267736968,-113.32298283369164,27.159587984785905,0.7630153690816518
713.6485797951536,433.65683256044076,279.9917472347129,-135.10021671142022,26.825036821765778,0.76947597429153
697.043610149341,392.489328601114,304.5542815482271,-154.74507191465818,26.559327377380768,0.7728037861879672
687.274620598216,363.93797257159895,323.336648026617,-172.46248292126984,26.348492448581734,0.7744033806730789
681.2971658790633,343.33103477291013,337.96613110615317,-188.43851594922307,26.18002693557219,0.7750341676743494
