img_index,width,height,noise_std,noise_std_est,t_diff,max_rel_gain,rel_gain_synth_1,rel_error_synth_1,rel_gain_synth_2,rel_error_synth_2,rel_gain_synth_3,rel_error_synth_3,rel_gain_synth_4,rel_error_synth_4,rel_gain_synth_5,rel_error_synth_5,rel_gain_synth_6,rel_error_synth_6,rel_gain_synth_7,rel_error_synth_7,rel_gain_synth_8,rel_error_synth_8,rel_gain_synth_9,rel_error_synth_9,rel_gain_synth_10,rel_error_synth_10
45,640,450,0.05,0.0512617920165684,0.44,0.1629369836432399,0.1513871186641102,0.0099316344235147,0.1575216647248863,0.0046565884433294,0.1575216647248863,0.0046565884433294,0.1552117896196566,0.0066428311527095,0.1513871186641102,0.0099316344235147,0.1500463603978862,0.0110845414899181,0.152699421560529,0.0088031958968565,0.1552117896196566,0.0066428311527095,0.152699421560529,0.0088031958968565,0.1513871186641102,0.0099316344235147
45,640,450,0.1,0.1013377023545844,0.81,0.3581515221853936,0.3568014396532556,0.0009940588440129,0.3570010927664785,0.0008470552807421,0.3568014396532556,0.0009940588440129,0.3565907326769295,0.0011492013099928,0.3570010927664785,0.0008470552807421,0.3570010927664785,0.0008470552807421,0.3565907326769295,0.0011492013099928,0.3565907326769295,0.0011492013099928,0.3565907326769295,0.0011492013099928,0.3571887652140026,0.000708873020178
45,640,450,0.15,0.1513735618364563,1.28,0.5460506717016863,0.5442096708943877,0.0011907764997587,0.5458543833765771,0.0001269611201637,0.54602044567202,1.9550478014405403e-05,0.5458543833765771,0.0001269611201637,0.5442096708943877,0.0011907764997587,0.5442096708943877,0.0011907764997587,0.5449295176409007,0.0007251729075293,0.5459030545311387,9.548016326338148e-05,0.5448030803894565,0.0008069537014958,0.5438549616327617,0.0014202057598201
