img_index,width,height,noise_std,noise_std_est,avg_mass_loss,t_diff,max_rel_gain,rel_gain_synth_1,rel_error_synth_1,rel_gain_synth_2,rel_error_synth_2,rel_gain_synth_3,rel_error_synth_3,rel_gain_synth_4,rel_error_synth_4,rel_gain_synth_5,rel_error_synth_5,rel_gain_synth_6,rel_error_synth_6,rel_gain_synth_7,rel_error_synth_7,rel_gain_synth_8,rel_error_synth_8,rel_gain_synth_9,rel_error_synth_9,rel_gain_synth_10,rel_error_synth_10,rel_gain_synth_11,rel_error_synth_11,rel_gain_synth_12,rel_error_synth_12,rel_gain_synth_13,rel_error_synth_13,rel_gain_synth_14,rel_error_synth_14,rel_gain_synth_15,rel_error_synth_15,rel_gain_synth_16,rel_error_synth_16
45,575,404,0.05,0.05111151248030652,4.4841440665805714e-08,0.059000000000000004,0.29755238,0.27321178,0.01875885,0.27321178,0.01875885,0.26877683,0.02217677,0.2710046,0.02045988,0.26877683,0.02217677,0.2710046,0.02045988,0.26877683,0.02217677,0.2710046,0.02045988,0.26877683,0.02217677,0.2710046,0.02045988,0.26877683,0.02217677,0.2710046,0.02045988,0.29601064,0.00118817,0.29755238,0.,0.26877683,0.02217677,0.27539894,0.01707325
45,575,404,0.1,0.10086870608426958,8.968288133161143e-08,0.127,0.5150197,0.4980457,0.01120383,0.5011076,0.00918282,0.4937839,0.01401687,0.49699634,0.01189647,0.4937839,0.01401687,0.49593627,0.01259617,0.4937839,0.01401687,0.49593627,0.01259617,0.4926922,0.01473744,0.49486324,0.01330443,0.49486324,0.01330443,0.4926922,0.01473744,0.5150165,2.1240903e-06,0.5131502,0.00123397,0.4937839,0.01401687,0.5001029,0.00984597
45,575,404,0.15,0.15141756885925442,8.968288133161143e-08,0.23600000000000002,0.7266694,0.7019121,0.01433813,0.70592475,0.01201424,0.6938128,0.01902887,0.69988513,0.01551207,0.6938128,0.01902887,0.6965094,0.01746711,0.6938128,0.01902887,0.69718254,0.01707729,0.6898064,0.02134917,0.6917996,0.02019481,0.6917996,0.02019481,0.6917996,0.02019481,0.7266694,0.,0.7264395,0.00013314,0.6931384,0.01941942,0.7039238,0.01317306
