img_index,width,height,noise_std,noise_std_est,avg_mass_loss,t_diff,max_rel_gain,rel_gain_synth_1,rel_error_synth_1,rel_gain_synth_2,rel_error_synth_2,rel_gain_synth_3,rel_error_synth_3,rel_gain_synth_4,rel_error_synth_4,rel_gain_synth_5,rel_error_synth_5,rel_gain_synth_6,rel_error_synth_6,rel_gain_synth_7,rel_error_synth_7,rel_gain_synth_8,rel_error_synth_8,rel_gain_synth_9,rel_error_synth_9,rel_gain_synth_10,rel_error_synth_10
45,575,404,0.05,0.051099183052245235,0.00022809012311573952,0.057,0.3128730023037116,0.28943208253900193,0.017854674232448745,0.29175010742512786,0.016089061806830708,0.28707706685243545,0.01964846211782239,0.28943208253900193,0.017854674232448745,0.28707706685243545,0.01964846211782239,0.28943208253900193,0.017854674232448745,0.28707706685243545,0.01964846211782239,0.28943208253900193,0.017854674232448745,0.28707706685243545,0.01964846211782239,0.28707706685243545,0.01964846211782239
45,575,404,0.1,0.10121607776637825,0.00046736287243495146,0.12,0.5279027883073316,0.50503084466069,0.014969501869932494,0.5075957026138321,0.013290823113161817,0.5024173665687817,0.016680002113736353,0.5063257432671658,0.014122001219769765,0.5024173665687817,0.016680002113736353,0.5037327475090101,0.015819095942025272,0.5024173665687817,0.016680002113736353,0.50503084466069,0.014969501869932494,0.5024173665687817,0.016680002113736353,0.5024173665687817,0.016680002113736353
45,575,404,0.15,0.1512794751060402,0.0007137047434065981,0.19,0.7370599795045472,0.7149771214742371,0.012712778079550572,0.7168621142228516,0.011627615350079277,0.7101173841043715,0.015510457737826824,0.7140191354576233,0.01326427660459697,0.7101173841043715,0.015510457737826824,0.7120806308608241,0.014380245321665716,0.7101173841043715,0.015510457737826824,0.7130549975219965,0.013819316699356226,0.7091297582602274,0.016079019477661383,0.7101173841043715,0.015510457737826824
