img_index,width,height,noise_std,noise_std_est,avg_mass_loss,t_diff,max_rel_gain,rel_gain_synth_1,rel_error_synth_1,rel_gain_synth_2,rel_error_synth_2,rel_gain_synth_3,rel_error_synth_3,rel_gain_synth_4,rel_error_synth_4,rel_gain_synth_5,rel_error_synth_5,rel_gain_synth_6,rel_error_synth_6,rel_gain_synth_7,rel_error_synth_7,rel_gain_synth_8,rel_error_synth_8,rel_gain_synth_9,rel_error_synth_9,rel_gain_synth_10,rel_error_synth_10,rel_gain_synth_11,rel_error_synth_11,rel_gain_synth_12,rel_error_synth_12,rel_gain_synth_13,rel_error_synth_13,rel_gain_synth_14,rel_error_synth_14,rel_gain_synth_15,rel_error_synth_15,rel_gain_synth_16,rel_error_synth_16
45,575,404,0.05,0.05103173981634503,4.4841440665805714e-08,0.057,0.2957562,0.26949972,0.02026344,0.27186212,0.01844024,0.26711455,0.02210418,0.26949972,0.02026344,0.26711455,0.02210418,0.26711455,0.02210418,0.26711455,0.02210418,0.26949972,0.02026344,0.26711455,0.02210418,0.26711455,0.02210418,0.26711455,0.02210418,0.26711455,0.02210418,0.2930602,0.00208063,0.29567564,6.217836e-05,0.26949972,0.02026344,0.27186212,0.01844024
45,575,404,0.1,0.10132602172598476,8.968288133161143e-08,0.12,0.5165701,0.49536297,0.01398363,0.49663725,0.01314337,0.49144757,0.01656537,0.49407017,0.01483607,0.4927669,0.01569544,0.4927669,0.01569544,0.4927669,0.01569544,0.49407017,0.01483607,0.49144757,0.01656537,0.49144757,0.01656537,0.49144757,0.01656537,0.49144757,0.01656537,0.51557857,0.00065379,0.5149446,0.00107182,0.49144757,0.01656537,0.49663725,0.01314337
45,575,404,0.15,0.15171336677452998,4.4841440665805714e-08,0.196,0.72629064,0.70496774,0.01235188,0.7067126,0.01134113,0.70584226,0.0118453,0.7023054,0.01389414,0.7040845,0.01286352,0.7031996,0.0133761,0.70757157,0.01084355,0.7040845,0.01286352,0.70496774,0.01235188,0.7023054,0.01389414,0.7031996,0.0133761,0.69778174,0.01651455,0.72583026,0.00026672,0.7252008,0.00063137,0.69778174,0.01651455,0.70496774,0.01235188
