img_index,width,height,noise_std,noise_std_est,avg_mass_loss,t_diff,max_rel_gain,rel_gain_synth_1,rel_error_synth_1,rel_gain_synth_2,rel_error_synth_2,rel_gain_synth_3,rel_error_synth_3,rel_gain_synth_4,rel_error_synth_4,rel_gain_synth_5,rel_error_synth_5,rel_gain_synth_6,rel_error_synth_6,rel_gain_synth_7,rel_error_synth_7,rel_gain_synth_8,rel_error_synth_8,rel_gain_synth_9,rel_error_synth_9,rel_gain_synth_10,rel_error_synth_10,rel_gain_synth_11,rel_error_synth_11,rel_gain_synth_12,rel_error_synth_12,rel_gain_synth_13,rel_error_synth_13,rel_gain_synth_14,rel_error_synth_14,rel_gain_synth_15,rel_error_synth_15,rel_gain_synth_16,rel_error_synth_16
66,250,166,0.05,0.05158670878119572,3.137550200803213e-08,0.067,0.3163314,0.29250783,0.01809846,0.30232954,0.01063703,0.27596164,0.03066839,0.2904626,0.01965218,0.27803192,0.02909562,0.2821829,0.02594216,0.27596164,0.03066839,0.28010842,0.02751812,0.2821829,0.02594216,0.28425625,0.02436708,0.28010842,0.02751812,0.2821829,0.02594216,0.30993864,0.00485648,0.312024,0.00327226,0.28010842,0.02751812,0.30416563,0.00924218
66,250,166,0.1,0.1032406691084433,3.137550200803213e-08,0.194,0.56764436,0.5219683,0.02913675,0.5421842,0.01624103,0.48559934,0.0523365,0.5178483,0.03176487,0.49235186,0.04802908,0.4985527,0.04407356,0.48642668,0.05180874,0.49409226,0.04691888,0.49409226,0.04691888,0.5012991,0.04232166,0.49235186,0.04802908,0.48978183,0.04966848,0.5555868,0.00769149,0.5587935,0.00564599,0.49235186,0.04802908,0.5432577,0.01555624
66,250,166,0.15,0.1530517330027285,6.275100401606426e-08,0.34500000000000003,0.8081174,0.7726698,0.01960469,0.7941451,0.00772753,0.7226492,0.04726912,0.7669486,0.02276885,0.7289954,0.04375931,0.74058235,0.037351,0.7200771,0.04869168,0.73386353,0.04106692,0.7285227,0.04402071,0.7494435,0.03245026,0.7280557,0.04427899,0.7275899,0.04453664,0.77498305,0.0183253,0.7944783,0.00754325,0.7271306,0.04479066,0.7911446,0.00938699
