img_index,width,height,noise_std,noise_std_est,avg_mass_loss,t_diff,max_rel_gain,rel_gain_synth_1,rel_error_synth_1,rel_gain_synth_2,rel_error_synth_2,rel_gain_synth_3,rel_error_synth_3,rel_gain_synth_4,rel_error_synth_4,rel_gain_synth_5,rel_error_synth_5,rel_gain_synth_6,rel_error_synth_6,rel_gain_synth_7,rel_error_synth_7,rel_gain_synth_8,rel_error_synth_8,rel_gain_synth_9,rel_error_synth_9,rel_gain_synth_10,rel_error_synth_10,rel_gain_synth_11,rel_error_synth_11,rel_gain_synth_12,rel_error_synth_12,rel_gain_synth_13,rel_error_synth_13,rel_gain_synth_14,rel_error_synth_14,rel_gain_synth_15,rel_error_synth_15,rel_gain_synth_16,rel_error_synth_16
66,250,166,0.05,0.0516813813935805,6.275100401606426e-08,0.068,0.3149611,0.28347203,0.02394676,0.29452726,0.01553949,0.2655254,0.0375948,0.28120264,0.02567259,0.2699697,0.03421501,0.27219045,0.03252616,0.2655254,0.0375948,0.2699697,0.03421501,0.2677242,0.03592268,0.27445495,0.03080407,0.2677242,0.03592268,0.2699697,0.03421501,0.3108964,0.00309113,0.31255206,0.00183203,0.27219045,0.03252616,0.29666844,0.01391117
66,250,166,0.1,0.10228890890054171,3.137550200803213e-08,0.145,0.5685522,0.5437321,0.01582355,0.5573077,0.00716868,0.521487,0.03000547,0.54251826,0.0165974,0.5264157,0.02686327,0.5289026,0.02527782,0.52271485,0.02922268,0.5264157,0.02686327,0.5264157,0.02686327,0.5313927,0.02369032,0.5239448,0.02843857,0.5239448,0.02843857,0.5532587,0.00975006,0.5484949,0.01278714,0.5264157,0.02686327,0.5573077,0.00716868
66,250,166,0.15,0.15282713135518716,9.412650602409638e-08,0.28800000000000003,0.8041128,0.7548009,0.02733306,0.7786205,0.01413012,0.7149653,0.0494135,0.7497396,0.0301385,0.7214163,0.04583779,0.7266074,0.04296041,0.71779794,0.04784338,0.7236237,0.04461423,0.72288686,0.04502267,0.73274803,0.03955674,0.71851534,0.04744575,0.71218425,0.050955,0.7814948,0.01253691,0.78513354,0.01052,0.71567416,0.04902057,0.7760959,0.01552947
