img_index,width,height,noise_std,noise_std_est,t_diff,max_rel_gain,rel_gain_synth_1,rel_error_synth_1,rel_gain_synth_2,rel_error_synth_2,rel_gain_synth_3,rel_error_synth_3,rel_gain_synth_4,rel_error_synth_4,rel_gain_synth_5,rel_error_synth_5,rel_gain_synth_6,rel_error_synth_6,rel_gain_synth_7,rel_error_synth_7,rel_gain_synth_8,rel_error_synth_8,rel_gain_synth_9,rel_error_synth_9,rel_gain_synth_10,rel_error_synth_10
66,640,427,0.05,0.0511403312156295,0.74,0.2497541708514372,0.2475556904548009,0.0017591302737069,0.2497483302233054,4.673421596063281e-06,0.2497062390826925,3.835295761566099e-05,0.249667864979622,6.90582786823922e-05,0.2469767926576096,0.0022223396077449,0.2466731275373951,0.0024653194891463,0.2483378285871121,0.0011332966893482,0.2495806469376048,0.000138846437067,0.2480900805348883,0.0013315341171577,0.2469767926576096,0.0022223396077449
66,640,427,0.1,0.1011143871543222,1.81,0.483739538896835,0.4836921635109034,3.1929718585797107e-05,0.4835550409530816,0.0001243465843678,0.4836186242161354,8.149319845550505e-05,0.4837391008651784,2.952213950336395e-07,0.4835991593811524,9.46119665901363e-05,0.4834750077287064,0.0001782867957574,0.48373765734924,1.268111784869166e-06,0.483739538896835,0.0,0.48373765734924,1.268111784869166e-06,0.4833768269758731,0.0002444579465959
66,640,427,0.15,0.1517117255600477,50.0,0.6861062265140441,0.685985402551985,7.16585705924293e-05,0.685985402551985,7.16585705924293e-05,0.685985402551985,7.16585705924293e-05,0.685985402551985,7.16585705924293e-05,0.6860863334855184,1.1798205956924924e-05,0.6861024374667356,2.247217434422844e-06,0.685985402551985,7.16585705924293e-05,0.685985402551985,7.16585705924293e-05,0.685985402551985,7.16585705924293e-05,0.6854952585229459,0.000362354388763
