img_index,width,height,noise_std,noise_std_est,avg_mass_loss,t_diff,max_rel_gain,rel_gain_synth_1,rel_error_synth_1,rel_gain_synth_2,rel_error_synth_2,rel_gain_synth_3,rel_error_synth_3,rel_gain_synth_4,rel_error_synth_4,rel_gain_synth_5,rel_error_synth_5,rel_gain_synth_6,rel_error_synth_6,rel_gain_synth_7,rel_error_synth_7,rel_gain_synth_8,rel_error_synth_8,rel_gain_synth_9,rel_error_synth_9,rel_gain_synth_10,rel_error_synth_10,rel_gain_synth_11,rel_error_synth_11,rel_gain_synth_12,rel_error_synth_12,rel_gain_synth_13,rel_error_synth_13,rel_gain_synth_14,rel_error_synth_14,rel_gain_synth_15,rel_error_synth_15,rel_gain_synth_16,rel_error_synth_16
29,500,334,0.05,0.0508376143580448,1.5593812375249502e-08,0.058,0.3549625,0.33859363,0.01208068,0.34047782,0.01069009,0.3347338,0.01492934,0.33859363,0.01208068,0.3347338,0.01492934,0.33667278,0.01349833,0.3347338,0.01492934,0.33859363,0.01208068,0.3347338,0.01492934,0.3347338,0.01492934,0.3347338,0.01492934,0.33667278,0.01349833,0.35420066,0.00056225,0.3474755,0.00552562,0.33667278,0.01349833,0.34232295,0.00932835
29,500,334,0.1,0.10071456483581448,4.6781437125748504e-08,0.124,0.6244119,0.61839586,0.0037035,0.6204038,0.00246737,0.61449915,0.00610235,0.617656,0.00415896,0.6153283,0.00559189,0.6161197,0.00510473,0.6153283,0.00559189,0.617656,0.00415896,0.61449915,0.00610235,0.61449915,0.00610235,0.61449915,0.00610235,0.6136703,0.00661258,0.6164293,0.00491411,0.5940608,0.01868434,0.61449915,0.00610235,0.61977035,0.00285735
29,500,334,0.15,0.15170561863721685,4.6781437125748504e-08,0.242,0.8859254,0.87088144,0.00797697,0.87561023,0.00546956,0.8671182,0.0099724,0.86583585,0.01065234,0.8645456,0.0113365,0.8664754,0.01031323,0.8714974,0.00765037,0.8690161,0.00896604,0.86583585,0.01065234,0.8612663,0.01307534,0.8632393,0.01202916,0.85064054,0.01870957,0.87613356,0.00519207,0.8529632,0.01747801,0.8513091,0.01835506,0.87210435,0.00732854
