img_index,width,height,noise_std,noise_std_est,avg_mass_loss,t_diff,max_rel_gain,rel_gain_synth_1,rel_error_synth_1,rel_gain_synth_2,rel_error_synth_2,rel_gain_synth_3,rel_error_synth_3,rel_gain_synth_4,rel_error_synth_4,rel_gain_synth_5,rel_error_synth_5,rel_gain_synth_6,rel_error_synth_6,rel_gain_synth_7,rel_error_synth_7,rel_gain_synth_8,rel_error_synth_8,rel_gain_synth_9,rel_error_synth_9,rel_gain_synth_10,rel_error_synth_10,rel_gain_synth_11,rel_error_synth_11,rel_gain_synth_12,rel_error_synth_12,rel_gain_synth_13,rel_error_synth_13,rel_gain_synth_14,rel_error_synth_14,rel_gain_synth_15,rel_error_synth_15,rel_gain_synth_16,rel_error_synth_16
29,500,334,0.05,0.05079816298601452,4.6781437125748504e-08,0.06,0.35643512,0.3412937,0.01116267,0.34476048,0.00860685,0.33588147,0.01515269,0.3412937,0.01116267,0.337702,0.01381054,0.33951053,0.01247726,0.337702,0.01381054,0.33951053,0.01247726,0.337702,0.01381054,0.33951053,0.01247726,0.337702,0.01381054,0.33951053,0.01247726,0.3557693,0.00049085,0.34970856,0.00495901,0.337702,0.01381054,0.34476048,0.00860685
29,500,334,0.1,0.10106478377896384,4.6781437125748504e-08,0.145,0.62472147,0.61633176,0.0051638,0.6194852,0.0032229,0.6068009,0.01102996,0.61426115,0.00643823,0.6083328,0.01008707,0.61134994,0.00823008,0.6083328,0.01008707,0.6128241,0.00732273,0.60603577,0.01150088,0.6106064,0.00868771,0.6068009,0.01102996,0.60603577,0.01150088,0.615812,0.00548369,0.60037535,0.01498482,0.6052538,0.01198217,0.61764234,0.00435714
29,500,334,0.15,0.15183074896415097,3.1187624750499005e-08,0.34900000000000003,0.88635486,0.86207724,0.01287014,0.87294763,0.0071075,0.83334285,0.02810288,0.8558407,0.01617628,0.8341796,0.02765931,0.84510267,0.02186875,0.8341796,0.02765931,0.8473933,0.02065443,0.8237932,0.03316538,0.8316919,0.02897807,0.8358681,0.02676418,0.82455367,0.03276224,0.8703538,0.00848254,0.8635286,0.01210074,0.83375806,0.02788278,0.86591595,0.01083514
