img_index,width,height,noise_std,noise_std_est,t_diff,max_rel_gain,rel_gain_synth_1,rel_error_synth_1,rel_gain_synth_2,rel_error_synth_2,rel_gain_synth_3,rel_error_synth_3,rel_gain_synth_4,rel_error_synth_4,rel_gain_synth_5,rel_error_synth_5,rel_gain_synth_6,rel_error_synth_6,rel_gain_synth_7,rel_error_synth_7,rel_gain_synth_8,rel_error_synth_8,rel_gain_synth_9,rel_error_synth_9,rel_gain_synth_10,rel_error_synth_10
29,640,428,0.05,0.0511776805124678,0.71,0.2441725407192269,0.2430820593976655,0.0008764711371391,0.243978785755993,0.0001557299786747,0.2438463198188157,0.0002621990839169,0.2441725407192269,0.0,0.2428945194175371,0.0010272058415234,0.2426974988322157,0.001185560554293,0.2435774608950418,0.000478293648758,0.2441725407192269,0.0,0.2435774608950418,0.000478293648758,0.2426974988322157,0.001185560554293
29,640,428,0.1,0.1009323424021289,1.83,0.4868039390960695,0.4859923598081743,0.0005458549486952,0.4852944754921043,0.0010152405197976,0.4856245669866571,0.0007932263820402,0.4866536178722264,0.0001011035953634,0.4854637532597196,0.00090138706329,0.4850236723868324,0.0011973782570951,0.4867551108053659,3.28411093215515e-05,0.4866008884531277,0.0001365685398071,0.4867551108053659,3.28411093215515e-05,0.4847311016048133,0.0013941565775756
29,640,428,0.15,0.1511617883349793,50.0,0.6958371907441763,0.6919456575363718,0.0022947563769943,0.6958371907412073,1.7507081205015053e-12,0.6958371907412073,1.7507081205015053e-12,0.6958371907412073,1.7507081205015053e-12,0.6914997721892393,0.0025576857133517,0.6913549967711005,0.0026430567731026,0.6958371907412073,1.7507081205015053e-12,0.6958371907412073,1.7507081205015053e-12,0.6958371907412073,1.7507081205015053e-12,0.6885416249379699,0.0043020437610551
