img_index,width,height,noise_std,noise_std_est,avg_mass_loss,t_diff,max_rel_gain,rel_gain_synth_1,rel_error_synth_1,rel_gain_synth_2,rel_error_synth_2,rel_gain_synth_3,rel_error_synth_3,rel_gain_synth_4,rel_error_synth_4,rel_gain_synth_5,rel_error_synth_5,rel_gain_synth_6,rel_error_synth_6,rel_gain_synth_7,rel_error_synth_7,rel_gain_synth_8,rel_error_synth_8,rel_gain_synth_9,rel_error_synth_9,rel_gain_synth_10,rel_error_synth_10
29,500,334,0.05,0.050810275601965035,0.0002655515852612569,0.057,0.36742618100167523,0.35379852697859926,0.009965915683355824,0.35745984298023536,0.007288391987740977,0.35188342927258526,0.011366428363763273,0.355655398840467,0.008607983615309928,0.35188342927258526,0.011366428363763273,0.35379852697859926,0.009965915683355824,0.35188342927258526,0.011366428363763273,0.35379852697859926,0.009965915683355824,0.34994338764428934,0.012785182557042496,0.35188342927258526,0.011366428363763273
29,500,334,0.1,0.10137044410344993,0.000605148568636556,0.136,0.6311515851573591,0.6130622612646717,0.011089909765156732,0.6178321764516224,0.00816564740330487,0.607118340649476,0.014733912363861996,0.6140340651266324,0.010494131990237665,0.607118340649476,0.014733912363861996,0.6110989125987893,0.01229356777201997,0.607118340649476,0.014733912363861996,0.6130622612646717,0.011089909765156732,0.6061168104767581,0.015347914264011138,0.607118340649476,0.014733912363861996
29,500,334,0.15,0.15131436923329333,0.0010384887547622934,0.247,0.8806965362752401,0.8515952550066272,0.015473671965307396,0.8594387971793926,0.011303120246049346,0.8401216179974627,0.021574410063059376,0.8515952550066272,0.015473671965307396,0.8386952844913771,0.022332817109903053,0.8458473323534231,0.018529945288694248,0.8394085881140674,0.02195354081044061,0.8480011384908647,0.017384728026951877,0.8330375664255838,0.02534112704011568,0.8358585377266825,0.023841166123143007
