img_index,width,height,noise_std,noise_std_est,avg_mass_loss,t_diff,max_rel_gain,rel_gain_synth_1,rel_error_synth_1,rel_gain_synth_2,rel_error_synth_2,rel_gain_synth_3,rel_error_synth_3,rel_gain_synth_4,rel_error_synth_4,rel_gain_synth_5,rel_error_synth_5,rel_gain_synth_6,rel_error_synth_6,rel_gain_synth_7,rel_error_synth_7,rel_gain_synth_8,rel_error_synth_8,rel_gain_synth_9,rel_error_synth_9,rel_gain_synth_10,rel_error_synth_10
13,360,540,0.05,0.0550386778914944,0.00023043896774815675,0.052000000000000005,0.19390079414142264,0.14494964395789678,0.04100101987010438,0.14494964395789678,0.04100101987010438,0.1417187193155691,0.043707211756550984,0.14494964395789678,0.04100101987010438,0.1417187193155691,0.043707211756550984,0.1417187193155691,0.043707211756550984,0.1417187193155691,0.043707211756550984,0.1417187193155691,0.043707211756550984,0.1417187193155691,0.043707211756550984,0.1417187193155691,0.043707211756550984
13,360,540,0.1,0.10342026700826663,0.00043321807105072636,0.099,0.3632643576879052,0.3408354158659582,0.016452378950173978,0.3422392393280608,0.01542262749060865,0.3394143095138763,0.0174948079875561,0.3422392393280608,0.01542262749060865,0.3394143095138763,0.0174948079875561,0.3408354158659582,0.016452378950173978,0.3394143095138763,0.0174948079875561,0.3408354158659582,0.016452378950173978,0.3394143095138763,0.0174948079875561,0.3408354158659582,0.016452378950173978
13,360,540,0.15,0.15322026535916689,0.000665720767553525,0.156,0.5468315358705418,0.5351517040980377,0.007550810480425588,0.5358853200375467,0.007076540385397965,0.5336541818472389,0.008518932875186569,0.5351517040980377,0.007550810480425588,0.5336541818472389,0.008518932875186569,0.5344120747912172,0.008028968114058357,0.5336541818472389,0.008518932875186569,0.5344120747912172,0.008028968114058357,0.5328915482514393,0.009011962386231807,0.5336541818472389,0.008518932875186569
