img_index,width,height,noise_std,noise_std_est,avg_mass_loss,t_diff,max_rel_gain,rel_gain_synth_1,rel_error_synth_1
13,360,540,0.05,0.05501594816943148,0.0004603089549000562,0.149,0.1509495965941117,0.10744924241025837,0.037795186090320114
13,360,540,0.1,0.10348680850498754,0.0008231152632889625,0.296,0.3210084324949918,0.299725489913953,0.016111133023459685
13,360,540,0.15,0.153621522923424,0.0011995000635837347,0.492,0.5026575562359652,0.4934099039987984,0.00615419807313347
