img_index,width,height,noise_std,noise_std_est,t_diff,max_rel_gain,rel_gain_synth_1,rel_error_synth_1,rel_gain_synth_2,rel_error_synth_2,rel_gain_synth_3,rel_error_synth_3,rel_gain_synth_4,rel_error_synth_4,rel_gain_synth_5,rel_error_synth_5,rel_gain_synth_6,rel_error_synth_6,rel_gain_synth_7,rel_error_synth_7,rel_gain_synth_8,rel_error_synth_8,rel_gain_synth_9,rel_error_synth_9,rel_gain_synth_10,rel_error_synth_10
13,480,720,0.05,0.0571511832077789,0.3,0.0802578357979813,0.0406630754288193,0.0366530647194181,0.0473165442165287,0.0304939158873298,0.0506640485520605,0.0273951146339614,0.0473165442165287,0.0304939158873298,0.0439780324651566,0.0335843926612437,0.0439780324651566,0.0335843926612437,0.0439780324651566,0.0335843926612437,0.0506640485520605,0.0273951146339614,0.0439780324651566,0.0335843926612437,0.0406630754288193,0.0366530647194181
13,480,720,0.1,0.1048477214845751,0.53,0.2284917282529056,0.2182341365921711,0.0083497441820974,0.2173363912079047,0.0090805145760853,0.2173363912079047,0.0090805145760853,0.2173363912079047,0.0090805145760853,0.2173363912079047,0.0090805145760853,0.2173363912079047,0.0090805145760853,0.2173363912079047,0.0090805145760853,0.2173363912079047,0.0090805145760853,0.2173363912079047,0.0090805145760853,0.2182341365921711,0.0083497441820974
13,480,720,0.15,0.1539172367303674,0.76,0.3927178155992372,0.392633966778595,6.020517559481418e-05,0.3922115575562719,0.0003635036741075,0.3922115575562719,0.0003635036741075,0.3923188192496281,0.0002864875749703,0.392633966778595,6.020517559481418e-05,0.3925744337363612,0.0001029511228118,0.392501299711387,0.0001554628550199,0.3922115575562719,0.0003635036741075,0.392501299711387,0.0001554628550199,0.392633966778595,6.020517559481418e-05
