img_index,width,height,noise_std,noise_std_est,avg_mass_loss,t_diff,psnr_start,max_rel_gain,rel_gain_synth_1,rel_error_synth_1
13,360,540,0.05,0.0550159481694314,0.0004603089549,0.149,26.019089775321547,0.1509495965941117,0.1074492424102583,0.0377951860903201
13,360,540,0.1,0.1034868085049875,0.0008231152632889,0.296,19.999772303110092,0.3210084324949918,0.299725489913953,0.0161111330234596
13,360,540,0.15,0.153621522923424,0.0011995000635837,0.492,16.466370285751708,0.5026575562359652,0.4934099039987984,0.0061541980731334
