img_index,width,height,noise_std,noise_std_est,avg_mass_loss,t_diff,psnr_start,max_rel_gain,rel_gain_synth_2,rel_error_synth_2,rel_gain_synth_3,rel_error_synth_3,rel_gain_synth_4,rel_error_synth_4,rel_gain_synth_8,rel_error_synth_8
13,360,540,0.05,0.0547708303373936,0.0006402501621557,0.313,26.011574457336977,0.1061600270552558,0.0919952515262114,0.0128053583411009,0.0933234348559022,0.0116046429859939,0.0916611122307988,0.0131074297297246,0.0926611793865789,0.0122033406907792
13,360,540,0.1,0.1033169786252232,0.0009880023341378,0.604,20.00156917810003,0.2735570185441791,0.2735493846888442,5.994121365305448e-06,0.2734310103583584,9.894192720535176e-05,0.2735293598432812,2.1717677728657742e-05,0.2734177464166183,0.0001093568058066
13,360,540,0.15,0.1532554691576591,0.001532124672406,1.832,16.4826738796702,0.4432321949103274,0.4351949504496112,0.0055689198793237,0.4373463041997492,0.0040782701018832,0.435565987471048,0.0053118323346131,0.4371199642745136,0.0042350985914594
