img_index,width,height,noise_std,noise_std_est,avg_mass_loss,t_diff,max_rel_gain,rel_gain_synth_1,rel_error_synth_1,rel_gain_synth_2,rel_error_synth_2,rel_gain_synth_3,rel_error_synth_3,rel_gain_synth_4,rel_error_synth_4,rel_gain_synth_5,rel_error_synth_5,rel_gain_synth_6,rel_error_synth_6,rel_gain_synth_7,rel_error_synth_7,rel_gain_synth_8,rel_error_synth_8,rel_gain_synth_9,rel_error_synth_9,rel_gain_synth_10,rel_error_synth_10,rel_gain_synth_11,rel_error_synth_11,rel_gain_synth_12,rel_error_synth_12,rel_gain_synth_13,rel_error_synth_13,rel_gain_synth_14,rel_error_synth_14,rel_gain_synth_15,rel_error_synth_15,rel_gain_synth_16,rel_error_synth_16
13,360,540,0.05,0.054973755938059116,1.6075102880658437e-07,0.054,0.18312438,0.13163085,0.04352333,0.13457419,0.04103557,0.12870775,0.04599399,0.13163085,0.04352333,0.12870775,0.04599399,0.13163085,0.04352333,0.12870775,0.04599399,0.13163085,0.04352333,0.12870775,0.04599399,0.13163085,0.04352333,0.12870775,0.04599399,0.13163085,0.04352333,0.15538396,0.02344674,0.16655467,0.01400504,0.12870775,0.04599399,0.13457419,0.04103557
13,360,540,0.1,0.10360485490941393,5.3583676268861454e-08,0.109,0.35712653,0.33582696,0.01569461,0.3369684,0.01485353,0.33235374,0.01825386,0.33582696,0.01569461,0.33351856,0.01739554,0.33467633,0.01654246,0.33351856,0.01739554,0.33467633,0.01654246,0.33235374,0.01825386,0.33467633,0.01654246,0.33351856,0.01739554,0.33235374,0.01825386,0.3494405,0.00566346,0.3540739,0.00224932,0.33351856,0.01739554,0.33582696,0.01569461
13,360,540,0.15,0.15289026435085953,5.3583676268861454e-08,0.182,0.54322016,0.53305215,0.00658884,0.533574,0.00625066,0.52981716,0.00868509,0.5325298,0.00692731,0.5303719,0.00832558,0.5314622,0.00761911,0.5303719,0.00832558,0.5314622,0.00761911,0.5292636,0.00904377,0.52981716,0.00868509,0.52981716,0.00868509,0.5292636,0.00904377,0.5422078,0.00065601,0.54302937,0.00012361,0.5303719,0.00832558,0.5325298,0.00692731
