img_index,width,height,noise_std,noise_std_est,avg_mass_loss,t_diff,max_rel_gain,rel_gain_synth_2,rel_error_synth_2,rel_gain_synth_3,rel_error_synth_3,rel_gain_synth_4,rel_error_synth_4,rel_gain_synth_8,rel_error_synth_8
13,360,540,0.05,0.054770830337393606,0.0006402501621557781,0.313,0.10616002705525589,0.09199525152621146,0.012805358341100904,0.09332343485590221,0.011604642985993978,0.0916611122307988,0.013107429729724661,0.09266117938657896,0.012203340690779295
13,360,540,0.1,0.10331697862522325,0.0009880023341378326,0.604,0.2735570185441791,0.27354938468884427,5.994121365305448e-06,0.27343101035835843,9.894192720535176e-05,0.27352935984328125,2.1717677728657742e-05,0.27341774641661837,0.00010935680580669192
13,360,540,0.15,0.15325546915765914,0.0015321246724060273,1.832,0.4432321949103274,0.4351949504496112,0.005568919879323748,0.43734630419974924,0.004078270101883253,0.435565987471048,0.005311832334613152,0.43711996427451366,0.004235098591459487
