img_index,width,height,noise_std,noise_std_est,avg_mass_loss,t_diff,max_rel_gain,rel_gain_synth_1,rel_error_synth_1,rel_gain_synth_2,rel_error_synth_2,rel_gain_synth_3,rel_error_synth_3,rel_gain_synth_4,rel_error_synth_4,rel_gain_synth_5,rel_error_synth_5,rel_gain_synth_6,rel_error_synth_6,rel_gain_synth_7,rel_error_synth_7,rel_gain_synth_8,rel_error_synth_8,rel_gain_synth_9,rel_error_synth_9,rel_gain_synth_10,rel_error_synth_10,rel_gain_synth_11,rel_error_synth_11,rel_gain_synth_12,rel_error_synth_12,rel_gain_synth_13,rel_error_synth_13,rel_gain_synth_14,rel_error_synth_14,rel_gain_synth_15,rel_error_synth_15,rel_gain_synth_16,rel_error_synth_16
13,360,540,0.05,0.05485080862758118,1.0716735253772291e-07,0.052000000000000005,0.18199149,0.1316598,0.04258211,0.1316598,0.04258211,0.12853883,0.04522254,0.1316598,0.04258211,0.12853883,0.04522254,0.12853883,0.04522254,0.12853883,0.04522254,0.12853883,0.04522254,0.12853883,0.04522254,0.12853883,0.04522254,0.12853883,0.04522254,0.12853883,0.04522254,0.1536798,0.02395253,0.16542432,0.01401632,0.12853883,0.04522254,0.1316598,0.04258211
13,360,540,0.1,0.10363327471440321,1.0716735253772291e-07,0.10200000000000001,0.35544404,0.33302295,0.01654152,0.3343441,0.01556684,0.33034945,0.01851395,0.33302295,0.01654152,0.3316931,0.01752263,0.3316931,0.01752263,0.3316931,0.01752263,0.3316931,0.01752263,0.3316931,0.01752263,0.3316931,0.01752263,0.3316931,0.01752263,0.3316931,0.01752263,0.34643412,0.00664723,0.35263935,0.00206922,0.3316931,0.01752263,0.3343441,0.01556684
13,360,540,0.15,0.15295997413594328,1.0716735253772291e-07,0.16,0.543018,0.5332784,0.00631203,0.53392667,0.00589191,0.5319584,0.00716748,0.5326284,0.00673326,0.5326284,0.00673326,0.5319584,0.00716748,0.5332784,0.00631203,0.5319584,0.00716748,0.5332784,0.00631203,0.5319584,0.00716748,0.5319584,0.00716748,0.5305947,0.00805128,0.5411021,0.00124162,0.5429269,5.9014623e-05,0.5305947,0.00805128,0.5332784,0.00631203
