img_index,width,height,noise_std,noise_std_est,avg_mass_loss,t_diff,max_rel_gain,rel_gain_synth_1,rel_error_synth_1,rel_gain_synth_2,rel_error_synth_2,rel_gain_synth_3,rel_error_synth_3,rel_gain_synth_4,rel_error_synth_4,rel_gain_synth_5,rel_error_synth_5,rel_gain_synth_6,rel_error_synth_6,rel_gain_synth_7,rel_error_synth_7,rel_gain_synth_8,rel_error_synth_8,rel_gain_synth_9,rel_error_synth_9,rel_gain_synth_10,rel_error_synth_10
85,210,140,0.05,0.0568833633453873,0.0007036213865831499,0.064,0.17010555887232634,0.10722948156054762,0.053735388944203204,0.11791982033539906,0.044599171537327446,0.09941654009391969,0.060412514274808045,0.10988373783209396,0.05146699849735811,0.09941654009391969,0.060412514274808045,0.10199912015993742,0.05820538001547963,0.0968515454911162,0.06260461957962811,0.10199912015993742,0.05820538001547963,0.09941654009391969,0.060412514274808045,0.10199912015993742,0.05820538001547963
85,210,140,0.1,0.10518374676315745,0.001326714347251873,0.124,0.33740309396187473,0.2904244469615927,0.03512676709989819,0.2991575141478714,0.028596897963430023,0.28174936513168497,0.0416132795575664,0.2918795721814363,0.03403874417964834,0.28032186850349866,0.04268064409009304,0.2831886745768532,0.040537082372389815,0.2788925655942059,0.04374935921102092,0.2831886745768532,0.040537082372389815,0.28032186850349866,0.04268064409009304,0.2846247291427001,0.03946331891817739
85,210,140,0.15,0.15484961748242446,0.001988767439782385,0.191,0.5166017529499752,0.4754804623082101,0.027114099374986985,0.4847596668317157,0.02099568067643521,0.4660510007281146,0.03333159290072902,0.4765260674745444,0.026424659867020944,0.46395667557632936,0.03471252573145506,0.4670988203469102,0.03264069325172268,0.46290614622735476,0.035405212092216025,0.4670988203469102,0.03264069325172268,0.46290614622735476,0.035405212092216025,0.4670988203469102,0.03264069325172268
