img_index,width,height,noise_std,noise_std_est,avg_mass_loss,t_diff,max_rel_gain,rel_gain_synth_1,rel_error_synth_1
8,280,419,0.05,0.05421944440599275,0.0005546923097170016,0.159,0.1636046188158903,0.12589891823080854,0.032404220450286556
8,280,419,0.1,0.10353001143385276,0.0010289039907770245,0.335,0.3502828946453208,0.32968280121903576,0.015256131517311443
8,280,419,0.15,0.15288860625119166,0.0014888115280817615,0.562,0.5404970831160725,0.5294302952472438,0.0071839070583912265
