img_index,width,height,noise_std,noise_std_est,avg_mass_loss,t_diff,psnr_start,max_rel_gain,rel_gain_synth_1,rel_error_synth_1
8,280,419,0.05,0.0542194444059927,0.000554692309717,0.159,26.0211507708582,0.1636046188158903,0.1258989182308085,0.0324042204502865
8,280,419,0.1,0.1035300114338527,0.001028903990777,0.335,19.98838278259256,0.3502828946453208,0.3296828012190357,0.0152561315173114
8,280,419,0.15,0.1528886062511916,0.0014888115280817,0.562,16.487745460130945,0.5404970831160725,0.5294302952472438,0.0071839070583912
