img_index,width,height,noise_std,noise_std_est,avg_mass_loss,t_diff,max_rel_gain,rel_gain_synth_1,rel_error_synth_1,rel_gain_synth_2,rel_error_synth_2,rel_gain_synth_3,rel_error_synth_3,rel_gain_synth_4,rel_error_synth_4,rel_gain_synth_5,rel_error_synth_5,rel_gain_synth_6,rel_error_synth_6,rel_gain_synth_7,rel_error_synth_7,rel_gain_synth_8,rel_error_synth_8,rel_gain_synth_9,rel_error_synth_9,rel_gain_synth_10,rel_error_synth_10
8,280,419,0.05,0.05414791350696196,0.00029897319045317673,0.053,0.19033190899378818,0.14805277585394963,0.03551877658692521,0.15071692297037673,0.03328062175271669,0.14805277585394963,0.03551877658692521,0.14805277585394963,0.03551877658692521,0.14805277585394963,0.03551877658692521,0.14805277585394963,0.03551877658692521,0.14805277585394963,0.03551877658692521,0.14805277585394963,0.03551877658692521,0.1454073582116141,0.0377411967559113,0.14805277585394963,0.03551877658692521
8,280,419,0.1,0.10317744996633421,0.0005917659572790719,0.107,0.38186366984059117,0.359595094302829,0.016114886022244878,0.36080902602120374,0.015236411723463445,0.3583696966355708,0.017001657774048412,0.36080902602120374,0.015236411723463445,0.3583696966355708,0.017001657774048412,0.359595094302829,0.016114886022244878,0.3583696966355708,0.017001657774048412,0.359595094302829,0.016114886022244878,0.3571393239174622,0.01789202977308251,0.3583696966355708,0.017001657774048412
8,280,419,0.15,0.15313896854036413,0.0009349597031173991,0.17300000000000001,0.5752235344659373,0.5571503211805401,0.01147342766912429,0.5579334644119657,0.010976264432103961,0.5547665809660539,0.012986698746104657,0.5571503211805401,0.01147342766912429,0.5547665809660539,0.012986698746104657,0.5563631700297542,0.011973135255738456,0.5547665809660539,0.012986698746104657,0.5571503211805401,0.01147342766912429,0.5531495215603525,0.014013257434646422,0.5539593172690183,0.013499174391225935
