img_index,width,height,noise_std,noise_std_est,t_diff,max_rel_gain,rel_gain_synth_1,rel_error_synth_1,rel_gain_synth_2,rel_error_synth_2,rel_gain_synth_3,rel_error_synth_3,rel_gain_synth_4,rel_error_synth_4,rel_gain_synth_5,rel_error_synth_5,rel_gain_synth_6,rel_error_synth_6,rel_gain_synth_7,rel_error_synth_7,rel_gain_synth_8,rel_error_synth_8,rel_gain_synth_9,rel_error_synth_9,rel_gain_synth_10,rel_error_synth_10
8,427,640,0.05,0.0540096428746256,0.34,0.1065187300916107,0.08358600155683,0.0207251155458363,0.0882218252822142,0.0165355581535268,0.090493936092989,0.0144821714832563,0.0882218252822142,0.0165355581535268,0.08358600155683,0.0207251155458363,0.08358600155683,0.0207251155458363,0.08358600155683,0.0207251155458363,0.090493936092989,0.0144821714832563,0.08358600155683,0.0207251155458363,0.081247509371858,0.0228384934050419
8,427,640,0.1,0.1026851012711275,0.62,0.2749584618800539,0.2705671100066504,0.0034443097596513,0.2700886011822576,0.0038196230256907,0.2705671100066504,0.0034443097596513,0.2700886011822576,0.0038196230256907,0.2700886011822576,0.0038196230256907,0.2705671100066504,0.0034443097596513,0.2700886011822576,0.0038196230256907,0.2705671100066504,0.0034443097596513,0.2700886011822576,0.0038196230256907,0.2705671100066504,0.0034443097596513
8,427,640,0.15,0.1529553872633443,0.95,0.4554269811081257,0.4546886988853245,0.0005072616025292,0.45533015250506,6.652934453086683e-05,0.4554017800013171,1.7315267021755075e-05,0.455282846880785,9.903226284216936e-05,0.4548059135922884,0.000426725300478,0.4549112685292765,0.0003543376517979,0.4550054511078215,0.0002896263473027,0.4553696460324996,3.939398978463466e-05,0.4550054511078215,0.0002896263473027,0.4545588940115506,0.0005964484016327
