img_index,width,height,noise_std,noise_std_est,avg_mass_loss,t_diff,max_rel_gain,rel_gain_synth_1,rel_error_synth_1,rel_gain_synth_2,rel_error_synth_2,rel_gain_synth_3,rel_error_synth_3,rel_gain_synth_4,rel_error_synth_4,rel_gain_synth_5,rel_error_synth_5,rel_gain_synth_6,rel_error_synth_6,rel_gain_synth_7,rel_error_synth_7,rel_gain_synth_8,rel_error_synth_8,rel_gain_synth_9,rel_error_synth_9,rel_gain_synth_10,rel_error_synth_10,rel_gain_synth_11,rel_error_synth_11,rel_gain_synth_12,rel_error_synth_12,rel_gain_synth_13,rel_error_synth_13,rel_gain_synth_14,rel_error_synth_14,rel_gain_synth_15,rel_error_synth_15,rel_gain_synth_16,rel_error_synth_16
8,280,419,0.05,0.054302245744032925,4.439424934651665e-08,0.055,0.17950848,0.1351729,0.03758818,0.1351729,0.03758818,0.13279012,0.03960833,0.1351729,0.03758818,0.13279012,0.03960833,0.1351729,0.03758818,0.13279012,0.03960833,0.1351729,0.03758818,0.13279012,0.03960833,0.13279012,0.03960833,0.13279012,0.03960833,0.13279012,0.03960833,0.15714434,0.01896056,0.1663431,0.01116176,0.13279012,0.03960833,0.1351729,0.03758818
8,280,419,0.1,0.10321360866463121,8.87884986930333e-08,0.12,0.3695897,0.34659973,0.01678601,0.34659973,0.01678601,0.34262186,0.01969043,0.3456063,0.01751137,0.34262186,0.01969043,0.3446151,0.01823507,0.34262186,0.01969043,0.3456063,0.01751137,0.34262186,0.01969043,0.34361532,0.01896507,0.34361532,0.01896507,0.34262186,0.01969043,0.36288485,0.00489551,0.36781073,0.00129891,0.34162256,0.02042008,0.34659973,0.01678601
8,280,419,0.15,0.15230728230688564,4.439424934651665e-08,0.20400000000000001,0.5697476,0.5537758,0.0101748,0.5537758,0.0101748,0.54804814,0.01382358,0.552651,0.01089133,0.54804814,0.01382358,0.5515128,0.01161642,0.54804814,0.01382358,0.5520868,0.01125076,0.546882,0.01456647,0.5497925,0.01271231,0.54920876,0.0130842,0.54747033,0.01419166,0.56864035,0.00070539,0.56967473,4.64402e-05,0.54863244,0.01345132,0.552651,0.01089133
