img_index,width,height,noise_std,noise_std_est,avg_mass_loss,t_diff,psnr_start,max_rel_gain,rel_gain_synth_2,rel_error_synth_2,rel_gain_synth_3,rel_error_synth_3,rel_gain_synth_4,rel_error_synth_4,rel_gain_synth_8,rel_error_synth_8
8,280,419,0.05,0.0540373560996264,0.0007242148019852,0.352,26.029934937775288,0.1258689469003217,0.1167909528032466,0.0080631001699337,0.1184933202446304,0.0065510525678832,0.1166752929970996,0.0081658295386275,0.1180459892818368,0.006948373201004
8,280,419,0.1,0.1029799281006854,0.0011413549218472,0.74,20.005834216031072,0.3054522697981386,0.3054428735147927,7.1977226308661546e-06,0.3054409595371714,8.663864033081683e-06,0.3054494053606139,2.194210842480825e-06,0.3054409595371714,8.663864033081683e-06
8,280,419,0.15,0.1532126275455808,0.0016458027271246,2.173,16.484231708053464,0.4760371231735351,0.4709373244283421,0.0034550613024069,0.4735468032166839,0.0016871662085956,0.471039884799474,0.0033855777037076,0.4731823913045947,0.0019340515384888
