img_index,width,height,noise_std,noise_std_est,avg_mass_loss,t_diff,max_rel_gain,rel_gain_synth_1,rel_error_synth_1,rel_gain_synth_2,rel_error_synth_2,rel_gain_synth_3,rel_error_synth_3,rel_gain_synth_4,rel_error_synth_4,rel_gain_synth_5,rel_error_synth_5,rel_gain_synth_6,rel_error_synth_6,rel_gain_synth_7,rel_error_synth_7,rel_gain_synth_8,rel_error_synth_8,rel_gain_synth_9,rel_error_synth_9,rel_gain_synth_10,rel_error_synth_10,rel_gain_synth_11,rel_error_synth_11,rel_gain_synth_12,rel_error_synth_12,rel_gain_synth_13,rel_error_synth_13,rel_gain_synth_14,rel_error_synth_14,rel_gain_synth_15,rel_error_synth_15,rel_gain_synth_16,rel_error_synth_16
8,280,419,0.05,0.0541412270842649,4.439424934651665e-08,0.054,0.17884766,0.13543326,0.03682783,0.13543326,0.03682783,0.13033122,0.04115582,0.13286734,0.03900446,0.13286734,0.03900446,0.13286734,0.03900446,0.13286734,0.03900446,0.13286734,0.03900446,0.13033122,0.04115582,0.13286734,0.03900446,0.13286734,0.03900446,0.13286734,0.03900446,0.15362704,0.0213943,0.16585952,0.01101766,0.13286734,0.03900446,0.13543326,0.03682783
8,280,419,0.1,0.10277079870527397,8.87884986930333e-08,0.107,0.37064856,0.35142243,0.01402704,0.35142243,0.01402704,0.34803164,0.0165009,0.35029647,0.01484853,0.3491716,0.01566919,0.35029647,0.01484853,0.3491716,0.01566919,0.35029647,0.01484853,0.3491716,0.01566919,0.3491716,0.01566919,0.3491716,0.01566919,0.34803164,0.0165009,0.36443636,0.00453231,0.36990184,0.00054481,0.3491716,0.01566919,0.35142243,0.01402704
8,280,419,0.15,0.1529826322280919,8.87884986930333e-08,0.177,0.56948775,0.55327153,0.01033214,0.5539687,0.00988795,0.5504112,0.01215462,0.5518518,0.01123674,0.55113196,0.01169538,0.5518518,0.01123674,0.5518518,0.01123674,0.5518518,0.01123674,0.5518518,0.01123674,0.5504112,0.01215462,0.55113196,0.01169538,0.548956,0.0130818,0.56629467,0.00203445,0.56942785,3.814087e-05,0.54968137,0.01261964,0.55256045,0.01078521
