img_index,width,height,noise_std,noise_std_est,avg_mass_loss,t_diff,max_rel_gain,rel_gain_synth_2,rel_error_synth_2,rel_gain_synth_3,rel_error_synth_3,rel_gain_synth_4,rel_error_synth_4,rel_gain_synth_8,rel_error_synth_8
8,280,419,0.05,0.05403735609962645,0.0007242148019852256,0.352,0.12586894690032174,0.11679095280324665,0.00806310016993371,0.11849332024463041,0.0065510525678832135,0.1166752929970996,0.008165829538627548,0.11804598928183689,0.006948373201004039
8,280,419,0.1,0.10297992810068544,0.0011413549218472813,0.74,0.3054522697981386,0.30544287351479277,7.1977226308661546e-06,0.30544095953717143,8.663864033081683e-06,0.3054494053606139,2.194210842480825e-06,0.30544095953717143,8.663864033081683e-06
8,280,419,0.15,0.15321262754558085,0.0016458027271246773,2.173,0.47603712317353514,0.47093732442834213,0.0034550613024069803,0.47354680321668396,0.001687166208595697,0.47103988479947406,0.003385577703707651,0.4731823913045947,0.0019340515384888345
