img_index,width,height,noise_std,noise_std_est,t_diff,max_rel_gain,rel_gain_synth_1,rel_error_synth_1,rel_gain_synth_2,rel_error_synth_2,rel_gain_synth_3,rel_error_synth_3,rel_gain_synth_4,rel_error_synth_4,rel_gain_synth_5,rel_error_synth_5,rel_gain_synth_6,rel_error_synth_6,rel_gain_synth_7,rel_error_synth_7,rel_gain_synth_8,rel_error_synth_8,rel_gain_synth_9,rel_error_synth_9,rel_gain_synth_10,rel_error_synth_10
44,640,427,0.05,0.0544544996312201,0.44,0.1367261221121989,0.1156095216863991,0.0185766826459148,0.1231579816212557,0.0119361561479132,0.1246243742439081,0.0106461421382698,0.1216694980191395,0.0132456040203264,0.1156095216863991,0.0185766826459148,0.1156095216863991,0.0185766826459148,0.117130726327565,0.0172384494412979,0.1216694980191395,0.0132456040203264,0.117130726327565,0.0172384494412979,0.1156095216863991,0.0185766826459148
44,640,427,0.1,0.1027996236729211,0.79,0.327759330242508,0.3254166221349117,0.0017644071890411,0.3254166221349117,0.0017644071890411,0.3254166221349117,0.0017644071890411,0.3251575150927998,0.0019595532793077,0.3254166221349117,0.0017644071890411,0.3256676823879269,0.0015753215262279,0.3251575150927998,0.0019595532793077,0.3251575150927998,0.0019595532793077,0.3251575150927998,0.0019595532793077,0.3256676823879269,0.0015753215262279
44,640,427,0.15,0.1528748034766806,1.29,0.5191543166472873,0.5180745959640245,0.0007107379885183,0.5191370487759918,1.1366765776436207e-05,0.5191518301365693,1.6367729668892608e-06,0.5191244537951878,1.9657550106860456e-05,0.5180745959640245,0.0007107379885183,0.5180745959640245,0.0007107379885183,0.5186329749748353,0.0003431788770495,0.5191244537951878,1.9657550106860456e-05,0.5185572143753242,0.0003930491230679,0.517827060298584,0.0008736810567293
