img_index,width,height,noise_std,noise_std_est,avg_mass_loss,t_diff,max_rel_gain,rel_gain_synth_1,rel_error_synth_1,rel_gain_synth_2,rel_error_synth_2,rel_gain_synth_3,rel_error_synth_3,rel_gain_synth_4,rel_error_synth_4,rel_gain_synth_5,rel_error_synth_5,rel_gain_synth_6,rel_error_synth_6,rel_gain_synth_7,rel_error_synth_7,rel_gain_synth_8,rel_error_synth_8,rel_gain_synth_9,rel_error_synth_9,rel_gain_synth_10,rel_error_synth_10,rel_gain_synth_11,rel_error_synth_11,rel_gain_synth_12,rel_error_synth_12,rel_gain_synth_13,rel_error_synth_13,rel_gain_synth_14,rel_error_synth_14,rel_gain_synth_15,rel_error_synth_15,rel_gain_synth_16,rel_error_synth_16
44,600,400,0.05,0.052101437260509205,4.340277777777778e-08,0.053,0.18780568,0.14626384,0.03497361,0.14897865,0.03268804,0.14355592,0.03725337,0.14626384,0.03497361,0.14626384,0.03497361,0.14626384,0.03497361,0.14626384,0.03497361,0.14626384,0.03497361,0.14355592,0.03725337,0.14626384,0.03497361,0.14626384,0.03497361,0.14626384,0.03497361,0.16507632,0.0191356,0.17256854,0.01282797,0.14626384,0.03497361,0.14897865,0.03268804
44,600,400,0.1,0.10155108149137268,2.170138888888889e-08,0.115,0.39014098,0.36163288,0.02050735,0.364068,0.01875563,0.35918894,0.0222654,0.36163288,0.02050735,0.35918894,0.0222654,0.36041385,0.02138426,0.35918894,0.0222654,0.36041385,0.02138426,0.35918894,0.0222654,0.35918894,0.0222654,0.35918894,0.0222654,0.35918894,0.0222654,0.37998265,0.0073074,0.3853666,0.00343447,0.35918894,0.0222654,0.36285397,0.01962894
44,600,400,0.15,0.15177339069986864,4.340277777777778e-08,0.20600000000000002,0.5936721,0.56608975,0.01730741,0.5688968,0.01554606,0.5618597,0.01996167,0.5646802,0.01819188,0.5618597,0.01996167,0.563271,0.01907613,0.5625662,0.01951836,0.563271,0.01907613,0.56045043,0.02084599,0.56115645,0.02040297,0.56045043,0.02084599,0.56115645,0.02040297,0.58786047,0.00364668,0.5892862,0.00275205,0.5618597,0.01996167,0.5674947,0.01642583
