energy,prior,fidelity,mass,psnr,ssim_indices
5262.423983845146,5262.423983845146,0.0,0.0,26.01153339283835,0.6736364212763183
2839.155027267825,2705.2893023135744,133.86572495425062,48.37830619176384,28.6053167447472,0.7720207511588465
2120.9195609261146,1811.5689287975645,309.35063212855,91.85692489059875,29.722897291202372,0.8152715037272813
1846.412064459668,1402.1401929383783,444.2718715212898,130.95266711400473,30.044668399597278,0.8332927953519084
1720.7752627260625,1178.0167127516338,542.7585499744287,166.11926427404978,30.020306968965794,0.8398705201877217
1656.3161014716454,1040.4521106081515,615.8639908634939,197.75851157674333,29.867490193311845,0.8410743873243508
1620.862318171222,949.2342462928696,671.6280718783523,226.22830156734562,29.679243155996407,0.8397415957199299
1600.5420220358108,885.3446217487602,715.1974002870505,251.84865377418464,29.493085261845536,0.8372791578952364
