img_index,width,height,noise_std,noise_std_est,avg_mass_loss,t_diff,max_rel_gain,rel_gain_synth_1,rel_error_synth_1,rel_gain_synth_2,rel_error_synth_2,rel_gain_synth_3,rel_error_synth_3,rel_gain_synth_4,rel_error_synth_4,rel_gain_synth_5,rel_error_synth_5,rel_gain_synth_6,rel_error_synth_6,rel_gain_synth_7,rel_error_synth_7,rel_gain_synth_8,rel_error_synth_8,rel_gain_synth_9,rel_error_synth_9,rel_gain_synth_10,rel_error_synth_10,rel_gain_synth_11,rel_error_synth_11,rel_gain_synth_12,rel_error_synth_12,rel_gain_synth_13,rel_error_synth_13,rel_gain_synth_14,rel_error_synth_14,rel_gain_synth_15,rel_error_synth_15,rel_gain_synth_16,rel_error_synth_16
44,600,400,0.05,0.05185405035874,4.340277777777778e-08,0.051000000000000004,0.18779725,0.14792977,0.03356421,0.14792977,0.03356421,0.14505723,0.03598259,0.14792977,0.03356421,0.14792977,0.03356421,0.14792977,0.03356421,0.14792977,0.03356421,0.14792977,0.03356421,0.14505723,0.03598259,0.14792977,0.03356421,0.14792977,0.03356421,0.14792977,0.03356421,0.16495402,0.01923159,0.1728033,0.01262332,0.14792977,0.03356421,0.14792977,0.03356421
44,600,400,0.1,0.10159444778148166,4.340277777777778e-08,0.107,0.39169133,0.364821,0.01930768,0.364821,0.01930768,0.36342254,0.02031253,0.36342254,0.02031253,0.36342254,0.02031253,0.36342254,0.02031253,0.36342254,0.02031253,0.36342254,0.02031253,0.36342254,0.02031253,0.36201254,0.02132569,0.36342254,0.02031253,0.36201254,0.02132569,0.380516,0.00803004,0.38754487,0.00297943,0.36201254,0.02132569,0.364821,0.01930768
44,600,400,0.15,0.1516112898244566,4.340277777777778e-08,0.17300000000000001,0.59904504,0.57734656,0.01356964,0.5791225,0.01245902,0.57823455,0.01301433,0.5764462,0.01413272,0.57734656,0.01356964,0.5764462,0.01413272,0.5791225,0.01245902,0.57734656,0.01356964,0.57823455,0.01301433,0.5764462,0.01413272,0.5764462,0.01413272,0.5746386,0.01526313,0.5925039,0.00409065,0.5972369,0.00113077,0.5737312,0.0158306,0.57734656,0.01356964
