img_index,width,height,noise_std,noise_std_est,avg_mass_loss,t_diff,max_rel_gain,rel_gain_synth_1,rel_error_synth_1,rel_gain_synth_2,rel_error_synth_2,rel_gain_synth_3,rel_error_synth_3,rel_gain_synth_4,rel_error_synth_4,rel_gain_synth_5,rel_error_synth_5,rel_gain_synth_6,rel_error_synth_6,rel_gain_synth_7,rel_error_synth_7,rel_gain_synth_8,rel_error_synth_8,rel_gain_synth_9,rel_error_synth_9,rel_gain_synth_10,rel_error_synth_10
44,600,400,0.05,0.05218712998129472,0.00019266339759803182,0.05,0.19899236644630966,0.15990212744737123,0.032602575373184305,0.15990212744737123,0.032602575373184305,0.15990212744737123,0.032602575373184305,0.15990212744737123,0.032602575373184305,0.15990212744737123,0.032602575373184305,0.15990212744737123,0.032602575373184305,0.15990212744737123,0.032602575373184305,0.15990212744737123,0.032602575373184305,0.15990212744737123,0.032602575373184305,0.15990212744737123,0.032602575373184305
44,600,400,0.1,0.10157161418119327,0.0003890301751527861,0.10400000000000001,0.3995974763044471,0.37272386649542627,0.019200956177756908,0.37419950139227537,0.018146628114272933,0.37123862189884854,0.020262150286579805,0.37272386649542627,0.019200956177756908,0.37123862189884854,0.020262150286579805,0.37272386649542627,0.019200956177756908,0.37123862189884854,0.020262150286579805,0.37272386649542627,0.019200956177756908,0.37123862189884854,0.020262150286579805,0.37272386649542627,0.019200956177756908
44,600,400,0.15,0.15149273003247912,0.0005965079514540169,0.166,0.6036867347443011,0.5810071978981602,0.014142124116127324,0.5829345914072592,0.012940272490531505,0.5790554753601319,0.015359146428368085,0.5810071978981602,0.014142124116127324,0.5790554753601319,0.015359146428368085,0.5800320186270569,0.014750210003461725,0.5790554753601319,0.015359146428368085,0.5800320186270569,0.014750210003461725,0.5790554753601319,0.015359146428368085,0.5790554753601319,0.015359146428368085
