img_index,width,height,noise_std,noise_std_est,avg_mass_loss,t_diff,max_rel_gain,rel_gain_synth_1,rel_error_synth_1,rel_gain_synth_2,rel_error_synth_2,rel_gain_synth_3,rel_error_synth_3,rel_gain_synth_4,rel_error_synth_4,rel_gain_synth_5,rel_error_synth_5,rel_gain_synth_6,rel_error_synth_6,rel_gain_synth_7,rel_error_synth_7,rel_gain_synth_8,rel_error_synth_8,rel_gain_synth_9,rel_error_synth_9,rel_gain_synth_10,rel_error_synth_10
92,320,479,0.05,0.05275000772780097,0.00029583973158797493,0.059000000000000004,0.2531055754569921,0.21508922275444903,0.030337709325632005,0.21746034198459202,0.028445515023265828,0.21271431564673965,0.032232926420044224,0.21746034198459202,0.028445515023265828,0.21271431564673965,0.032232926420044224,0.21508922275444903,0.030337709325632005,0.21271431564673965,0.032232926420044224,0.21508922275444903,0.030337709325632005,0.21271431564673965,0.032232926420044224,0.21508922275444903,0.030337709325632005
92,320,479,0.1,0.10203387369538511,0.0005829484398141356,0.11800000000000001,0.4644997571226191,0.4419306430922983,0.01541080080113056,0.4443057278484847,0.013789028762838882,0.43951796206674637,0.01705824458786922,0.44312081509454115,0.014598119203571774,0.43951796206674637,0.01705824458786922,0.44072708257249865,0.01623262444018964,0.43951796206674637,0.01705824458786922,0.44072708257249865,0.01623262444018964,0.438298222720879,0.017891115566464562,0.44072708257249865,0.01623262444018964
92,320,479,0.15,0.15205948689042906,0.0009268000234571412,0.192,0.6716124771289609,0.6489660318859768,0.013547664636889993,0.6514392484867666,0.012068125189423311,0.6456107548418321,0.0155548744956651,0.6489660318859768,0.013547664636889993,0.6447663893380096,0.01605999486020841,0.6472967895634469,0.014546246751685424,0.6456107548418321,0.0155548744956651,0.6481375612592676,0.01404327629212971,0.6430565290904774,0.01708287562409748,0.6447663893380096,0.01605999486020841
