img_index,width,height,noise_std,noise_std_est,avg_mass_loss,t_diff,max_rel_gain,rel_gain_synth_1,rel_error_synth_1,rel_gain_synth_2,rel_error_synth_2,rel_gain_synth_3,rel_error_synth_3,rel_gain_synth_4,rel_error_synth_4,rel_gain_synth_5,rel_error_synth_5,rel_gain_synth_6,rel_error_synth_6,rel_gain_synth_7,rel_error_synth_7,rel_gain_synth_8,rel_error_synth_8,rel_gain_synth_9,rel_error_synth_9,rel_gain_synth_10,rel_error_synth_10
98,213,320,0.05,0.052337715140146804,0.0006223574996182377,0.083,0.3152623883263574,0.2656575589827202,0.0377147782707892,0.2656575589827202,0.0377147782707892,0.2622179284177151,0.04032994509646114,0.267381743463888,0.036403872936256056,0.2571245492257534,0.044202464555063506,0.267381743463888,0.036403872936256056,0.2571245492257534,0.044202464555063506,0.26912551263559226,0.03507807727207444,0.25545244116863763,0.045473775946582494,0.2571245492257534,0.044202464555063506
98,213,320,0.1,0.10223009997064028,0.001194392669039515,0.163,0.5456311630863834,0.5078328015765428,0.024454968567250684,0.5067965743823212,0.025125391899135666,0.501600829442319,0.028486960340617595,0.5088704859553977,0.02378360245893361,0.4964111331546433,0.03184461539547081,0.5078328015765428,0.024454968567250684,0.4964111331546433,0.03184461539547081,0.5099002658983554,0.023117350401164968,0.4912417266943238,0.035189143238709315,0.4943397222344223,0.033184786951073214
98,213,320,0.15,0.15325778630405415,0.002055799764737014,0.29,0.7588440755517902,0.6919979901945797,0.03800569151431992,0.6912277518067054,0.03844361457900817,0.6820418562081054,0.0436663035747442,0.6919979901945797,0.03800569151431992,0.6737436077773118,0.04838431612977433,0.6904564863604837,0.038882121583092434,0.6752447484416008,0.047530834752342925,0.6935456212160481,0.03712577780111433,0.6715053790151816,0.049656872801080186,0.6759967853149527,0.04710326025395203
