img_index,width,height,noise_std,noise_std_est,t_diff,max_rel_gain,rel_gain_synth_1,rel_error_synth_1,rel_gain_synth_2,rel_error_synth_2,rel_gain_synth_3,rel_error_synth_3,rel_gain_synth_4,rel_error_synth_4,rel_gain_synth_5,rel_error_synth_5,rel_gain_synth_6,rel_error_synth_6,rel_gain_synth_7,rel_error_synth_7,rel_gain_synth_8,rel_error_synth_8,rel_gain_synth_9,rel_error_synth_9,rel_gain_synth_10,rel_error_synth_10
98,427,640,0.05,0.050886972552703,0.62,0.2284185385320996,0.2222938880104941,0.0049858011170396,0.2267444851545381,0.0013627711769654,0.2278075165784669,0.0004974053504296,0.2263000314253015,0.001724580865842,0.2229414684572502,0.0044586351500314,0.2235683153566381,0.0039483474266493,0.2241720187088458,0.0034568998187931,0.2275025039989877,0.0007457023029028,0.2241720187088458,0.0034568998187931,0.2216278019384407,0.0055280316770321
98,427,640,0.1,0.1011324673999676,1.26,0.442256013238229,0.4413787874016963,0.000608231706771,0.4405634932889671,0.0011735225464317,0.4414790932085674,0.0005386838553837,0.4405634932889671,0.0011735225464317,0.4411649677422635,0.0007564853160264,0.4411649677422635,0.0007564853160264,0.4408145399423668,0.0009994572965071,0.4411649677422635,0.0007564853160264,0.4406906325250119,0.0010853695175119,0.4414790932085674,0.0005386838553837
98,427,640,0.15,0.1511646573706525,2.88,0.6338705131695797,0.632772306990966,0.0006721500692752,0.6328829227828177,0.0006044483811915,0.6317998950906658,0.0012673085548848,0.6334121820374713,0.0002805186386645,0.6329799041967943,0.0005450915269029,0.633314683404367,0.0003401920536128,0.6337783211652934,5.642552671287545e-05,0.6324391029418562,0.0008760854769002,0.6337419806800779,7.866748831425402e-05,0.6320637881325402,0.0011057945060374
