img_index,width,height,noise_std,noise_std_est,t_diff,max_rel_gain,rel_gain_synth_1,rel_error_synth_1,rel_gain_synth_2,rel_error_synth_2,rel_gain_synth_3,rel_error_synth_3,rel_gain_synth_4,rel_error_synth_4,rel_gain_synth_5,rel_error_synth_5,rel_gain_synth_6,rel_error_synth_6,rel_gain_synth_7,rel_error_synth_7,rel_gain_synth_8,rel_error_synth_8,rel_gain_synth_9,rel_error_synth_9,rel_gain_synth_10,rel_error_synth_10
82,640,427,0.05,0.0519034796170414,0.66,0.2172521043480242,0.2135114398028384,0.0030730401137317,0.2169822804421015,0.0002216664115501,0.2169822804421015,0.0002216664115501,0.2164046521857421,0.0006962010246316,0.2131230796409414,0.0033920867274198,0.2127264062608295,0.0037179628369743,0.2142585183189281,0.0024592982985225,0.2161571842262601,0.000899501523023,0.2142585183189281,0.0024592982985225,0.2127264062608295,0.0037179628369743
82,640,427,0.1,0.1018815254667898,1.64,0.4516591653302244,0.4516585865226335,3.98721411156372e-07,0.4516219206233524,2.5656647070796755e-05,0.4516408656618754,1.260603644852556e-05,0.4516344235214751,1.704381396147037e-05,0.4516322862715103,1.85160947941452e-05,0.4515955590762486,4.3816245228131565e-05,0.4516260495489145,2.2812366773650572e-05,0.4516416597542559,1.205901246421754e-05,0.4516260495489145,2.2812366773650572e-05,0.4515408577844494,8.149815645472228e-05
82,640,427,0.15,0.1519368447569989,50.0,0.6595549382349353,0.6565478952280753,0.0018119574938918,0.6594899393100961,3.916647972397185e-05,0.6594899393100961,3.916647972397185e-05,0.6594899393100961,3.916647972397185e-05,0.6563388986567839,0.0019378928073161,0.6562288632664193,0.0020041969638278,0.6593340927609509,0.0001330751208629,0.6594899393100961,3.916647972397185e-05,0.6591531517790341,0.0002421049443103,0.6548079823611266,0.0028603788669132
