img_index,width,height,noise_std,noise_std_est,avg_mass_loss,t_diff,max_rel_gain,rel_gain_synth_1,rel_error_synth_1,rel_gain_synth_2,rel_error_synth_2,rel_gain_synth_3,rel_error_synth_3,rel_gain_synth_4,rel_error_synth_4,rel_gain_synth_5,rel_error_synth_5,rel_gain_synth_6,rel_error_synth_6,rel_gain_synth_7,rel_error_synth_7,rel_gain_synth_8,rel_error_synth_8,rel_gain_synth_9,rel_error_synth_9,rel_gain_synth_10,rel_error_synth_10
82,325,216,0.05,0.0521910899830626,0.00041744241474414746,0.07,0.3404543541921966,0.3007162309515857,0.029645264022853248,0.31542071493284224,0.018675488039606176,0.2924959210502943,0.03577774430879721,0.3027962544178604,0.028093533850341572,0.2924959210502943,0.03577774430879721,0.29452303931957075,0.034265482244119835,0.2924959210502943,0.03577774430879721,0.29452303931957075,0.034265482244119835,0.2924959210502943,0.03577774430879721,0.2965817423871461,0.03272965742387378
82,325,216,0.1,0.10227443176332195,0.00081114943732674,0.15,0.5753703556897322,0.5415762232665707,0.021451547758981115,0.5569618583926224,0.011685187061330819,0.5293681376634755,0.02920089099056071,0.542698236209196,0.020739326065477175,0.5293681376634755,0.02920089099056071,0.5326751228829812,0.0271017114499771,0.5293681376634755,0.02920089099056071,0.5326751228829812,0.0271017114499771,0.5271759141106062,0.030592451740038846,0.5315735744078594,0.027800942885393816
82,325,216,0.15,0.15276967092525953,0.0013835562533820352,0.273,0.8024664460450387,0.7441484258696961,0.032354566323996574,0.7697028059358464,0.018177115130815363,0.7244370697902461,0.04329033498848434,0.7449298690905442,0.03192102525999359,0.7229744539093624,0.044101787475765264,0.7288759660140909,0.04082765601125037,0.7229744539093624,0.044101787475765264,0.7296244168778329,0.04041241895350415,0.7229744539093624,0.044101787475765264,0.7311217332899481,0.03958171477290725
