img_index,width,height,noise_std,noise_std_est,avg_mass_loss,t_diff,max_rel_gain,rel_gain_synth_1,rel_error_synth_1,rel_gain_synth_2,rel_error_synth_2,rel_gain_synth_3,rel_error_synth_3,rel_gain_synth_4,rel_error_synth_4,rel_gain_synth_5,rel_error_synth_5,rel_gain_synth_6,rel_error_synth_6,rel_gain_synth_7,rel_error_synth_7,rel_gain_synth_8,rel_error_synth_8,rel_gain_synth_9,rel_error_synth_9,rel_gain_synth_10,rel_error_synth_10,rel_gain_synth_11,rel_error_synth_11,rel_gain_synth_12,rel_error_synth_12,rel_gain_synth_13,rel_error_synth_13,rel_gain_synth_14,rel_error_synth_14,rel_gain_synth_15,rel_error_synth_15,rel_gain_synth_16,rel_error_synth_16
34,411,274,0.05,0.05369064983058535,4.624943020701985e-08,0.052000000000000005,0.16736819,0.12228858,0.03861644,0.1251516,0.0361639,0.11943578,0.04106023,0.12228858,0.03861644,0.11943578,0.04106023,0.11943578,0.04106023,0.11943578,0.04106023,0.12228858,0.03861644,0.11943578,0.04106023,0.12228858,0.03861644,0.11943578,0.04106023,0.11943578,0.04106023,0.14753726,0.01698771,0.1526102,0.01264211,0.11943578,0.04106023,0.1251516,0.0361639
34,411,274,0.1,0.10256818171947506,4.624943020701985e-08,0.109,0.33982196,0.31457534,0.01884326,0.3183413,0.01603247,0.31071848,0.0217219,0.31457534,0.01884326,0.31201527,0.02075401,0.31329057,0.01980217,0.31201527,0.02075401,0.31329057,0.01980217,0.31201527,0.02075401,0.31329057,0.01980217,0.31201527,0.02075401,0.31201527,0.02075401,0.3326879,0.00532463,0.33594787,0.00289149,0.31071848,0.0217219,0.3171002,0.0169588
34,411,274,0.15,0.15275790412788098,9.24988604140397e-08,0.188,0.5207701,0.50015956,0.01355268,0.5037793,0.01117248,0.49414754,0.01750597,0.4986766,0.01452782,0.49491537,0.01700107,0.49643075,0.0160046,0.49491537,0.01700107,0.49643075,0.0160046,0.49491537,0.01700107,0.49643075,0.0160046,0.4956681,0.01650609,0.49414754,0.01750597,0.5181509,0.00172227,0.518517,0.00148154,0.49491537,0.01700107,0.501621,0.01259169
