img_index,width,height,noise_std,noise_std_est,avg_mass_loss,t_diff,max_rel_gain,rel_gain_synth_1,rel_error_synth_1,rel_gain_synth_2,rel_error_synth_2,rel_gain_synth_3,rel_error_synth_3,rel_gain_synth_4,rel_error_synth_4,rel_gain_synth_5,rel_error_synth_5,rel_gain_synth_6,rel_error_synth_6,rel_gain_synth_7,rel_error_synth_7,rel_gain_synth_8,rel_error_synth_8,rel_gain_synth_9,rel_error_synth_9,rel_gain_synth_10,rel_error_synth_10
34,411,274,0.05,0.05352757313349308,0.00028326253104041276,0.049,0.17734120153032684,0.1344584829911625,0.036423356698486994,0.13764488533106783,0.033716917532199776,0.1344584829911625,0.036423356698486994,0.13764488533106783,0.033716917532199776,0.1344584829911625,0.036423356698486994,0.1344584829911625,0.036423356698486994,0.1344584829911625,0.036423356698486994,0.1344584829911625,0.036423356698486994,0.1344584829911625,0.036423356698486994,0.1344584829911625,0.036423356698486994
34,411,274,0.1,0.10268412093497571,0.0005559473769828547,0.098,0.3463289791490231,0.3232649455791127,0.01713105335108256,0.3247860973705052,0.01600120186979452,0.32173377111802476,0.018268349275631188,0.3232649455791127,0.01713105335108256,0.32173377111802476,0.018268349275631188,0.32173377111802476,0.018268349275631188,0.32173377111802476,0.018268349275631188,0.32173377111802476,0.018268349275631188,0.3201778117017129,0.019424054486177362,0.32173377111802476,0.018268349275631188
34,411,274,0.15,0.15288533467551968,0.0008666563759904367,0.157,0.5226140680476608,0.5021287818175552,0.013454024010412886,0.5051213186695657,0.011488629814464272,0.5000753938125938,0.014802617884627035,0.5021287818175552,0.013454024010412886,0.5000753938125938,0.014802617884627035,0.501103455849179,0.014127422470267367,0.5000753938125938,0.014802617884627035,0.501103455849179,0.014127422470267367,0.4990306610238182,0.015488762069617478,0.5000753938125938,0.014802617884627035
