img_index,width,height,noise_std,noise_std_est,avg_mass_loss,t_diff,max_rel_gain,rel_gain_synth_1,rel_error_synth_1,rel_gain_synth_2,rel_error_synth_2,rel_gain_synth_3,rel_error_synth_3,rel_gain_synth_4,rel_error_synth_4,rel_gain_synth_5,rel_error_synth_5,rel_gain_synth_6,rel_error_synth_6,rel_gain_synth_7,rel_error_synth_7,rel_gain_synth_8,rel_error_synth_8,rel_gain_synth_9,rel_error_synth_9,rel_gain_synth_10,rel_error_synth_10,rel_gain_synth_11,rel_error_synth_11,rel_gain_synth_12,rel_error_synth_12,rel_gain_synth_13,rel_error_synth_13,rel_gain_synth_14,rel_error_synth_14,rel_gain_synth_15,rel_error_synth_15,rel_gain_synth_16,rel_error_synth_16
34,411,274,0.05,0.05335262648419156,4.624943020701985e-08,0.05,0.16598599,0.12253948,0.03726161,0.12555735,0.03467336,0.11951508,0.03985547,0.12253948,0.03726161,0.11951508,0.03985547,0.11951508,0.03985547,0.11951508,0.03985547,0.11951508,0.03985547,0.11951508,0.03985547,0.11951508,0.03985547,0.11951508,0.03985547,0.11951508,0.03985547,0.1461367,0.01702361,0.15143535,0.01247927,0.11951508,0.03985547,0.12555735,0.03467336
34,411,274,0.1,0.10296392196215767,4.624943020701985e-08,0.10200000000000001,0.3408645,0.3154164,0.01897888,0.31683436,0.01792137,0.31254476,0.02112051,0.3139864,0.02004535,0.31254476,0.02112051,0.3139864,0.02004535,0.31254476,0.02112051,0.3139864,0.02004535,0.31254476,0.02112051,0.31254476,0.02112051,0.31254476,0.02112051,0.31254476,0.02112051,0.3321303,0.00651384,0.3376453,0.00240085,0.31254476,0.02112051,0.31683436,0.01792137
34,411,274,0.15,0.15252293637624112,9.24988604140397e-08,0.161,0.5230982,0.5048074,0.01200892,0.5074846,0.01025118,0.5029711,0.01321451,0.5048074,0.01200892,0.50389564,0.01260752,0.50389564,0.01260752,0.5048074,0.01200892,0.50389564,0.01260752,0.50389564,0.01260752,0.50389564,0.01260752,0.5029711,0.01321451,0.5020401,0.01382582,0.5196673,0.00225252,0.5221106,0.0006484,0.5020401,0.01382582,0.50660264,0.01083022
