img_index,width,height,noise_std,noise_std_est,t_diff,max_rel_gain,rel_gain_synth_1,rel_error_synth_1,rel_gain_synth_2,rel_error_synth_2,rel_gain_synth_3,rel_error_synth_3,rel_gain_synth_4,rel_error_synth_4,rel_gain_synth_5,rel_error_synth_5,rel_gain_synth_6,rel_error_synth_6,rel_gain_synth_7,rel_error_synth_7,rel_gain_synth_8,rel_error_synth_8,rel_gain_synth_9,rel_error_synth_9,rel_gain_synth_10,rel_error_synth_10
34,640,427,0.05,0.0524243597831612,0.34,0.1153092983919509,0.0957037460985229,0.017578578715066,0.102397848268675,0.0115765645833774,0.102397848268675,0.0115765645833774,0.1002228079875725,0.0135267323836804,0.0957037460985229,0.017578578715066,0.0933895331671691,0.0196535304210101,0.0957037460985229,0.017578578715066,0.1002228079875725,0.0135267323836804,0.0957037460985229,0.017578578715066,0.0957037460985229,0.017578578715066
34,640,427,0.1,0.1016738264027324,0.61,0.2850359185516341,0.2807533462186397,0.0033326479603941,0.2807533462186397,0.0033326479603941,0.2807533462186397,0.0033326479603941,0.2802192519638014,0.0037482738951465,0.2807533462186397,0.0033326479603941,0.2807533462186397,0.0033326479603941,0.2802192519638014,0.0037482738951465,0.2802192519638014,0.0037482738951465,0.2802192519638014,0.0037482738951465,0.2807533462186397,0.0033326479603941
34,640,427,0.15,0.151480245869355,0.9,0.4599773840486258,0.4597030383647741,0.0001879109134491,0.4599773840486258,0.0,0.4599693505488945,5.5024823118165086e-06,0.4599773840486258,0.0,0.4597030383647741,0.0001879109134491,0.4597030383647741,0.0001879109134491,0.4598481857586741,8.849335021438463e-05,0.4599773840486258,0.0,0.4598481857586741,8.849335021438463e-05,0.4596068966027009,0.0002537624554823
