energy,prior,fidelity,mass,psnr,ssim_indices
3334.1665733785494,3334.1665733785494,0.0,0.0,26.0176261338017,0.5983679577265913
1939.0317078132196,1862.339456630368,76.69225118285162,-27.250905112392502,28.33348986454368,0.6914312359978272
1489.25723559043,1306.0364510235354,183.22078456689462,-51.72026443618233,28.84904919050245,0.7413130892026955
1304.7684766814655,1034.0562044523397,270.7122722291259,-73.69981845564325,28.621717284978576,0.7670109119514925
1216.0249048864844,877.3968868586882,338.6280180277961,-93.4479317725636,28.21207029625054,0.7801257527877552
1168.9637024447602,777.2203430480668,391.74335939669356,-111.19458316100645,27.80542110276718,0.786599635790485
