img_index,width,height,noise_std,noise_std_est,avg_mass_loss,t_diff,max_rel_gain,rel_gain_synth_1,rel_error_synth_1,rel_gain_synth_2,rel_error_synth_2,rel_gain_synth_3,rel_error_synth_3,rel_gain_synth_4,rel_error_synth_4,rel_gain_synth_5,rel_error_synth_5,rel_gain_synth_6,rel_error_synth_6,rel_gain_synth_7,rel_error_synth_7,rel_gain_synth_8,rel_error_synth_8,rel_gain_synth_9,rel_error_synth_9,rel_gain_synth_10,rel_error_synth_10
26,640,427,0.05,0.05538260240865093,0.00019835766504195922,0.054,0.18293123095649483,0.13174337577421263,0.043272046457757896,0.13431963851292447,0.04109418296806989,0.13174337577421263,0.043272046457757896,0.13431963851292447,0.04109418296806989,0.13174337577421263,0.043272046457757896,0.13174337577421263,0.043272046457757896,0.13174337577421263,0.043272046457757896,0.13174337577421263,0.043272046457757896,0.13174337577421263,0.043272046457757896,0.13174337577421263,0.043272046457757896
26,640,427,0.1,0.10384298452080504,0.0003856078861916289,0.109,0.37973641235171396,0.3573559826273332,0.016220800961709823,0.35946915003721297,0.014689227690929816,0.35629638988993506,0.016988768471962092,0.3573559826273332,0.016220800961709823,0.35629638988993506,0.016988768471962092,0.35629638988993506,0.016988768471962092,0.35629638988993506,0.016988768471962092,0.35629638988993506,0.016988768471962092,0.3573559826273332,0.016220800961709823,0.3573559826273332,0.016220800961709823
26,640,427,0.15,0.1532867861740062,0.0005988399716143057,0.176,0.5834308391356886,0.5656152700774616,0.011251245471479914,0.5684164580964407,0.009482183034557737,0.5641816466189538,0.012156636110006551,0.5656152700774616,0.011251245471479914,0.5649072375237763,0.011698396389717548,0.5649072375237763,0.011698396389717548,0.5649072375237763,0.011698396389717548,0.5649072375237763,0.011698396389717548,0.5641816466189538,0.012156636110006551,0.5649072375237763,0.011698396389717548
