img_index,width,height,noise_std,noise_std_est,avg_mass_loss,t_diff,max_rel_gain,rel_gain_synth_1,rel_error_synth_1,rel_gain_synth_2,rel_error_synth_2,rel_gain_synth_3,rel_error_synth_3,rel_gain_synth_4,rel_error_synth_4,rel_gain_synth_5,rel_error_synth_5,rel_gain_synth_6,rel_error_synth_6,rel_gain_synth_7,rel_error_synth_7,rel_gain_synth_8,rel_error_synth_8,rel_gain_synth_9,rel_error_synth_9,rel_gain_synth_10,rel_error_synth_10,rel_gain_synth_11,rel_error_synth_11,rel_gain_synth_12,rel_error_synth_12,rel_gain_synth_13,rel_error_synth_13,rel_gain_synth_14,rel_error_synth_14,rel_gain_synth_15,rel_error_synth_15,rel_gain_synth_16,rel_error_synth_16
26,640,427,0.05,0.05544498139801533,7.623438719750195e-08,0.056,0.17119788,0.12033323,0.04342959,0.12269816,0.04141035,0.11800858,0.04541444,0.12033323,0.04342959,0.12033323,0.04342959,0.11800858,0.04541444,0.12033323,0.04342959,0.11800858,0.04541444,0.11800858,0.04541444,0.12033323,0.04342959,0.11800858,0.04541444,0.12033323,0.04342959,0.14002337,0.02661762,0.15006135,0.01804693,0.12033323,0.04342959,0.12269816,0.04141035
26,640,427,0.1,0.10353999878335281,7.623438719750195e-08,0.11800000000000001,0.36953196,0.34879157,0.01514413,0.35139573,0.01324264,0.34704322,0.01642074,0.34879157,0.01514413,0.34791523,0.01578402,0.34791523,0.01578402,0.34791523,0.01578402,0.34791523,0.01578402,0.34704322,0.01642074,0.34791523,0.01578402,0.34791523,0.01578402,0.34704322,0.01642074,0.36399263,0.00404468,0.36738008,0.00157125,0.34704322,0.01642074,0.35139573,0.01324264
26,640,427,0.15,0.15298642810793073,7.623438719750195e-08,0.212,0.57687235,0.5597346,0.01086819,0.56329,0.00861347,0.556075,0.01318897,0.5586977,0.01152575,0.5565981,0.01285721,0.55713075,0.01251946,0.55713075,0.01251946,0.55713075,0.01251946,0.55501497,0.01386119,0.5565981,0.01285721,0.55448,0.01420047,0.55554056,0.01352789,0.5757084,0.00073813,0.57626146,0.0003874,0.55554056,0.01352789,0.5612776,0.00988965
