energy,prior,fidelity,mass,psnr,ssim_indices
7357.689186055044,7357.689186055044,0.0,0.0,26.01807636658571,0.5847435833237786
3971.0015661779616,3784.230218485752,186.77134769220967,-28.749820124648977,28.342554011269034,0.682003903368916
2940.937920578577,2505.8099631216664,435.12795745691056,-54.72473314299714,28.949136846276136,0.7290726442628567
2542.15633571319,1915.0522282401205,627.1041074730696,-78.16376989195123,28.88279706897302,0.7513032308841286
2358.4988357763573,1592.0915494622202,766.4072863141371,-99.29519563826034,28.643484408627025,0.7620175898019544
2263.525250496297,1395.2350389481196,868.2902115481774,-118.33328197652008,28.39006665170337,0.7672403929229245
2210.4773220861107,1266.0269675296006,944.4503545565102,-135.47683161101304,28.164388498585254,0.7697426638304288
