img_index,width,height,noise_std,noise_std_est,avg_mass_loss,t_diff,max_rel_gain,rel_gain_synth_1,rel_error_synth_1,rel_gain_synth_2,rel_error_synth_2,rel_gain_synth_3,rel_error_synth_3,rel_gain_synth_4,rel_error_synth_4,rel_gain_synth_5,rel_error_synth_5,rel_gain_synth_6,rel_error_synth_6,rel_gain_synth_7,rel_error_synth_7,rel_gain_synth_8,rel_error_synth_8,rel_gain_synth_9,rel_error_synth_9,rel_gain_synth_10,rel_error_synth_10,rel_gain_synth_11,rel_error_synth_11,rel_gain_synth_12,rel_error_synth_12,rel_gain_synth_13,rel_error_synth_13,rel_gain_synth_14,rel_error_synth_14,rel_gain_synth_15,rel_error_synth_15,rel_gain_synth_16,rel_error_synth_16
26,640,427,0.05,0.05528470033804287,3.8117193598750976e-08,0.054,0.17042819,0.1201339,0.04297084,0.12266465,0.0408086,0.11763883,0.04510259,0.1201339,0.04297084,0.11763883,0.04510259,0.11763883,0.04510259,0.11763883,0.04510259,0.11763883,0.04510259,0.11763883,0.04510259,0.11763883,0.04510259,0.11763883,0.04510259,0.1201339,0.04297084,0.13847432,0.027301,0.14909127,0.01823,0.1201339,0.04297084,0.12266465,0.0408086
26,640,427,0.1,0.10384055418154002,7.623438719750195e-08,0.11,0.36965245,0.34783268,0.01593089,0.34984878,0.01445891,0.34682083,0.01666966,0.34783268,0.01593089,0.34783268,0.01593089,0.34783268,0.01593089,0.34783268,0.01593089,0.34783268,0.01593089,0.34783268,0.01593089,0.34783268,0.01593089,0.34682083,0.01666966,0.34682083,0.01666966,0.36200494,0.00558355,0.367489,0.00157956,0.34682083,0.01666966,0.34984878,0.01445891
26,640,427,0.15,0.15316464862701373,7.623438719750195e-08,0.177,0.57424986,0.5602817,0.00887293,0.56216043,0.00767949,0.5615407,0.00807314,0.558998,0.00968835,0.56091666,0.00846956,0.55964404,0.00927797,0.56277114,0.00729155,0.5602817,0.00887293,0.5615407,0.00807314,0.5602817,0.00887293,0.5602817,0.00887293,0.5576953,0.01051584,0.57213694,0.00134221,0.5741255,7.899226e-05,0.5576953,0.01051584,0.56091666,0.00846956
