img_index,width,height,noise_std,noise_std_est,t_diff,max_rel_gain,rel_gain_synth_1,rel_error_synth_1,rel_gain_synth_2,rel_error_synth_2,rel_gain_synth_3,rel_error_synth_3,rel_gain_synth_4,rel_error_synth_4,rel_gain_synth_5,rel_error_synth_5,rel_gain_synth_6,rel_error_synth_6,rel_gain_synth_7,rel_error_synth_7,rel_gain_synth_8,rel_error_synth_8,rel_gain_synth_9,rel_error_synth_9,rel_gain_synth_10,rel_error_synth_10
26,640,427,0.05,0.0554457626381839,0.44,0.1287302100682159,0.105725028573444,0.0203814705140048,0.1135878294370935,0.0134154118460311,0.1135878294370935,0.0134154118460311,0.1104503310573025,0.0161950826228072,0.1041617339308275,0.0217664734391254,0.1041617339308275,0.0217664734391254,0.1072966253507372,0.0189891123018522,0.1104503310573025,0.0161950826228072,0.1072966253507372,0.0189891123018522,0.1041617339308275,0.0217664734391254
26,640,427,0.1,0.103834156030859,0.81,0.3179451031945591,0.3150990119124029,0.0021594915260563,0.3153454909325527,0.0019724738577541,0.3150990119124029,0.0021594915260563,0.3148473945523226,0.002350407945466,0.3153454909325527,0.0019724738577541,0.3153454909325527,0.0019724738577541,0.3148473945523226,0.002350407945466,0.3148473945523226,0.002350407945466,0.3148473945523226,0.002350407945466,0.3153454909325527,0.0019724738577541
26,640,427,0.15,0.1532251359921649,1.28,0.5107810056721385,0.5091537007951094,0.0010771282342837,0.5106895970801013,6.050419729524181e-05,0.5107538847291987,1.795160439395865e-05,0.5106109502026589,0.0001125612969987,0.5091537007951094,0.0010771282342837,0.5091537007951094,0.0010771282342837,0.5098601810645658,0.0006095023726903,0.5106109502026589,0.0001125612969987,0.5097595040643229,0.0006761414155859,0.5088578221704527,0.0012729730480229
