img_index,width,height,noise_std,noise_std_est,avg_mass_loss,t_diff,max_rel_gain,rel_gain_synth_1,rel_error_synth_1,rel_gain_synth_2,rel_error_synth_2,rel_gain_synth_3,rel_error_synth_3,rel_gain_synth_4,rel_error_synth_4,rel_gain_synth_5,rel_error_synth_5,rel_gain_synth_6,rel_error_synth_6,rel_gain_synth_7,rel_error_synth_7,rel_gain_synth_8,rel_error_synth_8,rel_gain_synth_9,rel_error_synth_9,rel_gain_synth_10,rel_error_synth_10
94,427,640,0.05,0.05084909068140229,0.00025585316109227266,0.07,0.3891665278085139,0.3588942520129056,0.021791682415040974,0.3607661137917776,0.020444211293760076,0.357012764022255,0.023146083023597764,0.3607661137917776,0.020444211293760076,0.357012764022255,0.023146083023597764,0.3607661137917776,0.020444211293760076,0.3588942520129056,0.021791682415040974,0.3626414791785974,0.019094218078923357,0.357012764022255,0.023146083023597764,0.357012764022255,0.023146083023597764
94,427,640,0.1,0.10112803102595883,0.0005331924560893862,0.152,0.6305486760573031,0.5920458918306017,0.023613391487215068,0.5908701671406111,0.024334452260962442,0.5885211839197033,0.025775061336545307,0.5920458918306017,0.023613391487215068,0.5885211839197033,0.025775061336545307,0.5932140074030815,0.0228969973128907,0.5896984443114082,0.025053058731537875,0.595552849134033,0.021462607916674245,0.5873488660341579,0.026494032749517823,0.5873488660341579,0.026494032749517823
94,427,640,0.15,0.15162431627511744,0.0008674553089212119,0.258,0.8569857400911035,0.7964503921136561,0.0325987145030406,0.7964503921136561,0.0325987145030406,0.7911004092542734,0.03547971824145389,0.7973442692691285,0.03211735531100473,0.7919880854349182,0.035001698318370786,0.7991391698078998,0.031150788632531855,0.793769485778828,0.03404240159064128,0.8018364993606346,0.02969825752553344,0.789327245093255,0.03643457972624449,0.7902117559906436,0.03595826433065878
