energy,prior,fidelity,mass,psnr,ssim_indices
6456.15294570808,6456.15294570808,0.0,0.0,26.01141034934912,0.6514869956265373
3673.5772714425825,3520.7731778024336,152.80409364014903,7.225160145200789,28.440002452861897,0.7467498812250478
2789.249600122315,2428.2247302178093,361.0248699045056,13.761853324598633,29.170711986798892,0.7919508872550357
2429.340701751101,1902.084583924249,527.2561178268519,19.704826723085716,29.131581996165625,0.8123800555256414
2256.060105386525,1604.2191629227486,651.840942463776,25.120791582856327,28.86196965821934,0.8211218616134177
2163.1966416946007,1417.6602459436351,745.5363957509657,30.060101254901383,28.56168119035276,0.8242805226926496
