img_index,width,height,noise_std,noise_std_est,avg_mass_loss,t_diff,max_rel_gain,rel_gain_synth_1,rel_error_synth_1,rel_gain_synth_2,rel_error_synth_2,rel_gain_synth_3,rel_error_synth_3,rel_gain_synth_4,rel_error_synth_4,rel_gain_synth_5,rel_error_synth_5,rel_gain_synth_6,rel_error_synth_6,rel_gain_synth_7,rel_error_synth_7,rel_gain_synth_8,rel_error_synth_8,rel_gain_synth_9,rel_error_synth_9,rel_gain_synth_10,rel_error_synth_10,rel_gain_synth_11,rel_error_synth_11,rel_gain_synth_12,rel_error_synth_12,rel_gain_synth_13,rel_error_synth_13,rel_gain_synth_14,rel_error_synth_14,rel_gain_synth_15,rel_error_synth_15,rel_gain_synth_16,rel_error_synth_16
75,395,263,0.05,0.051812752682192695,5.013556657201072e-08,0.066,0.21441503,0.17161389,0.03524425,0.17576489,0.03182614,0.16546164,0.04031025,0.16955297,0.03694129,0.16750002,0.03863177,0.16750002,0.03863177,0.16750002,0.03863177,0.16750002,0.03863177,0.16750002,0.03863177,0.16750002,0.03863177,0.16750002,0.03863177,0.16750002,0.03863177,0.20007001,0.01181228,0.20687054,0.00621244,0.16750002,0.03863177,0.17576489,0.03182614
75,395,263,0.1,0.10150608276549805,5.013556657201072e-08,0.152,0.41517058,0.36965942,0.03215949,0.377021,0.02695759,0.36137474,0.03801369,0.36861518,0.03289739,0.36342746,0.03656318,0.3654975,0.03510043,0.36342746,0.03656318,0.3654975,0.03510043,0.36446035,0.03583331,0.3665336,0.03436829,0.36342746,0.03656318,0.36342746,0.03656318,0.40662083,0.00604151,0.41094157,0.00298836,0.36137474,0.03801369,0.37491235,0.02844762
75,395,263,0.15,0.1518961414353424,5.013556657201072e-08,0.28,0.6047322,0.54587555,0.03667695,0.5558065,0.0304884,0.53198737,0.04533146,0.5432844,0.03829164,0.5338225,0.0441879,0.53755414,0.0418625,0.5338225,0.0441879,0.53755414,0.0418625,0.533211,0.04456897,0.5388132,0.04107792,0.5344442,0.04380045,0.53198737,0.04533146,0.5966502,0.00503639,0.5966502,0.00503639,0.53259337,0.04495383,0.5517914,0.03299043
