img_index,width,height,noise_std,noise_std_est,avg_mass_loss,t_diff,max_rel_gain,rel_gain_synth_1,rel_error_synth_1,rel_gain_synth_2,rel_error_synth_2,rel_gain_synth_3,rel_error_synth_3,rel_gain_synth_4,rel_error_synth_4,rel_gain_synth_5,rel_error_synth_5,rel_gain_synth_6,rel_error_synth_6,rel_gain_synth_7,rel_error_synth_7,rel_gain_synth_8,rel_error_synth_8,rel_gain_synth_9,rel_error_synth_9,rel_gain_synth_10,rel_error_synth_10,rel_gain_synth_11,rel_error_synth_11,rel_gain_synth_12,rel_error_synth_12,rel_gain_synth_13,rel_error_synth_13,rel_gain_synth_14,rel_error_synth_14,rel_gain_synth_15,rel_error_synth_15,rel_gain_synth_16,rel_error_synth_16
75,395,263,0.05,0.0517553879280267,2.506778328600536e-08,0.063,0.21416761,0.17054904,0.03592467,0.17279026,0.03407878,0.16608095,0.03960463,0.16830406,0.03777367,0.16608095,0.03960463,0.16608095,0.03960463,0.16608095,0.03960463,0.16830406,0.03777367,0.16608095,0.03960463,0.16608095,0.03960463,0.16608095,0.03960463,0.16608095,0.03960463,0.19906381,0.01243963,0.20638378,0.00641084,0.16830406,0.03777367,0.17279026,0.03407878
75,395,263,0.1,0.10181811782260687,5.013556657201072e-08,0.135,0.41569933,0.37219432,0.03073042,0.37721473,0.02718416,0.36717957,0.03427266,0.37093884,0.03161723,0.36843094,0.03338872,0.3696846,0.03250318,0.36843094,0.03338872,0.3696846,0.03250318,0.36843094,0.03338872,0.36843094,0.03338872,0.36717957,0.03427266,0.36717957,0.03427266,0.40515277,0.00744972,0.4131216,0.00182082,0.36717957,0.03427266,0.37721473,0.02718416
75,395,263,0.15,0.15201193540449823,5.013556657201072e-08,0.221,0.6121975,0.5618067,0.03125602,0.568308,0.02722343,0.5562452,0.03470563,0.55995166,0.0324066,0.55717254,0.03413045,0.55717254,0.03413045,0.55902624,0.03298065,0.5580972,0.0335569,0.55717254,0.03413045,0.55717254,0.03413045,0.55532205,0.03527825,0.5534733,0.03642498,0.6024536,0.00604388,0.6088276,0.00209029,0.5534733,0.03642498,0.56645256,0.0283743
