energy,prior,fidelity,mass,psnr,ssim_indices
2642.9817369541493,2642.9817369541493,0.0,0.0,26.01802333692978,0.6986696798901323
1595.049619378015,1535.346196103691,59.703423274323995,-16.807607497568824,28.556912746043572,0.7839065224201084
1281.9795797808295,1141.2105884503017,140.76899133052783,-31.71370070768171,29.517582193304015,0.8222169753994916
1162.4162668517697,955.7368676152935,206.67939923647612,-44.941849489929155,29.62149419557473,0.8390667517333781
1109.1627108126188,850.8857580530884,258.2769527595305,-56.686327610354056,29.374601300871134,0.8460540282327433
1083.8879654522943,784.2586284346788,299.62933701761546,-67.1170625990926,29.01982392125427,0.8482878648837456
1072.193175765156,738.4858772438882,333.7072985212678,-76.3833604731044,28.65554363001789,0.848156963401546
1067.6653233824022,705.27662421973,362.38869916267225,-84.61682133813156,28.317570799631604,0.8468584894669152
