img_index,width,height,noise_std,noise_std_est,t_diff,max_rel_gain,rel_gain_synth_1,rel_error_synth_1,rel_gain_synth_2,rel_error_synth_2,rel_gain_synth_3,rel_error_synth_3,rel_gain_synth_4,rel_error_synth_4,rel_gain_synth_5,rel_error_synth_5,rel_gain_synth_6,rel_error_synth_6,rel_gain_synth_7,rel_error_synth_7,rel_gain_synth_8,rel_error_synth_8,rel_gain_synth_9,rel_error_synth_9,rel_gain_synth_10,rel_error_synth_10
75,640,427,0.05,0.0515022980638362,0.53,0.194946504599631,0.184312765235393,0.0088989250341385,0.1910366202363331,0.0032720162352438,0.1910366202363331,0.0032720162352438,0.1893203893527902,0.0047082570016185,0.1832252062769075,0.0098090569557762,0.1832252062769075,0.0098090569557762,0.1853769925788735,0.0080083183505891,0.1883905406164923,0.0054864079336633,0.1853769925788735,0.0080083183505891,0.1832252062769075,0.0098090569557762
75,640,427,0.1,0.1012270659740362,0.98,0.3953439919115586,0.392292847735863,0.0021866609190151,0.3925659377614987,0.001990945721029,0.3925659377614987,0.001990945721029,0.3917237734317936,0.0025944989198007,0.3925659377614987,0.001990945721029,0.392830670757314,0.0018012197485449,0.3917237734317936,0.0025944989198007,0.3920119519590259,0.002387970258121,0.3917237734317936,0.0025944989198007,0.392830670757314,0.0018012197485449
75,640,427,0.15,0.1516327945324756,1.68,0.5808307458221842,0.5808307458221842,0.0,0.5787769867117719,0.0012991644525133,0.5782427430007683,0.0016371156926542,0.5789813078042195,0.0011699152631312,0.5808299682542944,4.918729546055683e-07,0.5808299682542944,4.918729546055683e-07,0.5806045556531537,0.0001430831033797,0.5789813078042195,0.0011699152631312,0.5806480419637299,0.0001155745856646,0.5807908023187324,2.5267413072099336e-05
