img_index,width,height,noise_std,noise_std_est,avg_mass_loss,t_diff,max_rel_gain,rel_gain_synth_1,rel_error_synth_1,rel_gain_synth_2,rel_error_synth_2,rel_gain_synth_3,rel_error_synth_3,rel_gain_synth_4,rel_error_synth_4,rel_gain_synth_5,rel_error_synth_5,rel_gain_synth_6,rel_error_synth_6,rel_gain_synth_7,rel_error_synth_7,rel_gain_synth_8,rel_error_synth_8,rel_gain_synth_9,rel_error_synth_9,rel_gain_synth_10,rel_error_synth_10
75,395,263,0.05,0.052248329575420104,0.0002973692495397645,0.063,0.2248602346900443,0.17924501583865718,0.037241162346110634,0.1839217814642291,0.03342295885389308,0.17691841100253813,0.03914064832028613,0.17924501583865718,0.037241162346110634,0.17691841100253813,0.03914064832028613,0.17691841100253813,0.03914064832028613,0.17691841100253813,0.03914064832028613,0.17924501583865718,0.037241162346110634,0.17691841100253813,0.03914064832028613,0.17691841100253813,0.03914064832028613
75,395,263,0.1,0.10207331255119309,0.0006035903988116412,0.132,0.4247463107029739,0.3796941554077413,0.03162117701712366,0.3851432164768019,0.027796593631207053,0.3756051869497341,0.034491139499068756,0.3796941554077413,0.03162117701712366,0.3756051869497341,0.034491139499068756,0.3769675632899622,0.03353491569277167,0.3756051869497341,0.034491139499068756,0.3769675632899622,0.03353491569277167,0.37424144083417027,0.035448324722374185,0.3756051869497341,0.034491139499068756
75,395,263,0.15,0.15233702300296667,0.0009094081897523084,0.20700000000000002,0.6187138261397659,0.5693184730480595,0.03051518575676975,0.5766505699903163,0.02598560379864064,0.5640605718315171,0.033763382647186806,0.5693184730480595,0.03051518575676975,0.5640605718315171,0.033763382647186806,0.5661632263370815,0.03246441647317286,0.5651111102817487,0.03311438686222043,0.5672132791336836,0.03181572071259713,0.5630094171851042,0.03441275910239369,0.5651111102817487,0.03311438686222043
