energy,prior,fidelity,mass,psnr,ssim_indices
8120.623065128647,8120.623065128647,0.0,0.0,26.01807636658571,0.4717320652115258
4882.824656041922,4703.408241526691,179.41641451523085,-36.716486791847274,28.395833036887158,0.5889790516957517
3811.940100461393,3378.432323295664,433.50777716572867,-69.78430177061819,28.961164792541357,0.6623605108453604
3353.5033531905397,2705.4461425126215,648.0572106779182,-99.55940910801291,28.711780298942863,0.706735749200058
3121.1476143023856,2302.0342827360173,819.1133315663682,-126.36604818759952,28.249492086400604,0.7341911150594272
