img_index,width,height,noise_std,noise_std_est,avg_mass_loss,t_diff,max_rel_gain,rel_gain_synth_1,rel_error_synth_1,rel_gain_synth_2,rel_error_synth_2,rel_gain_synth_3,rel_error_synth_3,rel_gain_synth_4,rel_error_synth_4,rel_gain_synth_5,rel_error_synth_5,rel_gain_synth_6,rel_error_synth_6,rel_gain_synth_7,rel_error_synth_7,rel_gain_synth_8,rel_error_synth_8,rel_gain_synth_9,rel_error_synth_9,rel_gain_synth_10,rel_error_synth_10
79,220,146,0.05,0.055620646191117486,0.0006321611083412636,0.058,0.1847175035270552,0.13407924028170534,0.042742901235605375,0.14521540731079077,0.033343051063786655,0.12858063431591643,0.04738418149813113,0.1368398858269404,0.0404126870393803,0.125844889725322,0.04969337721985361,0.12858063431591643,0.04738418149813113,0.125844889725322,0.04969337721985361,0.12858063431591643,0.04738418149813113,0.125844889725322,0.04969337721985361,0.1313044971074457,0.04508501500196645
79,220,146,0.1,0.10478722971322214,0.0012618274305589555,0.117,0.3556475920323701,0.320792794030063,0.025710810248298552,0.32911340642159237,0.01957307029255146,0.3137451458611717,0.030909541991203462,0.3221957562073384,0.02467590841575656,0.3123338872762932,0.03195056370892198,0.31515436007545666,0.02987002831333655,0.3109260764529556,0.03298904216867197,0.3137451458611717,0.030909541991203462,0.3123338872762932,0.03195056370892198,0.31515436007545666,0.02987002831333655
79,220,146,0.15,0.15501156116623419,0.0019056813423793766,0.18,0.5397430339196513,0.5119152265130046,0.018073020493430444,0.5204481826096531,0.012531215199512955,0.5039766421806943,0.0232288056844837,0.512896791791527,0.017435534070761774,0.5019591081874292,0.024539111332127512,0.5049828506685003,0.022575314507293838,0.5009500326906917,0.025194464514124836,0.5049828506685003,0.022575314507293838,0.5009500326906917,0.025194464514124836,0.5049828506685003,0.022575314507293838
