img_index,width,height,noise_std,noise_std_est,t_diff,max_rel_gain,rel_gain_synth_1,rel_error_synth_1,rel_gain_synth_2,rel_error_synth_2,rel_gain_synth_3,rel_error_synth_3,rel_gain_synth_4,rel_error_synth_4,rel_gain_synth_5,rel_error_synth_5,rel_gain_synth_6,rel_error_synth_6,rel_gain_synth_7,rel_error_synth_7,rel_gain_synth_8,rel_error_synth_8,rel_gain_synth_9,rel_error_synth_9,rel_gain_synth_10,rel_error_synth_10
79,640,427,0.05,0.0550838911819941,0.36,0.1087804471057755,0.0822966502956653,0.0238855193372504,0.0892910118767081,0.0175773619384615,0.0892910118767081,0.0175773619384615,0.0869744191990748,0.0196666778924723,0.079954725641809,0.0259976819930488,0.079954725641809,0.0259976819930488,0.0822966502956653,0.0238855193372504,0.0869744191990748,0.0196666778924723,0.0822966502956653,0.0238855193372504,0.079954725641809,0.0259976819930488
79,640,427,0.1,0.1032290876746452,0.63,0.2782198875116514,0.2717957994964726,0.0050258082180873,0.2723720701751094,0.0045749697635561,0.2717957994964726,0.0050258082180873,0.2717957994964726,0.0050258082180873,0.2717957994964726,0.0050258082180873,0.2723720701751094,0.0045749697635561,0.2717957994964726,0.0050258082180873,0.2717957994964726,0.0050258082180873,0.2717957994964726,0.0050258082180873,0.2723720701751094,0.0045749697635561
79,640,427,0.15,0.1527781740377458,0.94,0.4545431974121062,0.4545306688916757,8.613371162029236e-06,0.4543181961397552,0.0001546886147839,0.4542489709567658,0.0002022810019419,0.4543792910232342,0.0001126858172129,0.4545306688916757,8.613371162029236e-06,0.4545306688916757,8.613371162029236e-06,0.4545431605396994,2.5349819039361152e-08,0.4543792910232342,0.0001126858172129,0.4545431605396994,2.5349819039361152e-08,0.4545047798428589,2.641211984331129e-05
