img_index,width,height,noise_std,noise_std_est,avg_mass_loss,t_diff,max_rel_gain,rel_gain_synth_1,rel_error_synth_1,rel_gain_synth_2,rel_error_synth_2,rel_gain_synth_3,rel_error_synth_3,rel_gain_synth_4,rel_error_synth_4,rel_gain_synth_5,rel_error_synth_5,rel_gain_synth_6,rel_error_synth_6,rel_gain_synth_7,rel_error_synth_7,rel_gain_synth_8,rel_error_synth_8,rel_gain_synth_9,rel_error_synth_9,rel_gain_synth_10,rel_error_synth_10
60,370,246,0.05,0.05253759514376729,0.0004181294252763169,0.064,0.25266026928090607,0.20142605980200443,0.04090032288508108,0.20927396700255346,0.03463533037833049,0.19881769084920664,0.04298258654168698,0.20403516373334393,0.038817472494338444,0.19881769084920664,0.04298258654168698,0.19881769084920664,0.04298258654168698,0.19881769084920664,0.04298258654168698,0.19881769084920664,0.04298258654168698,0.19881769084920664,0.04298258654168698,0.19881769084920664,0.04298258654168698
60,370,246,0.1,0.10240806839151119,0.0008322217032100358,0.129,0.44389812747106416,0.3983502239882304,0.0315450949178868,0.4058527651269564,0.026349062735293412,0.3938248363257436,0.03467924100228741,0.3983502239882304,0.0315450949178868,0.3938248363257436,0.03467924100228741,0.3953347725137029,0.03363350504679869,0.3938248363257436,0.03467924100228741,0.3953347725137029,0.03363350504679869,0.3923193310318703,0.03572190825507354,0.3953347725137029,0.03363350504679869
60,370,246,0.15,0.15213149655304695,0.001232955080664973,0.195,0.6383463232833337,0.5954979543984099,0.02615342572933745,0.6035322283548948,0.021249533406752192,0.5896601257307612,0.0297166703160799,0.5954979543984099,0.02615342572933745,0.5896601257307612,0.0297166703160799,0.590834760509599,0.028999706654524008,0.5896601257307612,0.0297166703160799,0.5919966380755566,0.02829052963288609,0.5884931713495747,0.030428946081345356,0.590834760509599,0.028999706654524008
