img_index,width,height,noise_std,noise_std_est,t_diff,max_rel_gain,rel_gain_synth_1,rel_error_synth_1,rel_gain_synth_2,rel_error_synth_2,rel_gain_synth_3,rel_error_synth_3,rel_gain_synth_4,rel_error_synth_4,rel_gain_synth_5,rel_error_synth_5,rel_gain_synth_6,rel_error_synth_6,rel_gain_synth_7,rel_error_synth_7,rel_gain_synth_8,rel_error_synth_8,rel_gain_synth_9,rel_error_synth_9,rel_gain_synth_10,rel_error_synth_10
60,640,427,0.05,0.0516535735091423,0.45,0.1666341706493379,0.1528189937990957,0.0118419099987039,0.1594589862977665,0.0061503293252397,0.1606386027056726,0.0051392013833506,0.1582192724576404,0.0072129707867324,0.1528189937990957,0.0118419099987039,0.1528189937990957,0.0118419099987039,0.1542212641427137,0.0106399305102774,0.1582192724576404,0.0072129707867324,0.1542212641427137,0.0106399305102774,0.1528189937990957,0.0118419099987039
60,640,427,0.1,0.1011554150123365,0.81,0.3596947481316747,0.3569391705121826,0.0020266148878477,0.3572562635025538,0.0017934059335534,0.3572562635025538,0.0017934059335534,0.3566099096633561,0.0022687728054825,0.3572562635025538,0.0017934059335534,0.3575601560690102,0.0015699053523575,0.3566099096633561,0.0022687728054825,0.3569391705121826,0.0020266148878477,0.3566099096633561,0.0022687728054825,0.3575601560690102,0.0015699053523575
60,640,427,0.15,0.151881224040409,1.33,0.5419917988335221,0.5419408737182029,3.302554226147659e-05,0.5413058295473187,0.0004448592312374,0.5410513662194893,0.0006098817222919,0.5413838571560451,0.0003942574000308,0.5419408737182029,3.302554226147659e-05,0.5419408737182029,3.302554226147659e-05,0.5419727854487826,1.2330405877584362e-05,0.5413838571560451,0.0003942574000308,0.5419857196152347,3.942445278895182e-06,0.5418651557308403,8.21295565758557e-05
