img_index,width,height,noise_std,noise_std_est,avg_mass_loss,t_diff,max_rel_gain,rel_gain_synth_1,rel_error_synth_1,rel_gain_synth_2,rel_error_synth_2,rel_gain_synth_3,rel_error_synth_3,rel_gain_synth_4,rel_error_synth_4,rel_gain_synth_5,rel_error_synth_5,rel_gain_synth_6,rel_error_synth_6,rel_gain_synth_7,rel_error_synth_7,rel_gain_synth_8,rel_error_synth_8,rel_gain_synth_9,rel_error_synth_9,rel_gain_synth_10,rel_error_synth_10,rel_gain_synth_11,rel_error_synth_11,rel_gain_synth_12,rel_error_synth_12,rel_gain_synth_13,rel_error_synth_13,rel_gain_synth_14,rel_error_synth_14,rel_gain_synth_15,rel_error_synth_15,rel_gain_synth_16,rel_error_synth_16
60,370,246,0.05,0.05241148998428874,5.722185600234381e-08,0.066,0.24113707,0.18660456,0.04393753,0.19165456,0.03986869,0.1815956,0.04797332,0.18660456,0.04393753,0.1815956,0.04797332,0.18409033,0.04596328,0.1815956,0.04797332,0.18409033,0.04596328,0.1815956,0.04797332,0.18409033,0.04596328,0.1815956,0.04797332,0.1815956,0.04797332,0.22810887,0.01049699,0.23552608,0.00452083,0.18409033,0.04596328,0.19418944,0.03782629
60,370,246,0.1,0.10226853349706012,5.722185600234381e-08,0.132,0.43765023,0.39226884,0.03156637,0.39944512,0.0265747,0.3850816,0.03656567,0.39083183,0.03256592,0.3865156,0.03556821,0.38795638,0.03456602,0.3865156,0.03556821,0.38795638,0.03456602,0.3865156,0.03556821,0.38795638,0.03456602,0.3865156,0.03556821,0.3865156,0.03556821,0.43009225,0.00525718,0.43696824,0.00047438,0.3865156,0.03556821,0.39801225,0.02757136
60,370,246,0.15,0.15209480876705406,1.1444371200468762e-07,0.20500000000000002,0.6335815,0.59119344,0.02594795,0.5996274,0.02078509,0.5837258,0.03051925,0.589067,0.02724966,0.5858664,0.02920888,0.5858664,0.02920888,0.5869334,0.02855573,0.5869334,0.02855573,0.5858664,0.02920888,0.5869334,0.02855573,0.5837258,0.03051925,0.5815866,0.03182878,0.62981296,0.00230691,0.63293844,0.00039366,0.5815866,0.03182878,0.5975369,0.02206477
