img_index,width,height,noise_std,noise_std_est,avg_mass_loss,t_diff,max_rel_gain,rel_gain_synth_1,rel_error_synth_1,rel_gain_synth_2,rel_error_synth_2,rel_gain_synth_3,rel_error_synth_3,rel_gain_synth_4,rel_error_synth_4,rel_gain_synth_5,rel_error_synth_5,rel_gain_synth_6,rel_error_synth_6,rel_gain_synth_7,rel_error_synth_7,rel_gain_synth_8,rel_error_synth_8,rel_gain_synth_9,rel_error_synth_9,rel_gain_synth_10,rel_error_synth_10,rel_gain_synth_11,rel_error_synth_11,rel_gain_synth_12,rel_error_synth_12,rel_gain_synth_13,rel_error_synth_13,rel_gain_synth_14,rel_error_synth_14,rel_gain_synth_15,rel_error_synth_15,rel_gain_synth_16,rel_error_synth_16
60,370,246,0.05,0.052330420109273655,5.722185600234381e-08,0.068,0.24116172,0.18895541,0.04206246,0.19603264,0.03636035,0.18197352,0.04768775,0.18895541,0.04206246,0.18428755,0.04582334,0.18428755,0.04582334,0.18428755,0.04582334,0.18428755,0.04582334,0.18428755,0.04582334,0.18661383,0.04394906,0.18428755,0.04582334,0.18428755,0.04582334,0.23005071,0.0089521,0.23526025,0.0047548,0.18428755,0.04582334,0.19603264,0.03636035
60,370,246,0.1,0.10197076342175554,5.722185600234381e-08,0.147,0.43817985,0.39026883,0.03331364,0.39898828,0.02725082,0.37920725,0.041005,0.3890262,0.03417766,0.38164106,0.03931272,0.38409144,0.03760893,0.38164106,0.03931272,0.38409144,0.03760893,0.38286525,0.03846152,0.38655362,0.03589692,0.38164106,0.03931272,0.38164106,0.03931272,0.43253574,0.00392448,0.43590665,0.0015806,0.38042113,0.04016097,0.3977426,0.02811695
60,370,246,0.15,0.15276429698813618,5.722185600234381e-08,0.269,0.62949705,0.5704377,0.0362439,0.58272064,0.02870604,0.55428255,0.04615813,0.5681808,0.03762896,0.55642223,0.04484503,0.56076604,0.04217929,0.55570555,0.04528483,0.56003624,0.04262714,0.55642223,0.04484503,0.5637089,0.0403733,0.55713975,0.04440467,0.5549936,0.04572172,0.6257922,0.00227361,0.62491035,0.00281481,0.5549936,0.04572172,0.5788482,0.03108254
