img_index,width,height,noise_std,noise_std_est,avg_mass_loss,t_diff,max_rel_gain,rel_gain_synth_1,rel_error_synth_1,rel_gain_synth_2,rel_error_synth_2,rel_gain_synth_3,rel_error_synth_3,rel_gain_synth_4,rel_error_synth_4,rel_gain_synth_5,rel_error_synth_5,rel_gain_synth_6,rel_error_synth_6,rel_gain_synth_7,rel_error_synth_7,rel_gain_synth_8,rel_error_synth_8,rel_gain_synth_9,rel_error_synth_9,rel_gain_synth_10,rel_error_synth_10
97,416,555,0.05,0.05491877741409592,0.00017943787361762853,0.046,0.14680026020061,0.09957214760849427,0.041182509484131165,0.10294743972842116,0.03823928367832568,0.09957214760849427,0.041182509484131165,0.09957214760849427,0.041182509484131165,0.09957214760849427,0.041182509484131165,0.09957214760849427,0.041182509484131165,0.09957214760849427,0.041182509484131165,0.09957214760849427,0.041182509484131165,0.09957214760849427,0.041182509484131165,0.09957214760849427,0.041182509484131165
97,416,555,0.1,0.1034523594903045,0.00034980585766189465,0.092,0.3125918987434315,0.29260983224353226,0.015223365707977075,0.2938844977092142,0.014252260014804502,0.29260983224353226,0.015223365707977075,0.29260983224353226,0.015223365707977075,0.29260983224353226,0.015223365707977075,0.29260983224353226,0.015223365707977075,0.29260983224353226,0.015223365707977075,0.29260983224353226,0.015223365707977075,0.29260983224353226,0.015223365707977075,0.29260983224353226,0.015223365707977075
97,416,555,0.15,0.1529090728558476,0.000544848527747424,0.147,0.5003028006721711,0.4923845029470547,0.005277799735872582,0.4923845029470547,0.005277799735872582,0.4911532312681881,0.006098481853052501,0.4923845029470547,0.005277799735872582,0.4911532312681881,0.006098481853052501,0.49177191711898594,0.005686107863934694,0.4911532312681881,0.006098481853052501,0.49177191711898594,0.005686107863934694,0.4911532312681881,0.006098481853052501,0.4911532312681881,0.006098481853052501
