img_index,width,height,noise_std,noise_std_est,avg_mass_loss,t_diff,max_rel_gain,rel_gain_synth_1,rel_error_synth_1,rel_gain_synth_2,rel_error_synth_2,rel_gain_synth_3,rel_error_synth_3,rel_gain_synth_4,rel_error_synth_4,rel_gain_synth_5,rel_error_synth_5,rel_gain_synth_6,rel_error_synth_6,rel_gain_synth_7,rel_error_synth_7,rel_gain_synth_8,rel_error_synth_8,rel_gain_synth_9,rel_error_synth_9,rel_gain_synth_10,rel_error_synth_10
96,357,495,0.05,0.05104501726029528,4.8939986524179696e-05,0.061,0.3436577644695379,0.3209609878924889,0.016891783888146144,0.32300206424750744,0.015372739077041014,0.3168456091338474,0.019954601569452217,0.3209609878924889,0.016891783888146144,0.3168456091338474,0.019954601569452217,0.3189127092908847,0.01841618887858863,0.3168456091338474,0.019954601569452217,0.3189127092908847,0.01841618887858863,0.3168456091338474,0.019954601569452217,0.3168456091338474,0.019954601569452217
96,357,495,0.1,0.1010275866081914,9.432983427279084e-05,0.134,0.598901852811501,0.5754670362833978,0.014656819921057359,0.5798626711811667,0.0119076612469088,0.5698590338320374,0.018164228735112704,0.5765756526201581,0.013963458827747714,0.5698590338320374,0.018164228735112704,0.573236258253812,0.016052013769674935,0.570987391057897,0.01745852111217414,0.573236258253812,0.016052013769674935,0.5698590338320374,0.018164228735112704,0.5721137599115029,0.016754057075419597
96,357,495,0.15,0.15145288964729395,0.00013662858878777816,0.22,0.8452659240654657,0.8215909954898754,0.012830090377125734,0.8262367935260004,0.010312405540736657,0.813599264433949,0.017161027697162014,0.8215909954898754,0.012830090377125734,0.813599264433949,0.017161027697162014,0.817611245766177,0.014986825442676745,0.81440198959134,0.016726009011279356,0.8184108296475088,0.014553509100081468,0.8095450236468316,0.01935813150439278,0.812789299466077,0.017599969834069595
