img_index,width,height,noise_std,noise_std_est,avg_mass_loss,t_diff,max_rel_gain,rel_gain_synth_1,rel_error_synth_1,rel_gain_synth_2,rel_error_synth_2,rel_gain_synth_3,rel_error_synth_3,rel_gain_synth_4,rel_error_synth_4,rel_gain_synth_5,rel_error_synth_5,rel_gain_synth_6,rel_error_synth_6,rel_gain_synth_7,rel_error_synth_7,rel_gain_synth_8,rel_error_synth_8,rel_gain_synth_9,rel_error_synth_9,rel_gain_synth_10,rel_error_synth_10,rel_gain_synth_11,rel_error_synth_11,rel_gain_synth_12,rel_error_synth_12,rel_gain_synth_13,rel_error_synth_13,rel_gain_synth_14,rel_error_synth_14,rel_gain_synth_15,rel_error_synth_15,rel_gain_synth_16,rel_error_synth_16
38,190,127,0.05,0.05586565041258235,5.3961182483768476e-08,0.076,0.18308756,0.11847313,0.05461508,0.12923022,0.0455227,0.10397246,0.06687171,0.11847313,0.05461508,0.10600452,0.06515412,0.11009798,0.06169414,0.10397246,0.06687171,0.10802521,0.06344614,0.10600452,0.06515412,0.11009798,0.06169414,0.10600452,0.06515412,0.10600452,0.06515412,0.17525528,0.00662019,0.17008165,0.0109932,0.11009798,0.06169414,0.12923022,0.0455227
38,190,127,0.1,0.10506480177529073,5.3961182483768476e-08,0.151,0.3722045,0.3149657,0.04171304,0.32518438,0.03426613,0.29765815,0.05432598,0.31370035,0.04263516,0.29886723,0.05344487,0.3037437,0.04989111,0.29645097,0.05520572,0.30129644,0.05167457,0.29886723,0.05344487,0.3037437,0.04989111,0.29886723,0.05344487,0.29765815,0.05432598,0.37063894,0.00114092,0.36958778,0.00190695,0.30129644,0.05167457,0.32646143,0.03333546
38,190,127,0.15,0.15564953918978744,2.6980591241884238e-08,0.243,0.5551471,0.498337,0.03653037,0.5093824,0.0294279,0.47578844,0.05102969,0.49558383,0.03830075,0.47755063,0.04989656,0.48198676,0.04704402,0.4740294,0.05216081,0.48020104,0.04819227,0.47843033,0.04933089,0.48377973,0.04589109,0.47755063,0.04989656,0.4740294,0.05216081,0.5551471,0.,0.55387825,0.00081591,0.47755063,0.04989656,0.5093824,0.0294279
