img_index,width,height,noise_std,noise_std_est,avg_mass_loss,t_diff,max_rel_gain,rel_gain_synth_1,rel_error_synth_1,rel_gain_synth_2,rel_error_synth_2,rel_gain_synth_3,rel_error_synth_3,rel_gain_synth_4,rel_error_synth_4,rel_gain_synth_5,rel_error_synth_5,rel_gain_synth_6,rel_error_synth_6,rel_gain_synth_7,rel_error_synth_7,rel_gain_synth_8,rel_error_synth_8,rel_gain_synth_9,rel_error_synth_9,rel_gain_synth_10,rel_error_synth_10,rel_gain_synth_11,rel_error_synth_11,rel_gain_synth_12,rel_error_synth_12,rel_gain_synth_13,rel_error_synth_13,rel_gain_synth_14,rel_error_synth_14,rel_gain_synth_15,rel_error_synth_15,rel_gain_synth_16,rel_error_synth_16
38,190,127,0.05,0.056072134556619815,2.6980591241884238e-08,0.079,0.1850814,0.12435278,0.05124426,0.13234603,0.04449936,0.10717432,0.06573986,0.12237861,0.05291011,0.1090299,0.06417408,0.11277211,0.06101631,0.10717432,0.06573986,0.11088278,0.06261057,0.11277211,0.06101631,0.1146517,0.05943026,0.11088278,0.06261057,0.11277211,0.06101631,0.17889066,0.0052239,0.17420262,0.00917977,0.11277211,0.06101631,0.13435933,0.0428005
38,190,127,0.1,0.10497764027539723,5.3961182483768476e-08,0.17,0.3702442,0.3194354,0.03708011,0.33061656,0.02892014,0.2988155,0.05212845,0.3174215,0.03854984,0.30071428,0.05074272,0.30555615,0.04720914,0.29693064,0.05350402,0.3036162,0.04862493,0.3026286,0.04934566,0.30555615,0.04720914,0.3026286,0.04934566,0.29978642,0.05141987,0.3697691,0.00034673,0.36745712,0.002034,0.3016944,0.05002744,0.33168128,0.02814309
38,190,127,0.15,0.15588675499860516,2.6980591241884238e-08,0.341,0.5488812,0.47225916,0.04946926,0.4883903,0.03905457,0.43984154,0.07039897,0.4679449,0.05225468,0.4419165,0.06905932,0.44992524,0.06388865,0.43479934,0.07365435,0.4455937,0.0666852,0.44033983,0.07007726,0.45103315,0.06317337,0.4429611,0.0683849,0.43984154,0.07039897,0.5484156,0.00030058,0.5401114,0.00566199,0.4440135,0.06770543,0.48638803,0.04034728
