img_index,width,height,noise_std,noise_std_est,t_diff,max_rel_gain,rel_gain_synth_1,rel_error_synth_1,rel_gain_synth_2,rel_error_synth_2,rel_gain_synth_3,rel_error_synth_3,rel_gain_synth_4,rel_error_synth_4,rel_gain_synth_5,rel_error_synth_5,rel_gain_synth_6,rel_error_synth_6,rel_gain_synth_7,rel_error_synth_7,rel_gain_synth_8,rel_error_synth_8,rel_gain_synth_9,rel_error_synth_9,rel_gain_synth_10,rel_error_synth_10
38,640,431,0.05,0.0568220194211088,0.6,0.1503733324522125,0.1286913186638937,0.0188478063396166,0.1370393578320853,0.0115909976735148,0.1379744061700629,0.0107781760341394,0.1351642842149185,0.0132209673227327,0.1277906058491262,0.0196307806918189,0.1277906058491262,0.0196307806918189,0.1305143877672719,0.0172630433309922,0.1351642842149185,0.0132209673227327,0.1305143877672719,0.0172630433309922,0.1277906058491262,0.0196307806918189
38,640,431,0.1,0.1044726430799352,1.16,0.3609247937329336,0.3577818040316001,0.0023094514228904,0.3582596095979992,0.0019583625393611,0.3581022197084822,0.0020740117583641,0.3574548495712745,0.0025496957492715,0.3581022197084822,0.0020740117583641,0.3582596095979992,0.0019583625393611,0.3574548495712745,0.0025496957492715,0.3574548495712745,0.0025496957492715,0.3574548495712745,0.0025496957492715,0.358414910211697,0.0018442485086572
38,640,431,0.15,0.1532370823635983,2.06,0.5605930678127612,0.5597856578307232,0.0005173738104383,0.5602592070685469,0.0002139319666991,0.5599971815578999,0.0003818332063313,0.5603487160168811,0.0001565762407381,0.5597162781732027,0.0005618310484919,0.5597162781732027,0.0005618310484919,0.5604200446948113,0.0001108701054224,0.5603273042053037,0.000170296544909,0.560362728764415,0.0001475971238736,0.5593993681148545,0.0007649013202267
