img_index,width,height,noise_std,noise_std_est,avg_mass_loss,t_diff,max_rel_gain,rel_gain_synth_1,rel_error_synth_1,rel_gain_synth_2,rel_error_synth_2,rel_gain_synth_3,rel_error_synth_3,rel_gain_synth_4,rel_error_synth_4,rel_gain_synth_5,rel_error_synth_5,rel_gain_synth_6,rel_error_synth_6,rel_gain_synth_7,rel_error_synth_7,rel_gain_synth_8,rel_error_synth_8,rel_gain_synth_9,rel_error_synth_9,rel_gain_synth_10,rel_error_synth_10
38,190,127,0.05,0.05599848823355012,0.0008865114741591296,0.07200000000000001,0.1918729732899855,0.13138248491477378,0.05075246249458687,0.1428598253958083,0.04112279495597909,0.12241453292902824,0.05827671397668137,0.13365368972722658,0.04884688626007971,0.12020307981343235,0.06013215760629191,0.12462416680454022,0.056422796717854176,0.11801813371383972,0.06196536143636234,0.12462416680454022,0.056422796717854176,0.12020307981343235,0.06013215760629191,0.12462416680454022,0.056422796717854176
38,190,127,0.1,0.10472420118105828,0.0016485946854284553,0.138,0.3770724420390246,0.3253323406740418,0.03757253415686068,0.3379899990504182,0.028380818463505975,0.3155382012524445,0.04468482478341276,0.32814845897118095,0.0355275304147414,0.31276997344629703,0.04669505149454247,0.3169247817543422,0.0436779202375309,0.31001812299664744,0.048693385326257915,0.3169247817543422,0.0436779202375309,0.3141483786184349,0.045694083694985815,0.31831991218769135,0.04266480691773826
38,190,127,0.15,0.1556180735809989,0.0026506185510726606,0.229,0.5488217432583837,0.4823421182177917,0.04292270903992695,0.49594626453857815,0.03413916349635376,0.4688671480330349,0.05162285174092517,0.48443326030542716,0.041572558774579986,0.4637771589584336,0.05490921383956999,0.4699070016910453,0.050951468050363886,0.4617550737522144,0.05621477738490422,0.4688671480330349,0.05162285174092517,0.46275270580522,0.05557065416197816,0.4688671480330349,0.05162285174092517
