img_index,width,height,noise_std,noise_std_est,t_diff,max_rel_gain,rel_gain_synth_1,rel_error_synth_1,rel_gain_synth_2,rel_error_synth_2,rel_gain_synth_3,rel_error_synth_3,rel_gain_synth_4,rel_error_synth_4,rel_gain_synth_5,rel_error_synth_5,rel_gain_synth_6,rel_error_synth_6,rel_gain_synth_7,rel_error_synth_7,rel_gain_synth_8,rel_error_synth_8,rel_gain_synth_9,rel_error_synth_9,rel_gain_synth_10,rel_error_synth_10
43,427,640,0.05,0.0645500168723969,0.28,0.0566109413017719,0.0115797618107132,0.0645371919284428,0.0066628721302076,0.0598837386200303,0.0016498013294254,0.0551392573688652,0.0066628721302076,0.0598837386200303,0.0115797618107132,0.0645371919284428,0.0115797618107132,0.0645371919284428,0.0115797618107132,0.0645371919284428,0.0016498013294254,0.0551392573688652,0.0115797618107132,0.0645371919284428,0.0163896790071676,0.0690894041083853
43,427,640,0.1,0.1096301564881363,0.45,0.1773638304681912,0.1475776430035915,0.0252990508913076,0.1475776430035915,0.0252990508913076,0.1475776430035915,0.0252990508913076,0.1475776430035915,0.0252990508913076,0.1475776430035915,0.0252990508913076,0.1475776430035915,0.0252990508913076,0.1475776430035915,0.0252990508913076,0.1475776430035915,0.0252990508913076,0.1475776430035915,0.0252990508913076,0.1475776430035915,0.0252990508913076
43,427,640,0.15,0.1576214222633339,0.63,0.3161846080271248,0.3059878293593996,0.0077472252794457,0.303392677979194,0.0097189482158623,0.303392677979194,0.0097189482158623,0.3042648529232932,0.0090562942547234,0.3059878293593996,0.0077472252794457,0.3059878293593996,0.0077472252794457,0.3051305313687217,0.0083985761503261,0.303392677979194,0.0097189482158623,0.3051305313687217,0.0083985761503261,0.3068346673101946,0.0071038216523023
