img_index,width,height,noise_std,noise_std_est,avg_mass_loss,t_diff,max_rel_gain,rel_gain_synth_1,rel_error_synth_1,rel_gain_synth_2,rel_error_synth_2,rel_gain_synth_3,rel_error_synth_3,rel_gain_synth_4,rel_error_synth_4,rel_gain_synth_5,rel_error_synth_5,rel_gain_synth_6,rel_error_synth_6,rel_gain_synth_7,rel_error_synth_7,rel_gain_synth_8,rel_error_synth_8,rel_gain_synth_9,rel_error_synth_9,rel_gain_synth_10,rel_error_synth_10,rel_gain_synth_11,rel_error_synth_11,rel_gain_synth_12,rel_error_synth_12,rel_gain_synth_13,rel_error_synth_13,rel_gain_synth_14,rel_error_synth_14,rel_gain_synth_15,rel_error_synth_15,rel_gain_synth_16,rel_error_synth_16
43,560,839,0.05,0.05185454617254838,8.868267211533004e-08,0.07,0.16554166,0.10346419,0.05326062,0.09256796,0.06260926,0.1174494,0.04126173,0.10346419,0.05326062,0.11463126,0.04367961,0.1174494,0.04126173,0.1174494,0.04126173,0.12308823,0.03642378,0.1118224,0.04608952,0.10902249,0.04849176,0.11463126,0.04367961,0.11463126,0.04367961,0.07439577,0.07820046,0.13425173,0.02684583,0.1174494,0.04126173,0.09256796,0.06260926
43,560,839,0.1,0.10149967968820506,4.434133605766502e-08,0.15,0.3331047,0.29123518,0.03140754,0.2816037,0.03863239,0.3022942,0.02311184,0.29123518,0.03140754,0.30073947,0.02427809,0.3022942,0.02311184,0.30536973,0.02080479,0.3083878,0.01854087,0.30073947,0.02427809,0.2944277,0.02901275,0.3022942,0.02311184,0.30073947,0.02427809,0.23006402,0.07729377,0.31955516,0.01016391,0.3022942,0.02311184,0.27679422,0.04224009
43,560,839,0.15,0.15156373859223018,1.7736534423066007e-07,0.275,0.50129765,0.44378886,0.03830606,0.43338615,0.04523519,0.4612416,0.02668095,0.442625,0.03908129,0.45892808,0.02822197,0.4600863,0.0274505,0.4612416,0.02668095,0.46696806,0.0228666,0.4600863,0.0274505,0.44961557,0.03442494,0.45892808,0.02822197,0.45427877,0.03131882,0.3545734,0.09773163,0.47584206,0.01695572,0.45427877,0.03131882,0.42769364,0.04902692
