energy,prior,fidelity,mass,psnr,ssim_indices
16003.858346139605,16003.858346139605,0.0,0.0,20.001921045551082,0.533899749040281
8473.09010573052,8058.34882422106,414.74128150946007,-59.06891497352626,22.637623324732186,0.6093509390810801
6256.148752566402,5303.138936401068,953.0098161653343,-112.21153454377782,23.86536053892007,0.6503729774724573
5412.360990971308,4051.6142612330455,1360.7467297382625,-160.03536559961503,24.306170511618298,0.6731015712728192
5025.6578859567835,3372.6975149252085,1652.9603710315755,-203.07765859056963,24.381084927057238,0.6858956798769394
4825.420566610307,2959.964332257259,1865.4562343530486,-241.81761362054385,24.305604409944593,0.6930396822211229
4713.1259505759745,2689.0129532638102,2024.1129973121642,-276.68476455064956,24.177600963002867,0.6968831347039633
4646.640092091676,2501.1789825090536,2145.461109582622,-308.06517921114573,24.03927590399286,0.6987719155824145
4605.712362728115,2365.6652330588668,2240.0471296692485,-336.3063550606603,23.907962472318385,0.6995061187342557
