img_index,width,height,noise_std,noise_std_est,avg_mass_loss,t_diff,max_rel_gain,rel_gain_synth_1,rel_error_synth_1,rel_gain_synth_2,rel_error_synth_2,rel_gain_synth_3,rel_error_synth_3,rel_gain_synth_4,rel_error_synth_4,rel_gain_synth_5,rel_error_synth_5,rel_gain_synth_6,rel_error_synth_6,rel_gain_synth_7,rel_error_synth_7,rel_gain_synth_8,rel_error_synth_8,rel_gain_synth_9,rel_error_synth_9,rel_gain_synth_10,rel_error_synth_10
43,560,839,0.05,0.05194192577439971,0.0001392751007571849,0.052000000000000005,0.176559435913096,0.13475820127957838,0.035528366317573064,0.13475820127957838,0.035528366317573064,0.13475820127957838,0.035528366317573064,0.13767281189046288,0.033051134380180515,0.13475820127957838,0.035528366317573064,0.13767281189046288,0.033051134380180515,0.13475820127957838,0.035528366317573064,0.13767281189046288,0.033051134380180515,0.13475820127957838,0.035528366317573064,0.13475820127957838,0.035528366317573064
43,560,839,0.1,0.10129125649271825,0.00027285294707497375,0.10400000000000001,0.3412628784908039,0.3059686541757489,0.026314173665022474,0.3059686541757489,0.026314173665022474,0.3059686541757489,0.026314173665022474,0.3076421291034405,0.025066487656165953,0.3059686541757489,0.026314173665022474,0.3076421291034405,0.025066487656165953,0.3059686541757489,0.026314173665022474,0.3076421291034405,0.025066487656165953,0.3059686541757489,0.026314173665022474,0.3059686541757489,0.026314173665022474
43,560,839,0.15,0.15119747233755823,0.0004119181060255546,0.161,0.5076234221209079,0.4745432334134758,0.0219419440040904,0.47331332565835876,0.022757736420864372,0.47331332565835876,0.022757736420864372,0.4745432334134758,0.0219419440040904,0.47331332565835876,0.022757736420864372,0.4745432334134758,0.0219419440040904,0.47331332565835876,0.022757736420864372,0.4745432334134758,0.0219419440040904,0.47331332565835876,0.022757736420864372,0.47331332565835876,0.022757736420864372
