energy,prior,fidelity,mass,psnr,ssim_indices
7290.3709584743,7290.3709584743,0.0,0.0,26.011810904658525,0.7091645945201813
4589.474460527629,4435.448454150986,154.02600637664247,-57.89153188478667,28.138148595574638,0.7781906676032012
3665.2346256478027,3284.8134537297187,380.42117191808387,-110.06692410691176,28.208842419213802,0.8113872084536752
3268.776003314728,2691.7149156693313,577.0610876453964,-157.09079699683934,27.612264400649835,0.8260551912204076
3072.5363710698375,2335.996675845584,736.5396952242534,-199.46877372078598,26.96604923215272,0.8316259325371473
