img_index,width,height,noise_std,noise_std_est,avg_mass_loss,t_diff,max_rel_gain,rel_gain_synth_1,rel_error_synth_1,rel_gain_synth_2,rel_error_synth_2,rel_gain_synth_3,rel_error_synth_3,rel_gain_synth_4,rel_error_synth_4,rel_gain_synth_5,rel_error_synth_5,rel_gain_synth_6,rel_error_synth_6,rel_gain_synth_7,rel_error_synth_7,rel_gain_synth_8,rel_error_synth_8,rel_gain_synth_9,rel_error_synth_9,rel_gain_synth_10,rel_error_synth_10,rel_gain_synth_11,rel_error_synth_11,rel_gain_synth_12,rel_error_synth_12,rel_gain_synth_13,rel_error_synth_13,rel_gain_synth_14,rel_error_synth_14,rel_gain_synth_15,rel_error_synth_15,rel_gain_synth_16,rel_error_synth_16
43,560,839,0.05,0.05178594817251285,4.434133605766502e-08,0.07200000000000001,0.16585568,0.10422072,0.05286671,0.09413259,0.06151969,0.11721388,0.04172197,0.10422072,0.05286671,0.1145906,0.04397206,0.11721388,0.04172197,0.11721388,0.04172197,0.12247872,0.03720611,0.1145906,0.04397206,0.11197742,0.04621348,0.11984426,0.03946579,0.1145906,0.04397206,0.07735484,0.07591062,0.13298291,0.02819625,0.11984426,0.03946579,0.09662358,0.05938307
43,560,839,0.1,0.10130079796685439,8.868267211533004e-08,0.17400000000000002,0.33300656,0.27750713,0.04163478,0.26550072,0.0506418,0.28981537,0.03240136,0.27750713,0.04163478,0.28569442,0.03549283,0.28981537,0.03240136,0.29118973,0.03137032,0.29803726,0.02623341,0.2870667,0.03446335,0.280224,0.03959665,0.27750713,0.04163478,0.2829537,0.03754885,0.2215904,0.08358261,0.30873775,0.01820607,0.27615386,0.04264998,0.25271633,0.06023245
43,560,839,0.15,0.15172508964213832,1.3302400817299506e-07,0.325,0.49889114,0.43365496,0.04352296,0.4222307,0.05114478,0.4499395,0.03265857,0.4353312,0.04240463,0.4464528,0.03498475,0.45169055,0.03149034,0.45432514,0.02973265,0.46136215,0.02503783,0.4353312,0.04240463,0.43449175,0.04296468,0.4508146,0.03207472,0.44213137,0.03786783,0.36430418,0.08979101,0.46224028,0.02445199,0.45169055,0.03149034,0.40619925,0.06184031
