img_index,width,height,noise_std,noise_std_est,avg_mass_loss,t_diff,max_rel_gain,rel_gain_synth_1,rel_error_synth_1,rel_gain_synth_2,rel_error_synth_2,rel_gain_synth_3,rel_error_synth_3,rel_gain_synth_4,rel_error_synth_4,rel_gain_synth_5,rel_error_synth_5,rel_gain_synth_6,rel_error_synth_6,rel_gain_synth_7,rel_error_synth_7,rel_gain_synth_8,rel_error_synth_8,rel_gain_synth_9,rel_error_synth_9,rel_gain_synth_10,rel_error_synth_10
89,213,320,0.05,0.05370959253768208,0.0004616901523581126,0.063,0.23867734390627554,0.1897520464098349,0.03949801595801413,0.1897520464098349,0.03949801595801413,0.18734225864403317,0.04144346832109865,0.1921609958127931,0.03755324041593359,0.18496490530113294,0.04336273596137297,0.1921609958127931,0.03755324041593359,0.18496490530113294,0.04336273596137297,0.1921609958127931,0.03755324041593359,0.18496490530113294,0.04336273596137297,0.18496490530113294,0.04336273596137297
89,213,320,0.1,0.10272299262782443,0.0008760843406303359,0.125,0.4481492543758038,0.41312552603028474,0.024185164781661467,0.41312552603028474,0.024185164781661467,0.41042802147806556,0.026047890287384207,0.4144697554337768,0.02325692523768472,0.4077331421221245,0.027908802999107866,0.41312552603028474,0.024185164781661467,0.4077331421221245,0.027908802999107866,0.4144697554337768,0.02325692523768472,0.405042021244966,0.029767120343833813,0.4063864977915829,0.028838710138494577
89,213,320,0.15,0.15314717947170195,0.0013710806497225841,0.20500000000000002,0.6505091741751916,0.6102877383726315,0.024369107686214444,0.6102877383726315,0.024369107686214444,0.6055187805007292,0.02725849354757179,0.6102877383726315,0.024369107686214444,0.6007955162142972,0.03012019487000907,0.6093250505249903,0.024952374875942335,0.6017302670521602,0.02955385397806574,0.6112339839183901,0.02379580245376612,0.5998445128199495,0.030696382757497115,0.6017302670521602,0.02955385397806574
