energy,prior,fidelity,mass,psnr,ssim_indices
5857.143472603972,5857.143472603972,0.0,0.0,26.011810904658525,0.4950095426729204
3187.4321454026704,3039.86729646404,147.5648489386304,-46.285257374926005,28.19244421653014,0.5975740370179774
2352.7746925236056,2006.2223523678922,346.55234015571347,-88.05602214613464,28.53882400533263,0.6595193561160538
2022.900557458743,1521.0363378542163,501.8642196045266,-125.72616954584373,28.289545918208,0.6958671502052484
1868.2921660888273,1253.2801943189197,615.0119717699075,-159.68151489732554,27.949604521259054,0.7178770248740264
1786.8232055825429,1089.109481238271,697.713724344272,-190.27755041746423,27.64441133264623,0.7317480847158082
