energy,prior,fidelity,mass,psnr,ssim_indices
1584.5304800103752,1584.5304800103752,0.0,0.0,26.013954692643093,0.6059550091392757
925.3426286806754,889.6682154653716,35.67441321530373,5.680440721494961,28.012958874497407,0.6895099196634518
709.1951591136055,623.1962247699993,85.99893434360628,10.73444277624003,28.01968068155879,0.7326719165592265
620.7543042798782,493.1839662003379,127.57033807954029,15.234620532693953,27.48633759514704,0.7544819461928057
578.5164494415885,418.7742969825801,159.74215245900845,19.246717874520982,26.938536190508806,0.7654452330938856
556.180810918152,371.4712819507114,184.7095289674407,22.82834796698444,26.478017187127122,0.7707495775424155
543.5423864844157,339.1622748035201,204.3801116808956,26.029455135114404,26.106701754167613,0.7730156263043568
