energy,prior,fidelity,mass,psnr,ssim_indices
3495.0956283655864,3495.0956283655864,0.0,0.0,19.976898668507822,0.41559780064929197
1782.7219314635367,1690.2575162395885,92.46441522394825,4.995357538733515,22.576156988524488,0.49038510519898476
1282.4427497869062,1071.3948461264156,211.0479036604907,9.583432254454237,23.781520586343092,0.535281433353692
1095.1057002312527,796.0799392800925,299.0257609511603,13.751957998349098,24.24791410411725,0.5626395731447441
1010.5839845774896,650.0983615296739,360.4856230478157,17.51635055251245,24.37866520276836,0.5797725741660629
967.2239393999084,563.2140101858594,404.00992921404907,20.904368490417255,24.367055155092253,0.5907062264489995
942.9298880784462,507.2238401820796,435.7060478963666,23.94820214257561,24.299290485756217,0.5977570564100562
928.4273283782015,469.01584761770613,459.41148076049546,26.680480206461652,24.21353972141427,0.6023171611898595
919.3360578177492,441.8119272856957,477.52413053205345,29.13234249526795,24.126668466782753,0.6052561580851642
