img_index,width,height,noise_std,noise_std_est,t_diff,max_rel_gain,rel_gain_synth_1,rel_error_synth_1,rel_gain_synth_2,rel_error_synth_2,rel_gain_synth_3,rel_error_synth_3,rel_gain_synth_4,rel_error_synth_4,rel_gain_synth_5,rel_error_synth_5,rel_gain_synth_6,rel_error_synth_6,rel_gain_synth_7,rel_error_synth_7,rel_gain_synth_8,rel_error_synth_8,rel_gain_synth_9,rel_error_synth_9,rel_gain_synth_10,rel_error_synth_10
40,640,427,0.05,0.0676586383760468,0.31,0.0553793350386749,0.0236368228543971,0.074869911954621,0.0115058431545614,0.0633754859249592,0.0115058431545614,0.0633754859249592,0.0156708268998049,0.0673219188396144,0.0236368228543971,0.074869911954621,0.0236368228543971,0.074869911954621,0.0197151525909669,0.0711540250377272,0.0156708268998049,0.0673219188396144,0.0197151525909669,0.0711540250377272,0.0236368228543971,0.074869911954621
40,640,427,0.1,0.1116604549094273,0.51,0.1799394588937649,0.1533836866696375,0.0225060464110797,0.1533836866696375,0.0225060464110797,0.1533836866696375,0.0225060464110797,0.1533836866696375,0.0225060464110797,0.1533836866696375,0.0225060464110797,0.1533836866696375,0.0225060464110797,0.1533836866696375,0.0225060464110797,0.1533836866696375,0.0225060464110797,0.1533836866696375,0.0225060464110797,0.1533836866696375,0.0225060464110797
40,640,427,0.15,0.1588620506284587,0.72,0.3294536624927963,0.3256924361676164,0.0028291518774166,0.3239636408717689,0.0041295321348269,0.3239636408717689,0.0041295321348269,0.3239636408717689,0.0041295321348269,0.3256924361676164,0.0028291518774166,0.3256924361676164,0.0028291518774166,0.3250084526035697,0.0033436365739077,0.3239636408717689,0.0041295321348269,0.3250084526035697,0.0033436365739077,0.3256924361676164,0.0028291518774166
