img_index,width,height,noise_std,noise_std_est,avg_mass_loss,t_diff,max_rel_gain,rel_gain_synth_1,rel_error_synth_1,rel_gain_synth_2,rel_error_synth_2,rel_gain_synth_3,rel_error_synth_3,rel_gain_synth_4,rel_error_synth_4,rel_gain_synth_5,rel_error_synth_5,rel_gain_synth_6,rel_error_synth_6,rel_gain_synth_7,rel_error_synth_7,rel_gain_synth_8,rel_error_synth_8,rel_gain_synth_9,rel_error_synth_9,rel_gain_synth_10,rel_error_synth_10
40,360,240,0.05,0.06231226370044756,0.0003497231200951016,0.055,0.11026974199777724,0.025317506891724434,0.07651495118041583,0.03140248977837184,0.07103431646934254,0.02236214052774112,0.07917679654302613,0.025317506891724434,0.07651495118041583,0.02236214052774112,0.07917679654302613,0.025317506891724434,0.07651495118041583,0.02236214052774112,0.07917679654302613,0.025317506891724434,0.07651495118041583,0.02236214052774112,0.07917679654302613,0.025317506891724434,0.07651495118041583
40,360,240,0.1,0.10848769758091567,0.0006083735458146911,0.1,0.2661777044163616,0.23025342172984384,0.028372228132919872,0.23424479514524996,0.025219926997396457,0.2289391168799072,0.029410237920450014,0.23157842041587184,0.027325772582955217,0.2289391168799072,0.029410237920450014,0.2289391168799072,0.029410237920450014,0.2289391168799072,0.029410237920450014,0.23025342172984384,0.028372228132919872,0.2289391168799072,0.029410237920450014,0.2289391168799072,0.029410237920450014
40,360,240,0.15,0.15607645220398023,0.0009011773043246447,0.156,0.4425159267084088,0.4253782902398824,0.011880379378293438,0.42803255985479793,0.010040351434219231,0.42335286924514776,0.013284468551406633,0.4253782902398824,0.011880379378293438,0.42335286924514776,0.013284468551406633,0.42403272495957955,0.012813169966868213,0.42335286924514776,0.013284468551406633,0.42403272495957955,0.012813169966868213,0.42335286924514776,0.013284468551406633,0.42403272495957955,0.012813169966868213
