img_index,width,height,noise_std,noise_std_est,avg_mass_loss,t_diff,max_rel_gain,rel_gain_synth_1,rel_error_synth_1,rel_gain_synth_2,rel_error_synth_2,rel_gain_synth_3,rel_error_synth_3,rel_gain_synth_4,rel_error_synth_4,rel_gain_synth_5,rel_error_synth_5,rel_gain_synth_6,rel_error_synth_6,rel_gain_synth_7,rel_error_synth_7,rel_gain_synth_8,rel_error_synth_8,rel_gain_synth_9,rel_error_synth_9,rel_gain_synth_10,rel_error_synth_10,rel_gain_synth_11,rel_error_synth_11,rel_gain_synth_12,rel_error_synth_12,rel_gain_synth_13,rel_error_synth_13,rel_gain_synth_14,rel_error_synth_14,rel_gain_synth_15,rel_error_synth_15,rel_gain_synth_16,rel_error_synth_16
40,360,240,0.05,0.061990167887885105,3.014081790123457e-08,0.055,0.10164377,0.01675178,0.07705939,0.01967036,0.07441008,0.01389581,0.07965185,0.01675178,0.07705939,0.01389581,0.07965185,0.01389581,0.07965185,0.01389581,0.07965185,0.01389581,0.07965185,0.01389581,0.07965185,0.01389581,0.07965185,0.01389581,0.07965185,0.01389581,0.07965185,0.0447292,0.05166331,0.05137914,0.04562693,0.01675178,0.07705939,0.01967036,0.07441008
40,360,240,0.1,0.10750132645471101,6.028163580246914e-08,0.1,0.25609353,0.22269368,0.02659025,0.22523469,0.02456731,0.22017321,0.02859685,0.22269368,0.02659025,0.22017321,0.02859685,0.22143306,0.02759385,0.22017321,0.02859685,0.22143306,0.02759385,0.22017321,0.02859685,0.22143306,0.02759385,0.22017321,0.02859685,0.22017321,0.02859685,0.23911461,0.01351723,0.244925,0.00889146,0.22017321,0.02859685,0.22523469,0.02456731
40,360,240,0.15,0.15609100089255845,3.014081790123457e-08,0.16,0.4361304,0.4211831,0.01040804,0.4235898,0.00873224,0.41935048,0.01168412,0.42057228,0.01083337,0.41996467,0.01125647,0.41996467,0.01125647,0.41996467,0.01125647,0.41996467,0.01125647,0.41996467,0.01125647,0.41996467,0.01125647,0.41935048,0.01168412,0.41873425,0.01211322,0.43245736,0.00255761,0.4342871,0.00128353,0.41873425,0.01211322,0.42299342,0.00914748
