img_index,width,height,noise_std,noise_std_est,avg_mass_loss,t_diff,max_rel_gain,rel_gain_synth_1,rel_error_synth_1,rel_gain_synth_2,rel_error_synth_2,rel_gain_synth_3,rel_error_synth_3,rel_gain_synth_4,rel_error_synth_4,rel_gain_synth_5,rel_error_synth_5,rel_gain_synth_6,rel_error_synth_6,rel_gain_synth_7,rel_error_synth_7,rel_gain_synth_8,rel_error_synth_8,rel_gain_synth_9,rel_error_synth_9,rel_gain_synth_10,rel_error_synth_10,rel_gain_synth_11,rel_error_synth_11,rel_gain_synth_12,rel_error_synth_12,rel_gain_synth_13,rel_error_synth_13,rel_gain_synth_14,rel_error_synth_14,rel_gain_synth_15,rel_error_synth_15,rel_gain_synth_16,rel_error_synth_16
40,360,240,0.05,0.06215935450189971,3.014081790123457e-08,0.057,0.10184664,0.01891847,0.0752629,0.02165177,0.07278225,0.01358479,0.08010357,0.01891847,0.0752629,0.01621335,0.07771798,0.01621335,0.07771798,0.01621335,0.07771798,0.01621335,0.07771798,0.01621335,0.07771798,0.01621335,0.07771798,0.01621335,0.07771798,0.01621335,0.07771798,0.04530436,0.05131593,0.05159984,0.04560236,0.01621335,0.07771798,0.02165177,0.07278225
40,360,240,0.1,0.10784828294084167,3.014081790123457e-08,0.11,0.25756994,0.22305866,0.02744284,0.22636603,0.02481286,0.21872395,0.03088972,0.22197275,0.02830633,0.21980456,0.03003045,0.22088164,0.02917396,0.21980456,0.03003045,0.21980456,0.03003045,0.21980456,0.03003045,0.22088164,0.02917396,0.21980456,0.03003045,0.21980456,0.03003045,0.24183095,0.0125154,0.24392381,0.01085119,0.21872395,0.03088972,0.22525808,0.02569388
40,360,240,0.15,0.15650367922050246,3.014081790123457e-08,0.186,0.43934417,0.42306364,0.01131107,0.42597902,0.00928557,0.4186446,0.01438124,0.4225798,0.01164721,0.41962653,0.01369904,0.42061168,0.01301459,0.41913176,0.01404278,0.42011428,0.01336017,0.41962653,0.01369904,0.42159605,0.0123307,0.41962653,0.01369904,0.41913176,0.01404278,0.43679535,0.00177081,0.4364905,0.00198261,0.41913176,0.01404278,0.42501357,0.00995634
