img_index,width,height,noise_std,noise_std_est,t_diff,max_rel_gain,rel_gain_synth_1,rel_error_synth_1,rel_gain_synth_2,rel_error_synth_2,rel_gain_synth_3,rel_error_synth_3,rel_gain_synth_4,rel_error_synth_4,rel_gain_synth_5,rel_error_synth_5,rel_gain_synth_6,rel_error_synth_6,rel_gain_synth_7,rel_error_synth_7,rel_gain_synth_8,rel_error_synth_8,rel_gain_synth_9,rel_error_synth_9,rel_gain_synth_10,rel_error_synth_10
81,640,428,0.05,0.0556990090536873,0.33,0.0984020002081949,0.066356229499059,0.0291749019967751,0.0746739643816974,0.0216023239415078,0.0746739643816974,0.0216023239415078,0.071908977487681,0.0241196053134392,0.066356229499059,0.0291749019967751,0.066356229499059,0.0291749019967751,0.0691322917494954,0.0266475374709365,0.071908977487681,0.0241196053134392,0.0691322917494954,0.0266475374709365,0.066356229499059,0.0291749019967751
81,640,428,0.1,0.1037539406516938,0.59,0.2584222455626478,0.2491462736525499,0.0073711124726268,0.2498999510533106,0.0067722058628476,0.2498999510533106,0.0067722058628476,0.2491462736525499,0.0073711124726268,0.2498999510533106,0.0067722058628476,0.2498999510533106,0.0067722058628476,0.2491462736525499,0.0073711124726268,0.2491462736525499,0.0073711124726268,0.2491462736525499,0.0073711124726268,0.2498999510533106,0.0067722058628476
81,640,428,0.15,0.1530922088919726,0.86,0.4273691959129908,0.4272797837008481,6.264126506212317e-05,0.4267614305887917,0.0004257940594061,0.4266410045715176,0.0005101632734951,0.4267614305887917,0.0004257940594061,0.4273244368599475,3.1357726628437424e-05,0.4273244368599475,3.1357726628437424e-05,0.4271511210418809,0.0001527809845793,0.4267614305887917,0.0004257940594061,0.427221688351359,0.000103342262152,0.4273244368599475,3.1357726628437424e-05
