img_index,width,height,noise_std,noise_std_est,avg_mass_loss,t_diff,max_rel_gain,rel_gain_synth_1,rel_error_synth_1,rel_gain_synth_2,rel_error_synth_2,rel_gain_synth_3,rel_error_synth_3,rel_gain_synth_4,rel_error_synth_4,rel_gain_synth_5,rel_error_synth_5,rel_gain_synth_6,rel_error_synth_6,rel_gain_synth_7,rel_error_synth_7,rel_gain_synth_8,rel_error_synth_8,rel_gain_synth_9,rel_error_synth_9,rel_gain_synth_10,rel_error_synth_10
81,600,401,0.05,0.05250284411298819,0.00019702228778261893,0.05,0.1859337107484886,0.1430542412242476,0.03615671696960037,0.14615822236708081,0.03353938590404345,0.1430542412242476,0.03615671696960037,0.1430542412242476,0.03615671696960037,0.1430542412242476,0.03615671696960037,0.1430542412242476,0.03615671696960037,0.1430542412242476,0.03615671696960037,0.1430542412242476,0.03615671696960037,0.1430542412242476,0.03615671696960037,0.1430542412242476,0.03615671696960037
81,600,401,0.1,0.10195045011831669,0.00039442229892795776,0.10200000000000001,0.3616347815907929,0.3355702575280977,0.01914208157362437,0.33696201821575156,0.01811995676712682,0.33417219316016483,0.02016883587428898,0.3355702575280977,0.01914208157362437,0.33417219316016483,0.02016883587428898,0.3355702575280977,0.01914208157362437,0.33417219316016483,0.02016883587428898,0.3355702575280977,0.01914208157362437,0.33417219316016483,0.02016883587428898,0.33417219316016483,0.02016883587428898
81,600,401,0.15,0.15184553283165786,0.0006126343946290159,0.164,0.5487267211269939,0.5286141446070317,0.012986523862212728,0.5302949647264643,0.011901232250397934,0.5277652462290576,0.01353465050482425,0.5286141446070317,0.012986523862212728,0.5277652462290576,0.01353465050482425,0.5277652462290576,0.01353465050482425,0.5277652462290576,0.01353465050482425,0.5286141446070317,0.012986523862212728,0.5269115694285428,0.014085862535242135,0.5277652462290576,0.01353465050482425
