energy,prior,fidelity,mass,psnr,ssim_indices
6149.7618193846465,6149.7618193846465,0.0,0.0,26.01807636658571,0.5627943086235164
3343.328593989661,3188.4411795641718,154.88741442548937,2.51036412344547,28.58384926300814,0.6727655350213652
2506.3148051158214,2147.7336543600914,358.5811507557303,4.920235262790811,29.64712119765506,0.7321151020547862
2184.8234457683343,1669.293394179518,515.5300515888165,7.194724950517411,29.921346429753882,0.7637487484636362
2036.9782446624395,1406.8064721670862,630.1717724953531,9.316639576631133,29.866530714972114,0.7810712768209701
1960.6645978930344,1245.440417893426,715.2241799996084,11.280104107179795,29.69676544005476,0.7907632099279983
1918.3334699952825,1138.3151872359401,780.0182827593425,13.086312026003725,29.499932648891807,0.7962010193665693
