img_index,width,height,noise_std,noise_std_est,t_diff,max_rel_gain,rel_gain_synth_1,rel_error_synth_1,rel_gain_synth_2,rel_error_synth_2,rel_gain_synth_3,rel_error_synth_3,rel_gain_synth_4,rel_error_synth_4,rel_gain_synth_5,rel_error_synth_5,rel_gain_synth_6,rel_error_synth_6,rel_gain_synth_7,rel_error_synth_7,rel_gain_synth_8,rel_error_synth_8,rel_gain_synth_9,rel_error_synth_9,rel_gain_synth_10,rel_error_synth_10
70,640,407,0.05,0.0518882959209727,0.39,0.1420662991096061,0.1263732116042665,0.0137409601505398,0.1329809899162657,0.0079551504150184,0.1329809899162657,0.0079551504150184,0.1314051164051043,0.0093349945732692,0.1263732116042665,0.0137409601505398,0.1263732116042665,0.0137409601505398,0.1280909654825958,0.0122368847044221,0.1314051164051043,0.0093349945732692,0.1280909654825958,0.0122368847044221,0.1263732116042665,0.0137409601505398
70,640,407,0.1,0.1018052520951235,0.73,0.3259148574171383,0.3221267352952549,0.0028569874609163,0.3221267352952549,0.0028569874609163,0.3221267352952549,0.0028569874609163,0.3217177576575212,0.0031654368575316,0.3221267352952549,0.0028569874609163,0.3225241029005076,0.0025572943071441,0.3217177576575212,0.0031654368575316,0.3217177576575212,0.0031654368575316,0.3217177576575212,0.0031654368575316,0.3225241029005076,0.0025572943071441
70,640,407,0.15,0.1518893568168464,1.12,0.5086406431864976,0.5083142870107278,0.0002163246610408,0.5085494295913512,6.04607833935425e-05,0.5085134243188922,8.432681976315774e-05,0.5086046364615741,2.3866999133388795e-05,0.5082277167436183,0.0002737076219868,0.5082277167436183,0.0002737076219868,0.5085514116604599,5.914697210409054e-05,0.5086232146213138,1.1552496124577724e-05,0.5085514116604599,5.914697210409054e-05,0.508129057277762,0.0003391038886867
