img_index,width,height,noise_std,noise_std_est,avg_mass_loss,t_diff,max_rel_gain,rel_gain_synth_1,rel_error_synth_1,rel_gain_synth_2,rel_error_synth_2,rel_gain_synth_3,rel_error_synth_3,rel_gain_synth_4,rel_error_synth_4,rel_gain_synth_5,rel_error_synth_5,rel_gain_synth_6,rel_error_synth_6,rel_gain_synth_7,rel_error_synth_7,rel_gain_synth_8,rel_error_synth_8,rel_gain_synth_9,rel_error_synth_9,rel_gain_synth_10,rel_error_synth_10
70,640,407,0.05,0.05203382584483007,0.00019471129377353352,0.052000000000000005,0.29132527155031873,0.2748753032900972,0.012738826245127451,0.27694657847684423,0.011134834414114697,0.27274149219391636,0.014391245773492344,0.2748753032900972,0.012738826245127451,0.27274149219391636,0.014391245773492344,0.27274149219391636,0.014391245773492344,0.27274149219391636,0.014391245773492344,0.27274149219391636,0.014391245773492344,0.27274149219391636,0.014391245773492344,0.2748753032900972,0.012738826245127451
70,640,407,0.1,0.10160551823492966,0.00039825621718932126,0.11,0.5182344089283051,0.5083609860836019,0.006503226897401586,0.5118896370514666,0.004179046291881277,0.5074077525844544,0.007131083500796839,0.5083609860836019,0.006503226897401586,0.5074077525844544,0.007131083500796839,0.5074077525844544,0.007131083500796839,0.5083609860836019,0.006503226897401586,0.5083609860836019,0.006503226897401586,0.5083609860836019,0.006503226897401586,0.5083609860836019,0.006503226897401586
70,640,407,0.15,0.15193075662590033,0.0006245991036516648,0.178,0.740076263283133,0.7318262746754868,0.0047411649602532085,0.7352299592278391,0.0027851101457760596,0.7299169308106337,0.0058384409274861585,0.7318262746754868,0.0047411649602532085,0.7305647127717,0.00546616876060758,0.7305647127717,0.00546616876060758,0.7312036396128471,0.005098985520063014,0.7312036396128471,0.005098985520063014,0.7305647127717,0.00546616876060758,0.7312036396128471,0.005098985520063014
