img_index,width,height,noise_std,noise_std_est,avg_mass_loss,t_diff,max_rel_gain,rel_gain_synth_1,rel_error_synth_1,rel_gain_synth_2,rel_error_synth_2,rel_gain_synth_3,rel_error_synth_3,rel_gain_synth_4,rel_error_synth_4,rel_gain_synth_5,rel_error_synth_5,rel_gain_synth_6,rel_error_synth_6,rel_gain_synth_7,rel_error_synth_7,rel_gain_synth_8,rel_error_synth_8,rel_gain_synth_9,rel_error_synth_9,rel_gain_synth_10,rel_error_synth_10,rel_gain_synth_11,rel_error_synth_11,rel_gain_synth_12,rel_error_synth_12,rel_gain_synth_13,rel_error_synth_13,rel_gain_synth_14,rel_error_synth_14,rel_gain_synth_15,rel_error_synth_15,rel_gain_synth_16,rel_error_synth_16
70,640,407,0.05,0.05191628979723411,1.5996109746109747e-07,0.054,0.27975917,0.2638849,0.01240411,0.26575756,0.01094083,0.26003918,0.01540915,0.2619776,0.01389445,0.2619776,0.01389445,0.2619776,0.01389445,0.2619776,0.01389445,0.2619776,0.01389445,0.2619776,0.01389445,0.2619776,0.01389445,0.2619776,0.01389445,0.2619776,0.01389445,0.27860227,0.000904,0.2795675,0.00014976,0.2619776,0.01389445,0.26575756,0.01094083
70,640,407,0.1,0.10166915924019308,7.998054873054873e-08,0.122,0.51447123,0.5066182,0.00518534,0.5098129,0.00307587,0.5044911,0.00658986,0.5059257,0.00564257,0.50521094,0.00611456,0.50521094,0.00611456,0.50521094,0.00611456,0.50521094,0.00611456,0.5044911,0.00658986,0.50521094,0.00611456,0.5044911,0.00658986,0.5044911,0.00658986,0.51355183,0.00060709,0.50863373,0.00385449,0.50375175,0.00707803,0.50921255,0.0034723
70,640,407,0.15,0.15140230049042627,1.5996109746109747e-07,0.215,0.7461135,0.7420038,0.0023536,0.7447406,0.00078622,0.7383602,0.00444028,0.74133164,0.00273855,0.73914057,0.00399339,0.7398972,0.00356006,0.7395095,0.00378209,0.7398972,0.00356006,0.7371381,0.00514021,0.73914057,0.00399339,0.7363098,0.00561455,0.73794866,0.004676,0.73912835,0.00400037,0.73674846,0.00536336,0.73794866,0.004676,0.7435041,0.00149438
