energy,prior,fidelity,mass,psnr,ssim_indices
6252.798079494728,6252.798079494728,0.0,0.0,26.015050115590004,0.41570360837321174
3423.351410808786,3268.834756769322,154.51665403946404,9.919913721387275,28.52173958098674,0.5413965023614405
2547.3974661349407,2186.296052015662,361.1014141192786,18.263765967218205,29.44217814556587,0.6180673652080099
2198.714478286085,1676.1488093732178,522.5656689128673,25.323617895017378,29.580410597082704,0.6630344676118378
2032.9219529893794,1391.6351381346917,641.2868148546878,31.329462196561508,29.436006082489815,0.6903208111748939
1944.1786610288964,1215.0261385054278,729.1525225234687,36.46410214889329,29.218636170075058,0.7076637495304868
1892.642594709845,1097.2699041851513,795.3726905246939,40.874001864227466,29.002930478870347,0.7191828445774874
