img_index,width,height,noise_std,noise_std_est,avg_mass_loss,t_diff,max_rel_gain,rel_gain_synth_1,rel_error_synth_1,rel_gain_synth_2,rel_error_synth_2,rel_gain_synth_3,rel_error_synth_3,rel_gain_synth_4,rel_error_synth_4,rel_gain_synth_5,rel_error_synth_5,rel_gain_synth_6,rel_error_synth_6,rel_gain_synth_7,rel_error_synth_7,rel_gain_synth_8,rel_error_synth_8,rel_gain_synth_9,rel_error_synth_9,rel_gain_synth_10,rel_error_synth_10,rel_gain_synth_11,rel_error_synth_11,rel_gain_synth_12,rel_error_synth_12,rel_gain_synth_13,rel_error_synth_13,rel_gain_synth_14,rel_error_synth_14,rel_gain_synth_15,rel_error_synth_15,rel_gain_synth_16,rel_error_synth_16
70,640,407,0.05,0.05177648380220001,7.998054873054873e-08,0.052000000000000005,0.278517,0.26157978,0.01324755,0.2635766,0.01168575,0.25953332,0.01484823,0.26157978,0.01324755,0.25953332,0.01484823,0.25953332,0.01484823,0.26157978,0.01324755,0.25953332,0.01484823,0.25953332,0.01484823,0.26157978,0.01324755,0.25953332,0.01484823,0.26157978,0.01324755,0.27735415,0.00090954,0.278517,0.,0.26157978,0.01324755,0.2635766,0.01168575
70,640,407,0.1,0.1018195023786905,7.998054873054873e-08,0.112,0.514374,0.50645804,0.00522724,0.5087625,0.0037055,0.50564,0.00576745,0.50564,0.00576745,0.50564,0.00576745,0.50564,0.00576745,0.50645804,0.00522724,0.50564,0.00576745,0.50564,0.00576745,0.50564,0.00576745,0.50564,0.00576745,0.50479966,0.00632231,0.5140766,0.0001964,0.5074625,0.00456395,0.50479966,0.00632231,0.5087625,0.0037055
70,640,407,0.15,0.1517882565430938,1.5996109746109747e-07,0.181,0.7387868,0.73428434,0.00258941,0.7362982,0.00143124,0.7355472,0.00186314,0.7333551,0.00312384,0.73514897,0.00209215,0.73428434,0.00258941,0.73696655,0.00104684,0.7347174,0.00234035,0.73593974,0.00163737,0.7347174,0.00234035,0.7347174,0.00234035,0.73184407,0.00399287,0.7361866,0.00149541,0.72929263,0.00546022,0.73184407,0.00399287,0.7355472,0.00186314
