img_index,width,height,noise_std,noise_std_est,avg_mass_loss,t_diff,max_rel_gain,rel_gain_synth_1,rel_error_synth_1,rel_gain_synth_2,rel_error_synth_2,rel_gain_synth_3,rel_error_synth_3,rel_gain_synth_4,rel_error_synth_4,rel_gain_synth_5,rel_error_synth_5,rel_gain_synth_6,rel_error_synth_6,rel_gain_synth_7,rel_error_synth_7,rel_gain_synth_8,rel_error_synth_8,rel_gain_synth_9,rel_error_synth_9,rel_gain_synth_10,rel_error_synth_10
22,350,196,0.05,0.05264511393738526,0.00040585203889611566,0.056,0.24651976681918597,0.21512023054102727,0.025189762019003227,0.22452671173848604,0.01764356704653054,0.2103833469995537,0.02898984900323211,0.21748662484042178,0.02329136107712891,0.2103833469995537,0.02898984900323211,0.2103833469995537,0.02898984900323211,0.2103833469995537,0.02898984900323211,0.2103833469995537,0.02898984900323211,0.2103833469995537,0.02898984900323211,0.21274382743484294,0.027096192361659055
22,350,196,0.1,0.10267080768562234,0.0008378624018683099,0.12,0.4689857651815334,0.4488871527069887,0.013681965442368335,0.4562105037745452,0.008696654324223159,0.4422881759103241,0.018174164722358686,0.4488871527069887,0.013681965442368335,0.44340359675049396,0.017414851142467047,0.44340359675049396,0.017414851142467047,0.4422881759103241,0.018174164722358686,0.44340359675049396,0.017414851142467047,0.4422881759103241,0.018174164722358686,0.44450789063928503,0.01666311214337975
22,350,196,0.15,0.15276499640787633,0.0013427975209532898,0.203,0.6894932924669372,0.6648233177386157,0.014601996254332238,0.6753424097886833,0.008375814654813709,0.6544369562449313,0.020749615507983467,0.6648233177386157,0.014601996254332238,0.6544369562449313,0.020749615507983467,0.6560543425988813,0.019792295132009436,0.6544369562449313,0.020749615507983467,0.6560543425988813,0.019792295132009436,0.6552278912962686,0.020281466238102425,0.6592801714965452,0.017882948162686128
