img_index,width,height,noise_std,noise_std_est,t_diff,max_rel_gain,rel_gain_synth_1,rel_error_synth_1,rel_gain_synth_2,rel_error_synth_2,rel_gain_synth_3,rel_error_synth_3,rel_gain_synth_4,rel_error_synth_4,rel_gain_synth_5,rel_error_synth_5,rel_gain_synth_6,rel_error_synth_6,rel_gain_synth_7,rel_error_synth_7,rel_gain_synth_8,rel_error_synth_8,rel_gain_synth_9,rel_error_synth_9,rel_gain_synth_10,rel_error_synth_10
22,640,360,0.05,0.0519056163028508,0.56,0.1940421639616193,0.1877786249398227,0.0052456598358431,0.192945524216587,0.0009184263153604,0.192563525262855,0.0012383471399858,0.1916814575493806,0.001977071232063,0.1871589006050251,0.005764673614001,0.1871589006050251,0.005764673614001,0.1889843859874256,0.0042358453720033,0.1911906132343711,0.0023881491067177,0.1889843859874256,0.0042358453720033,0.1871589006050251,0.005764673614001
22,640,360,0.1,0.1017008566407031,1.22,0.4180799513119009,0.4179656220289781,8.062259311758525e-05,0.4176433153213398,0.000307906468995,0.4177661044960746,0.0002213181390343,0.418044915007108,2.470686138714214e-05,0.4178214872226793,0.0001822634111584,0.4176433153213398,0.000307906468995,0.418044915007108,2.470686138714214e-05,0.4180068507625458,5.154896188150605e-05,0.418044915007108,2.470686138714214e-05,0.4176433153213398,0.000307906468995
22,640,360,0.15,0.1522961118309732,50.0,0.6330174635898375,0.6265166997940355,0.0039808293179617,0.6330060890947861,6.96532358351383e-06,0.6330060890947861,6.96532358351383e-06,0.6330060890947861,6.96532358351383e-06,0.6246733778705216,0.0051096120558154,0.6245395208056749,0.0051915812128093,0.6295685887948658,0.0021119644289596,0.6330060890947861,6.96532358351383e-06,0.6295190689465625,0.0021422885678053,0.6242642863864623,0.0053601246762745
