img_index,width,height,noise_std,noise_std_est,avg_mass_loss,t_diff,max_rel_gain,rel_gain_synth_1,rel_error_synth_1,rel_gain_synth_2,rel_error_synth_2,rel_gain_synth_3,rel_error_synth_3,rel_gain_synth_4,rel_error_synth_4,rel_gain_synth_5,rel_error_synth_5,rel_gain_synth_6,rel_error_synth_6,rel_gain_synth_7,rel_error_synth_7,rel_gain_synth_8,rel_error_synth_8,rel_gain_synth_9,rel_error_synth_9,rel_gain_synth_10,rel_error_synth_10,rel_gain_synth_11,rel_error_synth_11,rel_gain_synth_12,rel_error_synth_12,rel_gain_synth_13,rel_error_synth_13,rel_gain_synth_14,rel_error_synth_14,rel_gain_synth_15,rel_error_synth_15,rel_gain_synth_16,rel_error_synth_16
22,350,196,0.05,0.052463288628177764,3.796161321671526e-08,0.058,0.2344892,0.20074593,0.02733379,0.20762616,0.02176044,0.1938775,0.03289757,0.20074593,0.02733379,0.19616456,0.03104494,0.19616456,0.03104494,0.19616456,0.03104494,0.19616456,0.03104494,0.19616456,0.03104494,0.19844735,0.02919577,0.19616456,0.03104494,0.19616456,0.03104494,0.23233993,0.00174102,0.23329192,0.00096986,0.19616456,0.03104494,0.20991264,0.01990828
22,350,196,0.1,0.10193457187624173,0.0,0.121,0.45572922,0.43833092,0.0119516,0.4449112,0.00743133,0.43128738,0.01679009,0.43833092,0.0119516,0.43332416,0.01539094,0.43332416,0.01539094,0.43230578,0.01609052,0.43230578,0.01609052,0.43332416,0.01539094,0.43534675,0.01400154,0.43230578,0.01609052,0.43230578,0.01609052,0.4549062,0.00056537,0.45320016,0.00173731,0.43230578,0.01609052,0.4449112,0.00743133
22,350,196,0.15,0.15257214796347499,7.592322643343051e-08,0.20800000000000002,0.68349904,0.665206,0.01086609,0.673637,0.00585807,0.6536317,0.01774124,0.66310996,0.01211112,0.65586096,0.01641704,0.65659606,0.01598039,0.65659606,0.01598039,0.65586096,0.01641704,0.65659606,0.01598039,0.6595218,0.01424249,0.65437794,0.01729797,0.652137,0.01862908,0.67875904,0.00281557,0.6772055,0.00373839,0.652137,0.01862908,0.67243063,0.00657466
