img_index,width,height,noise_std,noise_std_est,avg_mass_loss,t_diff,max_rel_gain,rel_gain_synth_1,rel_error_synth_1,rel_gain_synth_2,rel_error_synth_2,rel_gain_synth_3,rel_error_synth_3,rel_gain_synth_4,rel_error_synth_4,rel_gain_synth_5,rel_error_synth_5,rel_gain_synth_6,rel_error_synth_6,rel_gain_synth_7,rel_error_synth_7,rel_gain_synth_8,rel_error_synth_8,rel_gain_synth_9,rel_error_synth_9,rel_gain_synth_10,rel_error_synth_10,rel_gain_synth_11,rel_error_synth_11,rel_gain_synth_12,rel_error_synth_12,rel_gain_synth_13,rel_error_synth_13,rel_gain_synth_14,rel_error_synth_14,rel_gain_synth_15,rel_error_synth_15,rel_gain_synth_16,rel_error_synth_16
22,350,196,0.05,0.05237243421711955,3.796161321671526e-08,0.058,0.23305418,0.20212243,0.02508547,0.21069132,0.01813615,0.19569941,0.0302945,0.20212243,0.02508547,0.19783789,0.02856021,0.19783789,0.02856021,0.19569941,0.0302945,0.19569941,0.0302945,0.19783789,0.02856021,0.19996998,0.0268311,0.19569941,0.0302945,0.19783789,0.02856021,0.23137605,0.00136095,0.23218757,0.00070282,0.19783789,0.02856021,0.21069132,0.01813615
22,350,196,0.1,0.10264684306641632,3.796161321671526e-08,0.145,0.4575944,0.4328388,0.01698388,0.44253942,0.01032863,0.4194008,0.02620318,0.43193722,0.01760242,0.42295706,0.02376336,0.42385155,0.02314969,0.4211734,0.02498707,0.42206323,0.02437658,0.42385155,0.02314969,0.42743573,0.02069072,0.42206323,0.02437658,0.42295706,0.02376336,0.45704004,0.00038032,0.45670483,0.00061029,0.4211734,0.02498707,0.44253942,0.01032863
22,350,196,0.15,0.15256456641102806,3.796161321671526e-08,0.28,0.68059224,0.65084326,0.01770147,0.6654928,0.00898459,0.6272138,0.03176171,0.6480619,0.01935648,0.63132983,0.02931252,0.63499326,0.02713268,0.62873733,0.03085514,0.6318414,0.02900809,0.6323713,0.0286928,0.64255345,0.02263417,0.6297674,0.03024219,0.6292608,0.03054367,0.67533964,0.00312544,0.67908025,0.00089966,0.6282349,0.03115409,0.6623387,0.01086137
