img_index,width,height,noise_std,noise_std_est,avg_mass_loss,t_diff,max_rel_gain,rel_gain_synth_1,rel_error_synth_1,rel_gain_synth_2,rel_error_synth_2,rel_gain_synth_3,rel_error_synth_3,rel_gain_synth_4,rel_error_synth_4,rel_gain_synth_5,rel_error_synth_5,rel_gain_synth_6,rel_error_synth_6,rel_gain_synth_7,rel_error_synth_7,rel_gain_synth_8,rel_error_synth_8,rel_gain_synth_9,rel_error_synth_9,rel_gain_synth_10,rel_error_synth_10
91,150,224,0.05,0.05811817651505229,0.000622379065538957,0.059000000000000004,0.1494694357751336,0.09378250136365564,0.048445772178297215,0.09378250136365564,0.048445772178297215,0.09154916159403668,0.05038870315158831,0.09607339202221647,0.04645277385466976,0.08716021022382632,0.05420694418837649,0.09378250136365564,0.048445772178297215,0.08716021022382632,0.05420694418837649,0.09607339202221647,0.04645277385466976,0.08716021022382632,0.05420694418837649,0.08932805893534615,0.05232098824727052
91,150,224,0.1,0.10596763253926297,0.001265938973755698,0.122,0.33792180422532764,0.30770186830041907,0.022587221337951248,0.30770186830041907,0.022587221337951248,0.3033952073488622,0.025806139616998555,0.30878578186541544,0.021777074166738967,0.30020041422575644,0.02819401693016902,0.3066264767038875,0.02339099895270822,0.30020041422575644,0.02819401693016902,0.30770186830041907,0.022587221337951248,0.29808570609628915,0.02977460865293549,0.2991381474289186,0.028987984704281898
91,150,224,0.15,0.15638973000203624,0.002127173690746026,0.211,0.5368237937847539,0.5051969702614365,0.020579342700980482,0.5030753159389499,0.021959887647686093,0.4988299522067945,0.02472231477129301,0.5051969702614365,0.020579342700980482,0.49252797948806426,0.028822962317366148,0.5023599343461922,0.022425381216728255,0.49184200195170397,0.02926932288201548,0.5030753159389499,0.021959887647686093,0.49252797948806426,0.028822962317366148,0.49462409286705156,0.027459036675751
