energy,prior,fidelity,mass,psnr,ssim_indices
7570.608856721722,7570.608856721722,0.0,0.0,26.01759574348112,0.6179722555010813
4597.697610636293,4430.292207703553,167.40540293274034,-30.757765440328512,28.482988707859597,0.7120924928275549
3649.7937357050077,3250.0497738850945,399.7439618199133,-58.62710763380164,29.236881076168682,0.763234467906596
3260.363749037717,2669.329344689815,591.0344043479016,-83.81686119746882,29.15826545681417,0.7904358912279715
3071.0719392625992,2330.8250702392206,740.2468690233786,-106.54816726298304,28.81219963801076,0.805068116044426
2969.3005920393102,2111.613444761941,857.687147277369,-127.03963819303317,28.42438205422968,0.8129504028706692
