img_index,width,height,noise_std,noise_std_est,avg_mass_loss,t_diff,max_rel_gain,rel_gain_synth_1,rel_error_synth_1,rel_gain_synth_2,rel_error_synth_2,rel_gain_synth_3,rel_error_synth_3,rel_gain_synth_4,rel_error_synth_4,rel_gain_synth_5,rel_error_synth_5,rel_gain_synth_6,rel_error_synth_6,rel_gain_synth_7,rel_error_synth_7,rel_gain_synth_8,rel_error_synth_8,rel_gain_synth_9,rel_error_synth_9,rel_gain_synth_10,rel_error_synth_10
46,595,396,0.05,0.050924963632898244,0.00022509280459685724,0.057,0.3541168785378596,0.3333903440700402,0.015306311291385263,0.3356276808522389,0.013654063381578187,0.33110850800567737,0.016991421417792307,0.3333903440700402,0.015306311291385263,0.33110850800567737,0.016991421417792307,0.33110850800567737,0.016991421417792307,0.33110850800567737,0.016991421417792307,0.3333903440700402,0.015306311291385263,0.33110850800567737,0.016991421417792307,0.33110850800567737,0.016991421417792307
46,595,396,0.1,0.1011235503287933,0.0004769545914268313,0.126,0.6204578869992018,0.600984630621614,0.012017132030286062,0.6044182919756482,0.009898186896579004,0.5974703798038111,0.01418580968985214,0.600984630621614,0.012017132030286062,0.5974703798038111,0.01418580968985214,0.5998253061049306,0.012732562234294831,0.5974703798038111,0.01418580968985214,0.5998253061049306,0.012732562234294831,0.5974703798038111,0.01418580968985214,0.5986451026429616,0.013460877034350794
46,595,396,0.15,0.15162296045852663,0.0008302217362301449,0.229,0.8745208173103625,0.8401236679285966,0.0183498358962587,0.8467395394657095,0.014820469097011523,0.8319419031448685,0.02271455924751368,0.8392978316751744,0.018790394489044644,0.8319419031448685,0.02271455924751368,0.8360143688212132,0.020542022331018924,0.8327493805996495,0.022283794516962614,0.83683640826215,0.020103489222532914,0.8303240545669666,0.0235776323929073,0.8319419031448685,0.02271455924751368
