img_index,width,height,noise_std,noise_std_est,avg_mass_loss,t_diff,max_rel_gain,rel_gain_synth_1,rel_error_synth_1,rel_gain_synth_2,rel_error_synth_2,rel_gain_synth_3,rel_error_synth_3,rel_gain_synth_4,rel_error_synth_4,rel_gain_synth_5,rel_error_synth_5,rel_gain_synth_6,rel_error_synth_6,rel_gain_synth_7,rel_error_synth_7,rel_gain_synth_8,rel_error_synth_8,rel_gain_synth_9,rel_error_synth_9,rel_gain_synth_10,rel_error_synth_10,rel_gain_synth_11,rel_error_synth_11,rel_gain_synth_12,rel_error_synth_12,rel_gain_synth_13,rel_error_synth_13,rel_gain_synth_14,rel_error_synth_14,rel_gain_synth_15,rel_error_synth_15,rel_gain_synth_16,rel_error_synth_16
46,595,396,0.05,0.050674070031751214,2.2104801516566224e-08,0.057,0.3399121,0.31978473,0.0150214,0.32199836,0.01336933,0.31527546,0.01838674,0.31978473,0.0150214,0.3175459,0.01669229,0.3175459,0.01669229,0.3175459,0.01669229,0.3175459,0.01669229,0.31527546,0.01838674,0.3175459,0.01669229,0.3175459,0.01669229,0.3175459,0.01669229,0.33952096,0.0002919,0.33878186,0.0008435,0.3175459,0.01669229,0.32199836,0.01336933
46,595,396,0.1,0.10100195839916175,2.2104801516566224e-08,0.127,0.6114969,0.5957617,0.00976432,0.5978552,0.00846524,0.5914178,0.01245993,0.59361047,0.01109926,0.5925197,0.01177613,0.59361047,0.01109926,0.59361047,0.01109926,0.59361047,0.01109926,0.5914178,0.01245993,0.5914178,0.01245993,0.5914178,0.01245993,0.5903105,0.01314703,0.6110214,0.00029506,0.5970639,0.00895626,0.5914178,0.01245993,0.5978552,0.00846524
46,595,396,0.15,0.1514399294295671,4.420960303313245e-08,0.223,0.87084365,0.8505962,0.01082263,0.8549783,0.00848029,0.8528089,0.0096399,0.8468481,0.01282606,0.8505962,0.01082263,0.8483562,0.01201994,0.8563949,0.00772312,0.8505962,0.01082263,0.8520737,0.01003287,0.8468481,0.01282606,0.84910345,0.01162051,0.8384889,0.01729421,0.86815196,0.00143875,0.8548121,0.00856915,0.8384889,0.01729421,0.8513386,0.01042578
