img_index,width,height,noise_std,noise_std_est,t_diff,max_rel_gain,rel_gain_synth_1,rel_error_synth_1,rel_gain_synth_2,rel_error_synth_2,rel_gain_synth_3,rel_error_synth_3,rel_gain_synth_4,rel_error_synth_4,rel_gain_synth_5,rel_error_synth_5,rel_gain_synth_6,rel_error_synth_6,rel_gain_synth_7,rel_error_synth_7,rel_gain_synth_8,rel_error_synth_8,rel_gain_synth_9,rel_error_synth_9,rel_gain_synth_10,rel_error_synth_10
46,640,427,0.05,0.0513521726715488,0.78,0.2543166448412366,0.2532368484680341,0.0008608642623403,0.2539810691961973,0.0002675366275488,0.2538289953182696,0.0003887770484212,0.2542994370616193,1.371884817770026e-05,0.253072718537665,0.0009917163331027,0.2529010704381824,0.0011285622405444,0.2538039025269202,0.0004087821974022,0.2542994370616193,1.371884817770026e-05,0.2538039025269202,0.0004087821974022,0.2529010704381824,0.0011285622405444
46,640,427,0.1,0.1011078001235592,2.37,0.4980926039477016,0.497735048840669,0.000238673568036,0.4972957878003426,0.0005318871111567,0.4974868720574624,0.0004043354120052,0.4980614192785566,2.081624931782908e-05,0.4974270486689151,0.0004442684497824,0.4971078305454831,0.0006573514879009,0.4980853750095625,4.825428094391878e-06,0.4980238199831269,4.591436096365184e-05,0.4980777741901606,9.899092687519914e-06,0.4968425420869309,0.0008344356400109
46,640,427,0.15,0.1511274784739642,50.0,0.6993050224540412,0.6993049117556895,6.51433086881857e-08,0.6993049117556895,6.51433086881857e-08,0.6993049117556895,6.51433086881857e-08,0.6993049117556895,6.51433086881857e-08,0.6993049117556895,6.51433086881857e-08,0.6993049117556895,6.51433086881857e-08,0.6993049117556895,6.51433086881857e-08,0.6993049117556895,6.51433086881857e-08,0.6993049117556895,6.51433086881857e-08,0.6981673180329665,0.0006695115980012
