img_index,width,height,noise_std,noise_std_est,avg_mass_loss,t_diff,max_rel_gain,rel_gain_synth_1,rel_error_synth_1,rel_gain_synth_2,rel_error_synth_2,rel_gain_synth_3,rel_error_synth_3,rel_gain_synth_4,rel_error_synth_4,rel_gain_synth_5,rel_error_synth_5,rel_gain_synth_6,rel_error_synth_6,rel_gain_synth_7,rel_error_synth_7,rel_gain_synth_8,rel_error_synth_8,rel_gain_synth_9,rel_error_synth_9,rel_gain_synth_10,rel_error_synth_10,rel_gain_synth_11,rel_error_synth_11,rel_gain_synth_12,rel_error_synth_12,rel_gain_synth_13,rel_error_synth_13,rel_gain_synth_14,rel_error_synth_14,rel_gain_synth_15,rel_error_synth_15,rel_gain_synth_16,rel_error_synth_16
46,595,396,0.05,0.0507859776868505,4.420960303313245e-08,0.059000000000000004,0.34074906,0.3199725,0.01549625,0.32206324,0.01393685,0.31573167,0.01865925,0.3199725,0.01549625,0.31786594,0.01706743,0.31786594,0.01706743,0.31786594,0.01706743,0.31786594,0.01706743,0.31573167,0.01865925,0.31786594,0.01706743,0.31786594,0.01706743,0.31786594,0.01706743,0.3403731,0.0002804,0.33973283,0.00075797,0.31786594,0.01706743,0.32206324,0.01393685
46,595,396,0.1,0.10070110245475014,2.2104801516566224e-08,0.134,0.6099909,0.5974248,0.00780507,0.60086095,0.00567081,0.5909522,0.01182534,0.5956204,0.00892581,0.5918939,0.0112404,0.593774,0.01007264,0.5918939,0.0112404,0.5947078,0.00949265,0.5909522,0.01182534,0.59284383,0.01065041,0.5918939,0.0112404,0.5909522,0.01182534,0.607321,0.0016583,0.59733695,0.00785962,0.5918939,0.0112404,0.5991779,0.00671619
46,595,396,0.15,0.15123155563058055,4.420960303313245e-08,0.279,0.86925,0.84592694,0.01247725,0.8537316,0.00830198,0.83204204,0.01990531,0.8425452,0.01428638,0.83258075,0.01961712,0.83695734,0.01727575,0.83258075,0.01961712,0.83806705,0.01668209,0.8251754,0.02357876,0.8293668,0.02133649,0.8277835,0.02218348,0.8283095,0.02190212,0.86341643,0.0031208,0.8591603,0.00539775,0.8309666,0.02048065,0.8492983,0.01067366
