img_index,width,height,noise_std,noise_std_est,t_diff,max_rel_gain,rel_gain_synth_1,rel_error_synth_1,rel_gain_synth_2,rel_error_synth_2,rel_gain_synth_3,rel_error_synth_3,rel_gain_synth_4,rel_error_synth_4,rel_gain_synth_5,rel_error_synth_5,rel_gain_synth_6,rel_error_synth_6,rel_gain_synth_7,rel_error_synth_7,rel_gain_synth_8,rel_error_synth_8,rel_gain_synth_9,rel_error_synth_9,rel_gain_synth_10,rel_error_synth_10
78,640,427,0.05,0.0525802096764021,0.34,0.1171301835054813,0.0937978794215608,0.0208859311371439,0.1011812552126971,0.0142766962420955,0.1035182424897248,0.0121847401643406,0.1011812552126971,0.0142766962420955,0.0937978794215608,0.0208859311371439,0.0937978794215608,0.0208859311371439,0.0963049721338999,0.0186417050394549,0.0987711053773602,0.0164341438439265,0.0963049721338999,0.0186417050394549,0.0937978794215608,0.0208859311371439
78,640,427,0.1,0.1020657015386888,0.61,0.2833731822817747,0.2748913048968445,0.006609049886682,0.2756661821103938,0.0060052682086423,0.2756661821103938,0.0060052682086423,0.2748913048968445,0.006609049886682,0.2756661821103938,0.0060052682086423,0.2756661821103938,0.0060052682086423,0.2748913048968445,0.006609049886682,0.2748913048968445,0.006609049886682,0.2748913048968445,0.006609049886682,0.2756661821103938,0.0060052682086423
78,640,427,0.15,0.1517534975965989,0.88,0.4515479045812348,0.4512125931525087,0.000231002661137,0.4503146865074653,0.0008495882704782,0.450125781715667,0.0009797285098752,0.4503146865074653,0.0008495882704782,0.4513142543775324,0.0001609662367773,0.4513142543775324,0.0001609662367773,0.4509640963338201,0.0004021970239991,0.4503146865074653,0.0008495882704782,0.451095510554454,0.0003116631737422,0.4513142543775324,0.0001609662367773
