img_index,width,height,noise_std,noise_std_est,avg_mass_loss,t_diff,max_rel_gain,rel_gain_synth_1,rel_error_synth_1,rel_gain_synth_2,rel_error_synth_2,rel_gain_synth_3,rel_error_synth_3,rel_gain_synth_4,rel_error_synth_4,rel_gain_synth_5,rel_error_synth_5,rel_gain_synth_6,rel_error_synth_6,rel_gain_synth_7,rel_error_synth_7,rel_gain_synth_8,rel_error_synth_8,rel_gain_synth_9,rel_error_synth_9,rel_gain_synth_10,rel_error_synth_10
78,640,427,0.05,0.05286769876731674,0.00021815754449913254,0.058,0.27301181153918125,0.23061998189142133,0.03330042130285072,0.23647773063821487,0.028698933167629864,0.2276888818872413,0.03560291368949721,0.23061998189142133,0.03330042130285072,0.23061998189142133,0.03330042130285072,0.23061998189142133,0.03330042130285072,0.23061998189142133,0.03330042130285072,0.23061998189142133,0.03330042130285072,0.23061998189142133,0.03330042130285072,0.23061998189142133,0.03330042130285072
78,640,427,0.1,0.10204800390605527,0.0003967196611009542,0.107,0.44784779301992433,0.423483830465864,0.016827709840439704,0.42669660899550943,0.014608706886445368,0.42183844244742047,0.017964146989687003,0.423483830465864,0.016827709840439704,0.42183844244742047,0.017964146989687003,0.42183844244742047,0.017964146989687003,0.42183844244742047,0.017964146989687003,0.42183844244742047,0.017964146989687003,0.42183844244742047,0.017964146989687003,0.423483830465864,0.016827709840439704
78,640,427,0.15,0.15241085908638366,0.0006003493948963858,0.166,0.6200013884859124,0.5944573856805501,0.015767889451771565,0.5980994874036565,0.01351968043850006,0.5932127496202177,0.01653618265767773,0.5944573856805501,0.015767889451771565,0.5932127496202177,0.01653618265767773,0.5932127496202177,0.01653618265767773,0.5932127496202177,0.01653618265767773,0.5932127496202177,0.01653618265767773,0.5932127496202177,0.01653618265767773,0.5932127496202177,0.01653618265767773
