energy,prior,fidelity,mass,psnr,ssim_indices
2636.9051675190035,2636.9051675190035,0.0,0.0,26.009510915530754,0.7368548815968374
1488.3819035777005,1425.2573589505419,63.12454462715871,9.670248125126818,27.85423290856042,0.7980775040093778
1124.711531571258,975.4685775731975,149.24295399806067,18.597179422693443,27.731198860729414,0.8138108430550531
978.7323041380267,760.8985951983748,217.83370893965198,26.730358648623223,27.194151560112036,0.8136143868648752
909.507564396604,640.3966225542682,269.11094184233576,34.079019519282156,26.690897611575622,0.8084877218585573
872.8710102692012,565.1995127659435,307.6714975032577,40.683212935589836,26.28429163131576,0.8022137910743755
852.0090898123204,514.7937529807368,337.2153368315836,46.5974772774789,25.963815584578803,0.7961051432208012
839.5023618540317,479.24345705137404,360.2589048026577,51.88163058027567,25.710826372838575,0.7905951323498734
