img_index,width,height,noise_std,noise_std_est,t_diff,max_rel_gain,rel_gain_synth_1,rel_error_synth_1,rel_gain_synth_2,rel_error_synth_2,rel_gain_synth_3,rel_error_synth_3,rel_gain_synth_4,rel_error_synth_4,rel_gain_synth_5,rel_error_synth_5,rel_gain_synth_6,rel_error_synth_6,rel_gain_synth_7,rel_error_synth_7,rel_gain_synth_8,rel_error_synth_8,rel_gain_synth_9,rel_error_synth_9,rel_gain_synth_10,rel_error_synth_10
90,512,640,0.05,0.0535261440569747,0.43,0.1395489623803575,0.1235860437686465,0.0140081024499085,0.1287510425783788,0.0094756084718144,0.1300023976929243,0.008377494081072,0.1274779092683879,0.0105928341040782,0.1235860437686465,0.0140081024499085,0.1235860437686465,0.0140081024499085,0.1248903314908929,0.012863537569149,0.1300023976929243,0.008377494081072,0.1248903314908929,0.012863537569149,0.1235860437686465,0.0140081024499085
90,512,640,0.1,0.1023727398153808,0.8200000000000001,0.3376220064479968,0.3375520020656263,5.233495115437898e-05,0.3374049888078666,0.0001622413799145,0.3375108518144406,8.309868783580899e-05,0.3374049888078666,0.0001622413799145,0.3375520020656263,5.233495115437898e-05,0.3375520020656263,5.233495115437898e-05,0.3375108518144406,8.309868783580899e-05,0.3375108518144406,8.309868783580899e-05,0.337461641566981,0.0001198880403003,0.3375844298534821,2.8092087550501823e-05
90,512,640,0.15,0.1522739194698451,1.34,0.5396805316188169,0.535286616045528,0.0028537839396261,0.5395443506300609,8.844756165929934e-05,0.5395443506300609,8.844756165929934e-05,0.5386407816364837,0.0006753024156511,0.535286616045528,0.0028537839396261,0.535286616045528,0.0028537839396261,0.5362821638790153,0.002207190173554,0.5389593478663474,0.0004683983057909,0.5362821638790153,0.002207190173554,0.5344546016391565,0.0033941651351308
