img_index,width,height,noise_std,noise_std_est,avg_mass_loss,t_diff,max_rel_gain,rel_gain_synth_1,rel_error_synth_1,rel_gain_synth_2,rel_error_synth_2,rel_gain_synth_3,rel_error_synth_3,rel_gain_synth_4,rel_error_synth_4,rel_gain_synth_5,rel_error_synth_5,rel_gain_synth_6,rel_error_synth_6,rel_gain_synth_7,rel_error_synth_7,rel_gain_synth_8,rel_error_synth_8,rel_gain_synth_9,rel_error_synth_9,rel_gain_synth_10,rel_error_synth_10
90,320,400,0.05,0.053143940734991894,0.00022758244678321187,0.053,0.2317147959383769,0.19520367156150173,0.02964251505078279,0.19793123786034927,0.02742806872940887,0.19520367156150173,0.02964251505078279,0.19520367156150173,0.02964251505078279,0.19520367156150173,0.02964251505078279,0.19520367156150173,0.02964251505078279,0.19520367156150173,0.02964251505078279,0.19520367156150173,0.02964251505078279,0.19248092105713138,0.03185305154295508,0.19520367156150173,0.02964251505078279
90,320,400,0.1,0.10231394517745358,0.00039561283215635966,0.106,0.4446535185891471,0.42884464485602425,0.01094302095949056,0.42998768688034344,0.010151798697812568,0.4276736448295795,0.011753595959915847,0.42884464485602425,0.01094302095949056,0.4264979046010401,0.012567452163780999,0.42884464485602425,0.01094302095949056,0.4276736448295795,0.011753595959915847,0.42884464485602425,0.01094302095949056,0.4264979046010401,0.012567452163780999,0.4276736448295795,0.011753595959915847
90,320,400,0.15,0.15254257561904333,0.0006179297680598476,0.176,0.6630613409431265,0.6488495069026291,0.008545586197342416,0.6510122981516744,0.007245098238300118,0.6466263247989805,0.00988238722140314,0.6488495069026291,0.008545586197342416,0.6466263247989805,0.00988238722140314,0.6481148643207892,0.008987327318823377,0.6473734580836377,0.009433135431187477,0.6488495069026291,0.008545586197342416,0.6451183087670587,0.010789158363751215,0.6458731733861037,0.010335257716516517
