energy,prior,fidelity,mass,psnr,ssim_indices
5288.613965567843,5288.613965567843,0.0,0.0,26.01346710917325,0.5747082017814913
2835.4029073445895,2701.640610908581,133.76229643600854,-58.54975943110185,28.472656192961814,0.6736062557087618
2082.5096460728387,1771.6503175491762,310.8593285236624,-111.28552197868703,29.324389275628793,0.7250379632701067
1786.4074975912167,1339.4663725929825,446.94112499823433,-158.77797843434382,29.440731181800494,0.7511802135328063
1647.1651710949582,1102.3035265756062,544.8616445193519,-201.5440202159807,29.312303345685216,0.7646488450939136
1573.2463946007101,957.5915804810134,615.6548141196968,-240.05105975654442,29.127231554906906,0.7716411449739197
1530.56492180492,862.7741383110939,667.7907834938261,-274.72126011905493,28.947551278828985,0.7752311298714748
