energy,prior,fidelity,mass,psnr,ssim_indices
2413.004979599247,2413.004979599247,0.0,0.0,19.97877038206504,0.6072045096332329
1334.2596864847485,1275.4280356555694,58.8316508291791,10.696193322706677,22.533630405801233,0.6905477354225135
1004.9567546951578,867.952085436634,137.00466925852385,20.344833832990844,23.61110060260904,0.730222909123644
874.7053213259748,676.3293212729742,198.37600005300052,29.04705336233019,23.879983653061885,0.7478082587066535
813.2768030415752,569.0131507051449,244.26365233643037,36.89515733142616,23.79745038190712,0.7543660677428142
781.038558742935,501.9071877167725,279.1313710261625,43.972703936335165,23.59018933463996,0.7553239872017898
