energy,prior,fidelity,mass,psnr,ssim_indices
1214.6826952554445,1214.6826952554445,0.0,0.0,26.019681354736555,0.799856465270159
794.3808473153347,771.0608037997048,23.3200435156299,10.516265363541606,27.942472753968424,0.8555912639461827
643.191307856043,584.4589889433103,58.73231891273274,19.971281259357056,27.689543343440942,0.8724627489624646
575.1607348949622,484.20720896331505,90.95352593164716,28.47952959230315,26.853819155166985,0.8732563091022133
540.4404868035127,422.0482522941013,118.39223450941145,36.14020170512231,26.045313310032622,0.867630004389451
521.5445898924766,380.0007608378228,141.54382905465383,43.04024136281805,25.375659937880034,0.8596565034029267
