img_index,width,height,noise_std,noise_std_est,avg_mass_loss,t_diff,max_rel_gain,rel_gain_synth_1,rel_error_synth_1,rel_gain_synth_2,rel_error_synth_2,rel_gain_synth_3,rel_error_synth_3,rel_gain_synth_4,rel_error_synth_4,rel_gain_synth_5,rel_error_synth_5,rel_gain_synth_6,rel_error_synth_6,rel_gain_synth_7,rel_error_synth_7,rel_gain_synth_8,rel_error_synth_8,rel_gain_synth_9,rel_error_synth_9,rel_gain_synth_10,rel_error_synth_10
3,500,332,0.05,0.05080849255270672,0.0002305626723746209,0.049,0.2737744309939432,0.2578686312778881,0.012487140053238163,0.2601410047559245,0.010703171539862347,0.2578686312778881,0.012487140053238163,0.2578686312778881,0.012487140053238163,0.2555390145052293,0.014316048465884645,0.2578686312778881,0.012487140053238163,0.2555390145052293,0.014316048465884645,0.2578686312778881,0.012487140053238163,0.2555390145052293,0.014316048465884645,0.2555390145052293,0.014316048465884645
3,500,332,0.1,0.10145250452372355,0.0005067035667887533,0.111,0.5066125440428056,0.4961976041871297,0.006912819023614882,0.4980108459538455,0.0057092967418673965,0.4943040065564504,0.00816967675931252,0.4961976041871297,0.006912819023614882,0.4943040065564504,0.00816967675931252,0.4952578778129267,0.00753655362473627,0.4943040065564504,0.00816967675931252,0.4961976041871297,0.006912819023614882,0.493328208872398,0.008817353355336345,0.4943040065564504,0.00816967675931252
3,500,332,0.15,0.15174644177794655,0.0008181788343754452,0.186,0.7413763831638661,0.7317029614497231,0.0055550435894666465,0.734014400607021,0.0042276802579976226,0.7286048109087305,0.0073341825343532395,0.7317029614497231,0.0055550435894666465,0.7286048109087305,0.0073341825343532395,0.7298677203277538,0.006608946203348937,0.7286048109087305,0.0073341825343532395,0.7304911021362704,0.006250963968983271,0.7266560850943131,0.00845325468512904,0.7273102104978023,0.008077617683379465
