img_index,width,height,noise_std,noise_std_est,avg_mass_loss,t_diff,max_rel_gain,rel_gain_synth_1,rel_error_synth_1,rel_gain_synth_2,rel_error_synth_2,rel_gain_synth_3,rel_error_synth_3,rel_gain_synth_4,rel_error_synth_4,rel_gain_synth_5,rel_error_synth_5,rel_gain_synth_6,rel_error_synth_6,rel_gain_synth_7,rel_error_synth_7,rel_gain_synth_8,rel_error_synth_8,rel_gain_synth_9,rel_error_synth_9,rel_gain_synth_10,rel_error_synth_10,rel_gain_synth_11,rel_error_synth_11,rel_gain_synth_12,rel_error_synth_12,rel_gain_synth_13,rel_error_synth_13,rel_gain_synth_14,rel_error_synth_14,rel_gain_synth_15,rel_error_synth_15,rel_gain_synth_16,rel_error_synth_16
3,500,332,0.05,0.050840616087149314,6.275100401606426e-08,0.049,0.26055917,0.24362817,0.01343134,0.24362817,0.01343134,0.24134256,0.01524451,0.24134256,0.01524451,0.24134256,0.01524451,0.24134256,0.01524451,0.24134256,0.01524451,0.24134256,0.01524451,0.24134256,0.01524451,0.24134256,0.01524451,0.24134256,0.01524451,0.24134256,0.01524451,0.25830024,0.00179202,0.2604899,5.4955075e-05,0.24134256,0.01524451,0.24362817,0.01343134
3,500,332,0.1,0.10080463461969007,6.275100401606426e-08,0.108,0.49826014,0.4912056,0.00470849,0.49274415,0.00368161,0.48956457,0.00580379,0.4912056,0.00470849,0.48956457,0.00580379,0.49039805,0.00524748,0.49039805,0.00524748,0.4912056,0.00470849,0.48956457,0.00580379,0.48956457,0.00580379,0.48956457,0.00580379,0.48956457,0.00580379,0.49808532,0.00011668,0.49316165,0.00340295,0.48956457,0.00580379,0.4919877,0.00418649
3,500,332,0.15,0.151647016597157,6.275100401606426e-08,0.189,0.7360408,0.7296457,0.00368369,0.73104686,0.0028766,0.72865695,0.00425323,0.72865695,0.00425323,0.72814643,0.0045473,0.72865695,0.00425323,0.7296457,0.00368369,0.7291561,0.00396574,0.72865695,0.00425323,0.7270945,0.00515327,0.72814643,0.0045473,0.72489995,0.00641737,0.7342801,0.00101416,0.7266018,0.00543705,0.7254588,0.00609544,0.7301251,0.00340754
