img_index,width,height,noise_std,noise_std_est,avg_mass_loss,t_diff,max_rel_gain,rel_gain_synth_1,rel_error_synth_1
3,500,332,0.05,0.05095830021418364,0.00042169601831230544,0.181,0.24675371985957653,0.2311112192359993,0.012546584280766415
3,500,332,0.1,0.10116135935264502,0.0008023447126583066,0.40900000000000003,0.469913130076802,0.46142143083591564,0.005777007543597287
3,500,332,0.15,0.15149431047002904,0.0011822445482573376,0.751,0.6873976838633009,0.6829771039561344,0.002619761748780835
