img_index,width,height,noise_std,noise_std_est,avg_mass_loss,t_diff,max_rel_gain,rel_gain_synth_1,rel_error_synth_1,rel_gain_synth_2,rel_error_synth_2,rel_gain_synth_3,rel_error_synth_3,rel_gain_synth_4,rel_error_synth_4,rel_gain_synth_5,rel_error_synth_5,rel_gain_synth_6,rel_error_synth_6,rel_gain_synth_7,rel_error_synth_7,rel_gain_synth_8,rel_error_synth_8,rel_gain_synth_9,rel_error_synth_9,rel_gain_synth_10,rel_error_synth_10,rel_gain_synth_11,rel_error_synth_11,rel_gain_synth_12,rel_error_synth_12,rel_gain_synth_13,rel_error_synth_13,rel_gain_synth_14,rel_error_synth_14,rel_gain_synth_15,rel_error_synth_15,rel_gain_synth_16,rel_error_synth_16
3,500,332,0.05,0.05078136149400102,9.412650602409638e-08,0.051000000000000004,0.26147556,0.24542432,0.01272419,0.24542432,0.01272419,0.24114811,0.01611402,0.24330172,0.01440681,0.24330172,0.01440681,0.24330172,0.01440681,0.24330172,0.01440681,0.24330172,0.01440681,0.24330172,0.01440681,0.24330172,0.01440681,0.24330172,0.01440681,0.24330172,0.01440681,0.26011765,0.00107644,0.2613241,0.00012006,0.24330172,0.01440681,0.24748704,0.01108901
3,500,332,0.1,0.10107775133253377,6.275100401606426e-08,0.11900000000000001,0.49786332,0.49029207,0.0050547,0.49164733,0.00414992,0.48663726,0.00749473,0.4895932,0.00552128,0.48738962,0.00699244,0.4881419,0.00649021,0.48738962,0.00699244,0.4888686,0.00600505,0.48663726,0.00749473,0.4881419,0.00649021,0.48663726,0.00749473,0.48663726,0.00749473,0.49752802,0.00022387,0.49371952,0.00276649,0.48663726,0.00749473,0.49098432,0.00459254
3,500,332,0.15,0.15183745452262024,1.2550200803212853e-07,0.23500000000000001,0.733151,0.723145,0.00577332,0.7260104,0.00412004,0.71509403,0.01041859,0.72141707,0.00677029,0.71555334,0.01015358,0.71829474,0.00857184,0.71555334,0.01015358,0.71919745,0.00805099,0.71231663,0.0120211,0.71509403,0.01041859,0.71601516,0.00988712,0.71278113,0.01175311,0.7305266,0.00151424,0.7280032,0.00297022,0.71555334,0.01015358,0.72398686,0.00528758
