img_index,width,height,noise_std,noise_std_est,avg_mass_loss,t_diff,psnr_start,max_rel_gain,rel_gain_synth_2,rel_error_synth_2,rel_gain_synth_3,rel_error_synth_3,rel_gain_synth_4,rel_error_synth_4,rel_gain_synth_8,rel_error_synth_8
3,500,332,0.05,0.0509585039135086,0.0005297469837169,0.493,26.033399574544575,0.1974737559631542,0.1971241989560276,0.0002919120401477,0.1972292871994584,0.0002041537549181,0.1968476021487419,0.0005228956470187,0.1969081493331652,0.000472333215799
3,500,332,0.1,0.1011529308375159,0.0009020728408883,1.646,19.987253570581824,0.3966550342619985,0.3965341227741635,8.657219203656505e-05,0.3962195827850843,0.0003117816971492,0.3957334453058899,0.0006598543903116,0.3951123969040711,0.0011045228206566
3,500,332,0.15,0.1519306929611794,0.001025556143841,50.0,16.461881952446266,0.5551974547207936,0.555197453847987,5.612191282106164e-10,0.555197453847987,5.612191282106164e-10,0.555197453847987,5.612191282106164e-10,0.5546130703654272,0.0003757621603562
