img_index,width,height,noise_std,noise_std_est,t_diff,max_rel_gain,rel_gain_synth_1,rel_error_synth_1,rel_gain_synth_2,rel_error_synth_2,rel_gain_synth_3,rel_error_synth_3,rel_gain_synth_4,rel_error_synth_4,rel_gain_synth_5,rel_error_synth_5,rel_gain_synth_6,rel_error_synth_6,rel_gain_synth_7,rel_error_synth_7,rel_gain_synth_8,rel_error_synth_8,rel_gain_synth_9,rel_error_synth_9,rel_gain_synth_10,rel_error_synth_10
3,640,425,0.05,0.0508674463630635,0.49,0.1829469138970676,0.1764464114448704,0.0054951768129494,0.1812631924460141,0.0014233279881568,0.1812631924460141,0.0014233279881568,0.1800991381318847,0.0024073571956,0.1764464114448704,0.0054951768129494,0.1756313440404631,0.0061841911675514,0.178006071755705,0.0041767234719652,0.1800991381318847,0.0024073571956,0.1772393890065366,0.0048248360289713,0.1764464114448704,0.0054951768129494
3,640,425,0.1,0.1010355193922257,0.97,0.3956212244363448,0.3955328360918271,6.333261702388034e-05,0.3954354367258357,0.0001331218723648,0.3954882708262743,9.526482382361386e-05,0.3955695746725451,3.7008439607637966e-05,0.3954882708262743,9.526482382361386e-05,0.3954354367258357,0.0001331218723648,0.3955989052629169,1.5992285755667943e-05,0.3955695746725451,3.7008439607637966e-05,0.3955989052629169,1.5992285755667943e-05,0.3953738667641338,0.0001772383995599
3,640,425,0.15,0.1515780097386525,2.06,0.6003083938073207,0.5938971626750158,0.0040062472690353,0.599864294096353,0.0002775088306018,0.6002730827133941,2.2065180725933066e-05,0.5995632843335538,0.0004656036777975,0.5936946331264829,0.0041328038435784,0.5936946331264829,0.0041328038435784,0.5960991285853298,0.0026302837867247,0.5995632843335538,0.0004656036777975,0.5959548943701349,0.0027204127992031,0.5928285122104365,0.0046740250978054
