img_index,width,height,noise_std,noise_std_est,avg_mass_loss,t_diff,max_rel_gain,rel_gain_synth_2,rel_error_synth_2,rel_gain_synth_3,rel_error_synth_3,rel_gain_synth_4,rel_error_synth_4,rel_gain_synth_8,rel_error_synth_8
3,500,332,0.05,0.05095850391350867,0.0005297469837169339,0.493,0.19747375596315428,0.19712419895602767,0.00029191204014774994,0.19722928719945843,0.00020415375491816942,0.19684760214874197,0.0005228956470187347,0.1969081493331652,0.00047233321579908023
3,500,332,0.1,0.10115293083751595,0.0009020728408883211,1.6460000000000001,0.39665503426199855,0.39653412277416356,8.657219203656505e-05,0.39621958278508435,0.00031178169714922573,0.3957334453058899,0.0006598543903116576,0.3951123969040711,0.0011045228206566999
3,500,332,0.15,0.15193069296117948,0.001025556143841016,50.0,0.5551974547207936,0.555197453847987,5.612191282106166e-10,0.555197453847987,5.612191282106166e-10,0.555197453847987,5.612191282106166e-10,0.5546130703654272,0.0003757621603562697
