energy,prior,fidelity,mass,psnr,ssim_indices
6435.174628598376,6435.174628598376,0.0,0.0,26.01807636658571,0.40931393461909416
3583.542833709684,3428.8893992047433,154.6534345049407,-121.636094634654,28.585711186205142,0.5380794416908389
2699.4996608328606,2338.3246121263032,361.1750487065575,-231.18092922162032,29.62065901502666,0.6205363269288533
2343.645535763146,1819.6550008357779,523.9905349273682,-329.8270012647263,29.831972559324967,0.6712432371799005
2172.6030474705663,1526.7054523755744,645.8975950949919,-418.6530132852495,29.70540886544113,0.7031825662839379
2080.8036362161693,1342.4549231133221,738.3487131028473,-498.63315040792804,29.471857171530704,0.7239712204839318
2027.98907473602,1218.0260375727962,809.9630371632237,-570.6463118817192,29.224217484866806,0.7379263589362032
