img_index,width,height,noise_std,noise_std_est,avg_mass_loss,t_diff,max_rel_gain,rel_gain_synth_1,rel_error_synth_1,rel_gain_synth_2,rel_error_synth_2,rel_gain_synth_3,rel_error_synth_3,rel_gain_synth_4,rel_error_synth_4,rel_gain_synth_5,rel_error_synth_5,rel_gain_synth_6,rel_error_synth_6,rel_gain_synth_7,rel_error_synth_7,rel_gain_synth_8,rel_error_synth_8,rel_gain_synth_9,rel_error_synth_9,rel_gain_synth_10,rel_error_synth_10
24,140,210,0.05,0.05472098500080098,0.0005789313098458003,0.053,0.16141844633499952,0.11909222755559187,0.036443556508830466,0.11909222755559187,0.036443556508830466,0.11336484320862479,0.041374926735505066,0.11909222755559187,0.036443556508830466,0.11050779214048354,0.04383489375011297,0.11909222755559187,0.036443556508830466,0.11050779214048354,0.04383489375011297,0.11909222755559187,0.036443556508830466,0.11050779214048354,0.04383489375011297,0.11050779214048354,0.04383489375011297
24,140,210,0.1,0.10402113473878129,0.0011351097243209706,0.108,0.3317896525173112,0.298869297502311,0.024718884812458982,0.298869297502311,0.024718884812458982,0.2957023580970384,0.02709684247212886,0.30043894279339695,0.023540286309220105,0.2909011921553921,0.030701890711219183,0.298869297502311,0.024718884812458982,0.2909011921553921,0.030701890711219183,0.298869297502311,0.024718884812458982,0.28929262278996926,0.03190971610795689,0.2909011921553921,0.030701890711219183
24,140,210,0.15,0.1549682064324189,0.0017678761981697374,0.17400000000000002,0.5022841483936398,0.4659879323964337,0.024160686269649314,0.46483477748611485,0.0249282873333708,0.4613997910588054,0.027214796467466638,0.467120965643441,0.023406479252142804,0.45562395215903045,0.03105950114996692,0.46483477748611485,0.0249282873333708,0.45562395215903045,0.03105950114996692,0.46483477748611485,0.0249282873333708,0.45562395215903045,0.03105950114996692,0.4579333071520667,0.0295222719942805
