img_index,width,height,noise_std,noise_std_est,t_diff,max_rel_gain,rel_gain_synth_1,rel_error_synth_1,rel_gain_synth_2,rel_error_synth_2,rel_gain_synth_3,rel_error_synth_3,rel_gain_synth_4,rel_error_synth_4,rel_gain_synth_5,rel_error_synth_5,rel_gain_synth_6,rel_error_synth_6,rel_gain_synth_7,rel_error_synth_7,rel_gain_synth_8,rel_error_synth_8,rel_gain_synth_9,rel_error_synth_9,rel_gain_synth_10,rel_error_synth_10
24,427,640,0.05,0.0523792437734879,0.48,0.1660558804717316,0.1541857053099579,0.0101797652758901,0.158583671400144,0.006408105474812,0.1605843647787558,0.0046923271728301,0.158583671400144,0.006408105474812,0.1541857053099579,0.0101797652758901,0.1541857053099579,0.0101797652758901,0.1553216026219644,0.0092056290179031,0.1605843647787558,0.0046923271728301,0.1553216026219644,0.0092056290179031,0.1530327862197269,0.0111684992718669
24,427,640,0.1,0.101604249226593,0.9,0.3665128251402136,0.3651001043757354,0.0010338144937156,0.3644946255934413,0.0014768976255786,0.3651001043757354,0.0010338144937156,0.3644946255934413,0.0014768976255786,0.3649064638295271,0.0011755186494658,0.3649064638295271,0.0011755186494658,0.3647044425284909,0.0013233557552138,0.3649064638295271,0.0011755186494658,0.3647044425284909,0.0013233557552138,0.3652847435301271,0.0008986974637142
24,427,640,0.15,0.1521693149500717,1.55,0.5585523685111037,0.5577998215089457,0.0004828499942397,0.558472450901704,5.1276820089087176e-05,0.558269681038288,0.0001813782318304,0.5585354452825559,1.0858299592385254e-05,0.5578876716294293,0.0004264835080962,0.5581127751196556,0.0002820523713733,0.5583735197637452,0.0001147531202492,0.5583986420032291,9.863416268866818e-05,0.5583735197637452,0.0001147531202492,0.5574942333555839,0.0006789217846626
