img_index,width,height,noise_std,noise_std_est,avg_mass_loss,t_diff,max_rel_gain,rel_gain_synth_1,rel_error_synth_1,rel_gain_synth_2,rel_error_synth_2,rel_gain_synth_3,rel_error_synth_3,rel_gain_synth_4,rel_error_synth_4,rel_gain_synth_5,rel_error_synth_5,rel_gain_synth_6,rel_error_synth_6,rel_gain_synth_7,rel_error_synth_7,rel_gain_synth_8,rel_error_synth_8,rel_gain_synth_9,rel_error_synth_9,rel_gain_synth_10,rel_error_synth_10,rel_gain_synth_11,rel_error_synth_11,rel_gain_synth_12,rel_error_synth_12,rel_gain_synth_13,rel_error_synth_13,rel_gain_synth_14,rel_error_synth_14,rel_gain_synth_15,rel_error_synth_15,rel_gain_synth_16,rel_error_synth_16
24,140,210,0.05,0.05463128724831422,2.2144274376417234e-08,0.057,0.15077743,0.10518496,0.03961884,0.10518496,0.03961884,0.09762707,0.04618648,0.10518496,0.03961884,0.09762707,0.04618648,0.10265265,0.04181936,0.09513909,0.04834848,0.10518496,0.03961884,0.09762707,0.04618648,0.09762707,0.04618648,0.10012992,0.04401156,0.10012992,0.04401156,0.13486236,0.01382984,0.13916585,0.0100902,0.10012992,0.04401156,0.10518496,0.03961884
24,140,210,0.1,0.10415411444502853,2.2144274376417234e-08,0.122,0.32447365,0.29215083,0.02440429,0.28958875,0.02633869,0.28188208,0.03215736,0.28958875,0.02633869,0.28059423,0.03312971,0.2870215,0.02827703,0.2780408,0.0350576,0.28829738,0.02731369,0.28059423,0.03312971,0.28059423,0.03312971,0.28315988,0.03119259,0.28059423,0.03312971,0.31646818,0.00604426,0.32057795,0.00294132,0.28315988,0.03119259,0.2908639,0.02537593
24,140,210,0.15,0.15373017426172933,2.2144274376417234e-08,0.20700000000000002,0.49796483,0.46557364,0.02162345,0.4630392,0.02331539,0.4537676,0.02950485,0.4638834,0.02275182,0.4504305,0.0317326,0.46050414,0.02500771,0.44793543,0.03339823,0.46050414,0.02500771,0.4504305,0.0317326,0.45209825,0.03061926,0.45460296,0.02894718,0.45125943,0.03117923,0.4938118,0.00277246,0.49427593,0.00246261,0.45460296,0.02894718,0.4630392,0.02331539
