img_index,width,height,noise_std,noise_std_est,avg_mass_loss,t_diff,max_rel_gain,rel_gain_synth_1,rel_error_synth_1,rel_gain_synth_2,rel_error_synth_2,rel_gain_synth_3,rel_error_synth_3,rel_gain_synth_4,rel_error_synth_4,rel_gain_synth_5,rel_error_synth_5,rel_gain_synth_6,rel_error_synth_6,rel_gain_synth_7,rel_error_synth_7,rel_gain_synth_8,rel_error_synth_8,rel_gain_synth_9,rel_error_synth_9,rel_gain_synth_10,rel_error_synth_10,rel_gain_synth_11,rel_error_synth_11,rel_gain_synth_12,rel_error_synth_12,rel_gain_synth_13,rel_error_synth_13,rel_gain_synth_14,rel_error_synth_14,rel_gain_synth_15,rel_error_synth_15,rel_gain_synth_16,rel_error_synth_16
24,140,210,0.05,0.054553347815289484,4.428854875283447e-08,0.054,0.15070546,0.10329008,0.04120548,0.10052868,0.04360523,0.09506154,0.04835635,0.10329008,0.04120548,0.09506154,0.04835635,0.10052868,0.04360523,0.09506154,0.04835635,0.10052868,0.04360523,0.09506154,0.04835635,0.09506154,0.04835635,0.09778982,0.04598539,0.09506154,0.04835635,0.13062158,0.01745353,0.13792713,0.01110478,0.09778982,0.04598539,0.10329008,0.04120548
24,140,210,0.1,0.10387774988619841,4.428854875283447e-08,0.112,0.3249648,0.2890839,0.02708063,0.2875702,0.02822306,0.28149387,0.03280911,0.2890839,0.02708063,0.28149387,0.03280911,0.28605542,0.02936634,0.27997404,0.03395618,0.2875702,0.02822306,0.27997404,0.03395618,0.28149387,0.03280911,0.2830167,0.03165976,0.27997404,0.03395618,0.3152201,0.00735467,0.3217934,0.00239354,0.2830167,0.03165976,0.2890839,0.02708063
24,140,210,0.15,0.15405742410796633,6.64328231292517e-08,0.17400000000000002,0.5008186,0.47248864,0.01887634,0.47041485,0.02025811,0.46516496,0.02375614,0.47145116,0.01956761,0.46305028,0.02516516,0.46936956,0.0209546,0.46199667,0.02586717,0.46936956,0.0209546,0.46199667,0.02586717,0.46305028,0.02516516,0.46516496,0.02375614,0.46199667,0.02586717,0.49666527,0.00276737,0.49944916,0.00091245,0.46516496,0.02375614,0.47041485,0.02025811
