energy,prior,fidelity,mass,psnr,ssim_indices
5899.364998528488,5899.364998528488,0.0,0.0,26.01807636658571,0.46899897410587804
3144.1603574179644,2992.2190193024026,151.94133811556182,-2.4137416932499036,28.609338509827985,0.5929798591270851
2334.70940323303,1985.4635728320925,349.24583040093745,-4.588380201952532,29.743659401008443,0.6695826258102847
2029.867977250336,1531.5921199335244,498.2758573168116,-6.537358127301559,30.109489869846335,0.715924785985119
1892.5126507120776,1287.9855572381084,604.5270934739693,-8.27821524569299,30.14339550123672,0.745012872037294
1822.9921530860884,1141.6079414183966,681.3842116676918,-9.829887152649462,30.050129063494268,0.7640477232865507
1785.2073296730082,1046.6330915588007,738.5742381142076,-11.211216061725281,29.915996118099297,0.776970124805482
1763.8343776838997,981.528801418863,782.3055762650366,-12.440137088531628,29.776116861003487,0.786012390632747
