energy,prior,fidelity,mass,psnr,ssim_indices
6318.197987028671,6318.197987028671,0.0,0.0,26.012119962005265,0.5049624935098939
3665.956630416306,3517.4869763375523,148.46965407875362,-0.47856646409491077,28.506941519808578,0.615507064775033
2842.0970807945864,2491.3448357710345,350.75224502355206,-0.7739175584865734,29.369033271382246,0.6857273644844618
2512.872293167753,1999.2652642166368,513.6070289511165,-0.9317580262722913,29.41256134983297,0.7285766148095937
2356.851496246763,1719.0213965705248,637.8300996762381,-0.98684901825618,29.16542643326036,0.7552355188151045
2274.7681726806604,1541.1685629859396,733.5996096947206,-0.9660811797366478,28.85136543058108,0.7722995291075491
