img_index,width,height,noise_std,noise_std_est,avg_mass_loss,t_diff,max_rel_gain,rel_gain_synth_1,rel_error_synth_1,rel_gain_synth_2,rel_error_synth_2,rel_gain_synth_3,rel_error_synth_3,rel_gain_synth_4,rel_error_synth_4,rel_gain_synth_5,rel_error_synth_5,rel_gain_synth_6,rel_error_synth_6,rel_gain_synth_7,rel_error_synth_7,rel_gain_synth_8,rel_error_synth_8,rel_gain_synth_9,rel_error_synth_9,rel_gain_synth_10,rel_error_synth_10
30,475,316,0.05,0.05115608030008668,0.00029265770420106653,0.058,0.33421263315893057,0.31900563183007424,0.011397734477188786,0.322190007482066,0.009011026711986241,0.31738584119527125,0.01261177682287389,0.32061012035340164,0.01019516115157981,0.31738584119527125,0.01261177682287389,0.31900563183007424,0.011397734477188786,0.31738584119527125,0.01261177682287389,0.31900563183007424,0.011397734477188786,0.3157583572510276,0.013831585347989108,0.31738584119527125,0.01261177682287389
30,475,316,0.1,0.10096217721859792,0.0006704219642238802,0.135,0.6107151947884113,0.6004724312900416,0.006359140046304216,0.6037482646107055,0.00432536440970304,0.59621081635208,0.009004930532263727,0.6011529036588145,0.0059366740690944345,0.59621081635208,0.009004930532263727,0.5983747841849657,0.007661447935286051,0.59621081635208,0.009004930532263727,0.5997806563261133,0.006788623151800796,0.5947348525956684,0.009921271149889483,0.59621081635208,0.009004930532263727
30,475,316,0.15,0.15166445678213772,0.0013526660176060481,0.281,0.87664468526433,0.8429417588409441,0.017959140954079307,0.8526739951897004,0.012773163861465453,0.8306156449265146,0.024527307006617555,0.8423870940799282,0.018254702903217183,0.8300796390586723,0.02481292626744571,0.8367372720448368,0.02126530052963763,0.8306156449265146,0.024527307006617555,0.838981217360595,0.02006957854061219,0.824097905661671,0.028000388147667768,0.8268042948926198,0.026558245555519264
