img_index,width,height,noise_std,noise_std_est,avg_mass_loss,t_diff,max_rel_gain,rel_gain_synth_1,rel_error_synth_1,rel_gain_synth_2,rel_error_synth_2,rel_gain_synth_3,rel_error_synth_3,rel_gain_synth_4,rel_error_synth_4,rel_gain_synth_5,rel_error_synth_5,rel_gain_synth_6,rel_error_synth_6,rel_gain_synth_7,rel_error_synth_7,rel_gain_synth_8,rel_error_synth_8,rel_gain_synth_9,rel_error_synth_9,rel_gain_synth_10,rel_error_synth_10,rel_gain_synth_11,rel_error_synth_11,rel_gain_synth_12,rel_error_synth_12,rel_gain_synth_13,rel_error_synth_13,rel_gain_synth_14,rel_error_synth_14,rel_gain_synth_15,rel_error_synth_15,rel_gain_synth_16,rel_error_synth_16
30,475,316,0.05,0.05113665542370591,6.939817899178326e-08,0.059000000000000004,0.32149902,0.30555975,0.0120615,0.30715442,0.0108548,0.30079275,0.01566877,0.30397728,0.01325899,0.30079275,0.01566877,0.3023732,0.01447281,0.3023732,0.01447281,0.30397728,0.01325899,0.30079275,0.01566877,0.3023732,0.01447281,0.3023732,0.01447281,0.3023732,0.01447281,0.32149902,0.,0.3193383,0.00163505,0.3023732,0.01447281,0.30715442,0.0108548
30,475,316,0.1,0.10125192343857772,1.3879635798356652e-07,0.139,0.6118434,0.60046023,0.00706218,0.60379505,0.00499324,0.5947626,0.01059702,0.59907115,0.00792399,0.5954992,0.01014005,0.5976512,0.00880494,0.59621304,0.00969717,0.59837395,0.00835654,0.5947626,0.01059702,0.5947626,0.01059702,0.5954992,0.01014005,0.5940429,0.01104355,0.6080881,0.00232983,0.58874464,0.01433065,0.5947626,0.01059702,0.6031355,0.00540242
30,475,316,0.15,0.1517620351707695,1.3879635798356652e-07,0.294,0.88447684,0.86127263,0.01231336,0.869931,0.0077188,0.8530413,0.01668132,0.85456336,0.01587364,0.8515074,0.01749529,0.8540588,0.01614138,0.8602335,0.01286479,0.8571395,0.0145066,0.8525262,0.01695468,0.847943,0.01938674,0.8494692,0.01857687,0.83369356,0.02694824,0.8749861,0.00503629,0.85226876,0.01709126,0.8346417,0.02644509,0.8654049,0.01012055
