img_index,width,height,noise_std,noise_std_est,avg_mass_loss,t_diff,max_rel_gain,rel_gain_synth_1,rel_error_synth_1,rel_gain_synth_2,rel_error_synth_2,rel_gain_synth_3,rel_error_synth_3,rel_gain_synth_4,rel_error_synth_4,rel_gain_synth_5,rel_error_synth_5,rel_gain_synth_6,rel_error_synth_6,rel_gain_synth_7,rel_error_synth_7,rel_gain_synth_8,rel_error_synth_8,rel_gain_synth_9,rel_error_synth_9,rel_gain_synth_10,rel_error_synth_10,rel_gain_synth_11,rel_error_synth_11,rel_gain_synth_12,rel_error_synth_12,rel_gain_synth_13,rel_error_synth_13,rel_gain_synth_14,rel_error_synth_14,rel_gain_synth_15,rel_error_synth_15,rel_gain_synth_16,rel_error_synth_16
30,475,316,0.05,0.051057310191762545,6.939817899178326e-08,0.06,0.32301763,0.3081375,0.01124711,0.3111229,0.00899061,0.30356675,0.0147019,0.3081375,0.01124711,0.30509475,0.01354698,0.30661592,0.01239721,0.30509475,0.01354698,0.30661592,0.01239721,0.30509475,0.01354698,0.30661592,0.01239721,0.30509475,0.01354698,0.30661592,0.01239721,0.32295722,4.5675424e-05,0.32097942,0.00154059,0.30509475,0.01354698,0.3111229,0.00899061
30,475,316,0.1,0.10115261921399964,6.939817899178326e-08,0.159,0.610656,0.59980375,0.00673782,0.6043122,0.00393867,0.5893553,0.01322488,0.5980015,0.00785678,0.59122455,0.01206432,0.594322,0.01014123,0.59122455,0.01206432,0.5955566,0.00937469,0.58998126,0.01283626,0.594322,0.01014123,0.58998126,0.01283626,0.5893553,0.01322488,0.6039397,0.00416994,0.59170645,0.01176513,0.5874913,0.0143822,0.60211855,0.00530064
30,475,316,0.15,0.1513885861840311,1.3879635798356652e-07,0.34500000000000003,0.8807885,0.8665104,0.00759156,0.87463284,0.0032729,0.8419564,0.02064672,0.861617,0.0101933,0.8436299,0.01975692,0.85306793,0.01473879,0.8436299,0.01975692,0.8545292,0.01396184,0.8355525,0.0240516,0.84498227,0.01903788,0.84600717,0.01849295,0.8346352,0.02453934,0.86161613,0.01019379,0.8545423,0.01395486,0.84295803,0.02011415,0.87019205,0.00563405
