img_index,width,height,noise_std,noise_std_est,t_diff,max_rel_gain,rel_gain_synth_1,rel_error_synth_1,rel_gain_synth_2,rel_error_synth_2,rel_gain_synth_3,rel_error_synth_3,rel_gain_synth_4,rel_error_synth_4,rel_gain_synth_5,rel_error_synth_5,rel_gain_synth_6,rel_error_synth_6,rel_gain_synth_7,rel_error_synth_7,rel_gain_synth_8,rel_error_synth_8,rel_gain_synth_9,rel_error_synth_9,rel_gain_synth_10,rel_error_synth_10
30,640,427,0.05,0.0516429455774167,0.5700000000000001,0.2037494347129404,0.1960962065169831,0.0063578249553092,0.2014139481869652,0.0019401766336298,0.2019226836550793,0.0015175509164801,0.2002680324188534,0.0028921320282216,0.195328266828013,0.0069957813828054,0.195328266828013,0.0069957813828054,0.1975812300579789,0.005124159959778,0.2002680324188534,0.0028921320282216,0.1968480390325125,0.0057332493635385,0.195328266828013,0.0069957813828054
30,640,427,0.1,0.1015562962287216,1.14,0.4164386629599833,0.4155779096614451,0.0006076883673447,0.4158635619269709,0.0004060190166021,0.4157732505302485,0.000469778499511,0.4153646920576415,0.0007582191381993,0.4157732505302485,0.000469778499511,0.4158635619269709,0.0004060190166021,0.4153646920576415,0.0007582191381993,0.4153646920576415,0.0007582191381993,0.4153646920576415,0.0007582191381993,0.4159485923251934,0.0003459878973973
30,640,427,0.15,0.1516008888241763,2.36,0.6120930547530123,0.6103657545727541,0.0010714643147711,0.6118254392152497,0.0001660050187385,0.6115056772950328,0.0003643570426953,0.6119272385100625,0.0001028577366926,0.610264559418264,0.0011342368415751,0.610264559418264,0.0011342368415751,0.6115087784554409,0.0003624333569632,0.6119272385100625,0.0001028577366926,0.6114596937908241,0.000392881143133,0.6096934362766533,0.0014885111435001
