img_index,width,height,noise_std,noise_std_est,t_diff,max_rel_gain,rel_gain_synth_1,rel_error_synth_1,rel_gain_synth_2,rel_error_synth_2,rel_gain_synth_3,rel_error_synth_3,rel_gain_synth_4,rel_error_synth_4,rel_gain_synth_5,rel_error_synth_5,rel_gain_synth_6,rel_error_synth_6,rel_gain_synth_7,rel_error_synth_7,rel_gain_synth_8,rel_error_synth_8,rel_gain_synth_9,rel_error_synth_9,rel_gain_synth_10,rel_error_synth_10
64,640,395,0.05,0.0734869192793427,0.27,0.0407834096949364,0.0619697471304955,0.0987267435936069,0.0498718627032615,0.0871029183918005,0.0498718627032615,0.0871029183918005,0.0560206262792273,0.0930107408250655,0.0619697471304955,0.0987267435936069,0.0677173429556904,0.1042491181545923,0.0619697471304955,0.0987267435936069,0.0560206262792273,0.0930107408250655,0.0619697471304955,0.0987267435936069,0.0619697471304955,0.0987267435936069
64,640,395,0.1,0.1145701212114906,0.4,0.1405230866926638,0.0941948568181038,0.0406201596575344,0.0941948568181038,0.0406201596575344,0.0941948568181038,0.0406201596575344,0.0941948568181038,0.0406201596575344,0.0941948568181038,0.0406201596575344,0.0969318448947119,0.038220394051259,0.0941948568181038,0.0406201596575344,0.0941948568181038,0.0406201596575344,0.0941948568181038,0.0406201596575344,0.0969318448947119,0.038220394051259
64,640,395,0.15,0.1608101499074395,0.55,0.2625615598867153,0.2436590714020012,0.014971538089921,0.2409853535564938,0.0170892311438322,0.2396548227993326,0.0181430655067924,0.2409853535564938,0.0170892311438322,0.2436590714020012,0.014971538089921,0.2436590714020012,0.014971538089921,0.2423209100511356,0.0160314161928039,0.2409853535564938,0.0170892311438322,0.2423209100511356,0.0160314161928039,0.2436590714020012,0.014971538089921
