img_index,width,height,noise_std,noise_std_est,avg_mass_loss,t_diff,max_rel_gain,rel_gain_synth_1,rel_error_synth_1,rel_gain_synth_2,rel_error_synth_2,rel_gain_synth_3,rel_error_synth_3,rel_gain_synth_4,rel_error_synth_4,rel_gain_synth_5,rel_error_synth_5,rel_gain_synth_6,rel_error_synth_6,rel_gain_synth_7,rel_error_synth_7,rel_gain_synth_8,rel_error_synth_8,rel_gain_synth_9,rel_error_synth_9,rel_gain_synth_10,rel_error_synth_10,rel_gain_synth_11,rel_error_synth_11,rel_gain_synth_12,rel_error_synth_12,rel_gain_synth_13,rel_error_synth_13,rel_gain_synth_14,rel_error_synth_14,rel_gain_synth_15,rel_error_synth_15,rel_gain_synth_16,rel_error_synth_16
64,640,395,0.05,0.0732445791121497,8.241033755274261e-08,0.061,0.05448574,0.09124772,0.13820335,0.0879609,0.13508636,0.09124772,0.13820335,0.09124772,0.13820335,0.09124772,0.13820335,0.09124772,0.13820335,0.09124772,0.13820335,0.09124772,0.13820335,0.09124772,0.13820335,0.09124772,0.13820335,0.09124772,0.13820335,0.09124772,0.13820335,0.07432245,0.12215262,0.06356678,0.1119527,0.09124772,0.13820335,0.0879609,0.13508636
64,640,395,0.1,0.11475413481413113,8.241033755274261e-08,0.096,0.15473215,0.07647584,0.0677701,0.07647584,0.0677701,0.07435589,0.06960598,0.07435589,0.06960598,0.07435589,0.06960598,0.07435589,0.06960598,0.07647584,0.0677701,0.07435589,0.06960598,0.07435589,0.06960598,0.07435589,0.06960598,0.07435589,0.06960598,0.07435589,0.06960598,0.0871977,0.05848495,0.09585855,0.05098463,0.07435589,0.06960598,0.07647584,0.0677701
64,640,395,0.15,0.16084964228715123,1.2361550632911393e-07,0.139,0.26980352,0.21611612,0.04228009,0.21754374,0.04115581,0.21611612,0.04228009,0.21468954,0.04340355,0.21611612,0.04228009,0.21611612,0.04228009,0.21754374,0.04115581,0.21611612,0.04228009,0.21611612,0.04228009,0.21611612,0.04228009,0.21611612,0.04228009,0.21468954,0.04340355,0.22466764,0.03554557,0.23031548,0.03109776,0.21468954,0.04340355,0.21611612,0.04228009
