img_index,width,height,noise_std,noise_std_est,avg_mass_loss,t_diff,max_rel_gain,rel_gain_synth_1,rel_error_synth_1,rel_gain_synth_2,rel_error_synth_2,rel_gain_synth_3,rel_error_synth_3,rel_gain_synth_4,rel_error_synth_4,rel_gain_synth_5,rel_error_synth_5,rel_gain_synth_6,rel_error_synth_6,rel_gain_synth_7,rel_error_synth_7,rel_gain_synth_8,rel_error_synth_8,rel_gain_synth_9,rel_error_synth_9,rel_gain_synth_10,rel_error_synth_10
64,640,395,0.05,0.073355152224532,0.00021563856997881156,0.06,0.06249220764843246,0.0795796139055678,0.1337156362477628,0.07609191281509452,0.13043306997069573,0.0795796139055678,0.1337156362477628,0.0795796139055678,0.1337156362477628,0.0795796139055678,0.1337156362477628,0.0795796139055678,0.1337156362477628,0.0795796139055678,0.1337156362477628,0.0795796139055678,0.1337156362477628,0.0795796139055678,0.1337156362477628,0.0795796139055678,0.1337156362477628
64,640,395,0.1,0.11464092307058214,0.00031921909048341984,0.094,0.16114883878264458,0.08138090284457382,0.06869742557870527,0.08362973462282322,0.06676069558928627,0.08138090284457382,0.06869742557870527,0.08138090284457382,0.06869742557870527,0.08138090284457382,0.06869742557870527,0.08138090284457382,0.06869742557870527,0.08138090284457382,0.06869742557870527,0.08138090284457382,0.06869742557870527,0.08138090284457382,0.06869742557870527,0.08138090284457382,0.06869742557870527
64,640,395,0.15,0.16076388573947534,0.000441846219891886,0.135,0.2773336203184451,0.22261717289293592,0.04283645756687131,0.2241547740616003,0.04163269909359082,0.22261717289293592,0.04283645756687131,0.22261717289293592,0.04283645756687131,0.22261717289293592,0.04283645756687131,0.22261717289293592,0.04283645756687131,0.22261717289293592,0.04283645756687131,0.22261717289293592,0.04283645756687131,0.22261717289293592,0.04283645756687131,0.22261717289293592,0.04283645756687131
