img_index,width,height,noise_std,noise_std_est,avg_mass_loss,t_diff,max_rel_gain,rel_gain_synth_1,rel_error_synth_1,rel_gain_synth_2,rel_error_synth_2,rel_gain_synth_3,rel_error_synth_3,rel_gain_synth_4,rel_error_synth_4,rel_gain_synth_5,rel_error_synth_5,rel_gain_synth_6,rel_error_synth_6,rel_gain_synth_7,rel_error_synth_7,rel_gain_synth_8,rel_error_synth_8,rel_gain_synth_9,rel_error_synth_9,rel_gain_synth_10,rel_error_synth_10,rel_gain_synth_11,rel_error_synth_11,rel_gain_synth_12,rel_error_synth_12,rel_gain_synth_13,rel_error_synth_13,rel_gain_synth_14,rel_error_synth_14,rel_gain_synth_15,rel_error_synth_15,rel_gain_synth_16,rel_error_synth_16
64,640,395,0.05,0.07342125757894959,8.241033755274261e-08,0.063,0.05471146,0.08925472,0.13649817,0.08620785,0.13360935,0.08925472,0.13649817,0.08925472,0.13649817,0.08925472,0.13649817,0.08925472,0.13649817,0.08925472,0.13649817,0.08925472,0.13649817,0.08925472,0.13649817,0.08925472,0.13649817,0.08925472,0.13649817,0.08925472,0.13649817,0.07026529,0.11849378,0.06355449,0.1121311,0.08925472,0.13649817,0.08620785,0.13360935
64,640,395,0.1,0.11455368002489712,8.241033755274261e-08,0.10200000000000001,0.15389927,0.07588452,0.06760968,0.07773971,0.06600192,0.07403871,0.0692093,0.07403871,0.0692093,0.07403871,0.0692093,0.07403871,0.0692093,0.07403871,0.0692093,0.07403871,0.0692093,0.07403871,0.0692093,0.07403871,0.0692093,0.07403871,0.0692093,0.07403871,0.0692093,0.08905177,0.05619859,0.09479173,0.05122419,0.07403871,0.0692093,0.07588452,0.06760968
64,640,395,0.15,0.16042143252351326,8.241033755274261e-08,0.156,0.26998922,0.21666743,0.04198603,0.21893214,0.04020279,0.21553732,0.04287589,0.21666743,0.04198603,0.21553732,0.04287589,0.21553732,0.04287589,0.21553732,0.04287589,0.21553732,0.04287589,0.21553732,0.04287589,0.21553732,0.04287589,0.214411,0.04376275,0.21553732,0.04287589,0.22914624,0.03216011,0.23140611,0.03038067,0.21553732,0.04287589,0.21779823,0.04109563
