img_index,width,height,noise_std,noise_std_est,avg_mass_loss,t_diff,max_rel_gain,rel_gain_synth_1,rel_error_synth_1,rel_gain_synth_2,rel_error_synth_2,rel_gain_synth_3,rel_error_synth_3,rel_gain_synth_4,rel_error_synth_4,rel_gain_synth_5,rel_error_synth_5,rel_gain_synth_6,rel_error_synth_6,rel_gain_synth_7,rel_error_synth_7,rel_gain_synth_8,rel_error_synth_8,rel_gain_synth_9,rel_error_synth_9,rel_gain_synth_10,rel_error_synth_10
56,390,243,0.05,0.053611427463669925,0.0003660431880085963,0.062,0.24267222599377133,0.19620336954787115,0.037394298732909066,0.20349168662660014,0.03152926294448909,0.19143548187049783,0.0412311010510428,0.19620336954787115,0.037394298732909066,0.19143548187049783,0.0412311010510428,0.19380542446706023,0.03932396693555459,0.19143548187049783,0.0412311010510428,0.19380542446706023,0.03932396693555459,0.19143548187049783,0.0412311010510428,0.19380542446706023,0.03932396693555459
56,390,243,0.1,0.10324644212052039,0.0007158573325086833,0.13,0.4479222863659427,0.4129935019780073,0.024123383358924014,0.4200324717296441,0.01926195549230593,0.4083085508667153,0.02735902048904274,0.4141774053383375,0.023305726657678244,0.4083085508667153,0.02735902048904274,0.40948493187136353,0.02654655906364345,0.4083085508667153,0.02735902048904274,0.4106485827456817,0.0257428896365786,0.4071517784831954,0.028157939322195853,0.40948493187136353,0.02654655906364345
56,390,243,0.15,0.15267468993238226,0.0010557290438828002,0.201,0.654553239767909,0.6265224168606323,0.01694162643639605,0.6336908214867082,0.012609094575963813,0.6200011586078135,0.020883027713839146,0.6265224168606323,0.01694162643639605,0.6200011586078135,0.020883027713839146,0.621638073877685,0.01989368797515465,0.6200011586078135,0.020883027713839146,0.6224607882207327,0.01939644538224593,0.6191868568786647,0.02137518578381033,0.621638073877685,0.01989368797515465
