img_index,width,height,noise_std,noise_std_est,avg_mass_loss,t_diff,max_rel_gain,rel_gain_synth_1,rel_error_synth_1,rel_gain_synth_2,rel_error_synth_2,rel_gain_synth_3,rel_error_synth_3,rel_gain_synth_4,rel_error_synth_4,rel_gain_synth_5,rel_error_synth_5,rel_gain_synth_6,rel_error_synth_6,rel_gain_synth_7,rel_error_synth_7,rel_gain_synth_8,rel_error_synth_8,rel_gain_synth_9,rel_error_synth_9,rel_gain_synth_10,rel_error_synth_10,rel_gain_synth_11,rel_error_synth_11,rel_gain_synth_12,rel_error_synth_12,rel_gain_synth_13,rel_error_synth_13,rel_gain_synth_14,rel_error_synth_14,rel_gain_synth_15,rel_error_synth_15,rel_gain_synth_16,rel_error_synth_16
56,390,243,0.05,0.05341973768688508,5.495761668601175e-08,0.065,0.23016846,0.17980503,0.04094028,0.18665572,0.03537137,0.17315581,0.0463454,0.17980503,0.04094028,0.17534904,0.04456253,0.17534904,0.04456253,0.17534904,0.04456253,0.17534904,0.04456253,0.17534904,0.04456253,0.17756207,0.04276357,0.17534904,0.04456253,0.17534904,0.04456253,0.21857195,0.00942676,0.22402065,0.00499754,0.17756207,0.04276357,0.18665572,0.03537137
56,390,243,0.1,0.10270692679102006,5.495761668601175e-08,0.129,0.4396066,0.41040647,0.02028341,0.41585007,0.01650211,0.403835,0.02484819,0.40930507,0.02104849,0.40492192,0.02409317,0.4060211,0.02332966,0.40492192,0.02409317,0.4060211,0.02332966,0.40492192,0.02409317,0.4060211,0.02332966,0.403835,0.02484819,0.403835,0.02484819,0.4378845,0.00119623,0.43953612,4.897199e-05,0.403835,0.02484819,0.41585007,0.01650211
56,390,243,0.15,0.15300209083339725,5.495761668601175e-08,0.227,0.64957386,0.6153057,0.02077397,0.62396044,0.01552733,0.6066159,0.02604187,0.6131331,0.02209106,0.6080611,0.02516578,0.6095089,0.02428808,0.61023134,0.02385014,0.6095089,0.02428808,0.608782,0.02472874,0.6095089,0.02428808,0.6066159,0.02604187,0.6037378,0.02778666,0.6490858,0.00029589,0.649321,0.00015328,0.6037378,0.02778666,0.62180847,0.01683188
