img_index,width,height,noise_std,noise_std_est,t_diff,max_rel_gain,rel_gain_synth_1,rel_error_synth_1,rel_gain_synth_2,rel_error_synth_2,rel_gain_synth_3,rel_error_synth_3,rel_gain_synth_4,rel_error_synth_4,rel_gain_synth_5,rel_error_synth_5,rel_gain_synth_6,rel_error_synth_6,rel_gain_synth_7,rel_error_synth_7,rel_gain_synth_8,rel_error_synth_8,rel_gain_synth_9,rel_error_synth_9,rel_gain_synth_10,rel_error_synth_10
56,640,400,0.05,0.0542363227536317,0.45,0.1374507073705693,0.1197791376556665,0.0155361191481904,0.1275917172919287,0.0086676196293652,0.1275917172919287,0.0086676196293652,0.1250381613939795,0.0109126012196904,0.1197791376556665,0.0155361191481904,0.1184586855938832,0.0166970064316805,0.1211010167976591,0.0143739772343238,0.1250381613939795,0.0109126012196904,0.1211010167976591,0.0143739772343238,0.1197791376556665,0.0155361191481904
56,640,400,0.1,0.1031418669673284,0.87,0.3336664935621445,0.3323822549250706,0.0009629383682301,0.3325299632845604,0.0008521847726326,0.3323822549250706,0.0009629383682301,0.332070559244792,0.0011966517304411,0.3325299632845604,0.0008521847726326,0.3325299632845604,0.0008521847726326,0.332070559244792,0.0011966517304411,0.3322289687070038,0.0010778743127159,0.332070559244792,0.0011966517304411,0.3326716074782494,0.0007459781652291
56,640,400,0.15,0.15259058917549,1.45,0.531873400531781,0.5292121129737365,0.0017372764336274,0.5317540321220676,7.792315583779923e-05,0.5318361158021977,2.4339302171036448e-05,0.5315572389323331,0.0002063888565061,0.5288704132007249,0.0019603364938732,0.5288704132007249,0.0019603364938732,0.5300776357547203,0.001172267092331,0.5314409371651424,0.00028231012203,0.5300776357547203,0.001172267092331,0.5284986551452678,0.002203018464412
