img_index,width,height,noise_std,noise_std_est,avg_mass_loss,t_diff,max_rel_gain,rel_gain_synth_1,rel_error_synth_1,rel_gain_synth_2,rel_error_synth_2,rel_gain_synth_3,rel_error_synth_3,rel_gain_synth_4,rel_error_synth_4,rel_gain_synth_5,rel_error_synth_5,rel_gain_synth_6,rel_error_synth_6,rel_gain_synth_7,rel_error_synth_7,rel_gain_synth_8,rel_error_synth_8,rel_gain_synth_9,rel_error_synth_9,rel_gain_synth_10,rel_error_synth_10,rel_gain_synth_11,rel_error_synth_11,rel_gain_synth_12,rel_error_synth_12,rel_gain_synth_13,rel_error_synth_13,rel_gain_synth_14,rel_error_synth_14,rel_gain_synth_15,rel_error_synth_15,rel_gain_synth_16,rel_error_synth_16
56,390,243,0.05,0.053689300855828154,2.7478808343005875e-08,0.068,0.23183753,0.18179479,0.04062446,0.18823679,0.03539487,0.17351566,0.04734542,0.17969595,0.04232829,0.1755578,0.04568762,0.17760755,0.04402363,0.1755578,0.04568762,0.17760755,0.04402363,0.17760755,0.04402363,0.17760755,0.04402363,0.1755578,0.04568762,0.17760755,0.04402363,0.22050552,0.00919927,0.22408117,0.00629657,0.1755578,0.04568762,0.18823679,0.03539487
56,390,243,0.1,0.10261987563848007,5.495761668601175e-08,0.148,0.44113532,0.4073796,0.02342301,0.4158243,0.01756325,0.39724526,0.0304552,0.4064511,0.02406729,0.39906222,0.02919441,0.40089044,0.02792581,0.39906222,0.02919441,0.40089044,0.02792581,0.3999749,0.02856109,0.40365842,0.02600512,0.39906222,0.02919441,0.39906222,0.02919441,0.43979958,0.00092687,0.44105765,5.3892327e-05,0.39724526,0.0304552,0.4148869,0.0182137
56,390,243,0.15,0.15365242998088563,5.495761668601175e-08,0.309,0.6518233,0.60520476,0.02822246,0.61881167,0.01998494,0.5856924,0.04003505,0.6021943,0.03004495,0.58839154,0.03840104,0.5925372,0.03589127,0.5874878,0.03894815,0.59207135,0.03617329,0.5879366,0.03867644,0.5963214,0.03360036,0.58884573,0.03812606,0.5856924,0.04003505,0.65175587,4.0777057e-05,0.6515942,0.00013864,0.58658695,0.03949352,0.61401004,0.02289182
