energy,prior,fidelity,mass,psnr,ssim_indices
8630.341278757738,8630.341278757738,0.0,0.0,26.019184195511986,0.6460408767016168
4756.330922448149,4544.208713517065,212.12220893108417,-50.40384144207928,28.340936291218863,0.7318752153377686
3525.0503539670503,3024.475535708067,500.5748182589833,-95.69184033025522,28.886752038224085,0.7697057926500808
3031.2037849260055,2303.541692480346,727.6620924456596,-136.44870303809876,28.745422827604212,0.7851616988452225
2797.440734984623,1903.4801432087459,893.9605917758771,-173.17029621032998,28.451337514265656,0.7908962588788869
