img_index,width,height,noise_std,noise_std_est,avg_mass_loss,t_diff,max_rel_gain,rel_gain_synth_1,rel_error_synth_1,rel_gain_synth_2,rel_error_synth_2,rel_gain_synth_3,rel_error_synth_3,rel_gain_synth_4,rel_error_synth_4,rel_gain_synth_5,rel_error_synth_5,rel_gain_synth_6,rel_error_synth_6,rel_gain_synth_7,rel_error_synth_7,rel_gain_synth_8,rel_error_synth_8,rel_gain_synth_9,rel_error_synth_9,rel_gain_synth_10,rel_error_synth_10
51,335,223,0.05,0.05236325919923884,0.0005268006500101441,0.073,0.3626258429373449,0.3197050201267148,0.03149861206074578,0.33883255833244513,0.017461348416532144,0.31140292268911585,0.0375913318492554,0.323930977124539,0.028397278690526887,0.31140292268911585,0.0375913318492554,0.3134578336581205,0.03608327959877478,0.31140292268911585,0.0375913318492554,0.3134578336581205,0.03608327959877478,0.31140292268911585,0.0375913318492554,0.3155238035620597,0.03456711144840001
51,335,223,0.1,0.10202805647905924,0.0010302872653372235,0.145,0.5925734417031494,0.5687633585811882,0.01495069709092847,0.582637208144731,0.006239105398990201,0.5580487585273147,0.02167855012005786,0.5698136901200463,0.01429117865909094,0.5580487585273147,0.02167855012005786,0.5612732801398732,0.01965382615561064,0.5580487585273147,0.02167855012005786,0.5612732801398732,0.01965382615561064,0.5548123817664588,0.023710718104345486,0.5602037463117294,0.020325401983849998
51,335,223,0.15,0.15288040191457508,0.0018990941373865056,0.276,0.816799329324772,0.7568215686678391,0.033012870320259353,0.7834043384798145,0.018381221473352784,0.735800681454204,0.04458315597280179,0.7568215686678391,0.033012870320259353,0.7342333953721794,0.04544581926022554,0.7405544616312482,0.04196658731807264,0.7350072357171038,0.04501988320199724,0.7421564808355587,0.04108480627684667,0.7342333953721794,0.04544581926022554,0.7421564808355587,0.04108480627684667
