img_index,width,height,noise_std,noise_std_est,t_diff,max_rel_gain,rel_gain_synth_1,rel_error_synth_1,rel_gain_synth_2,rel_error_synth_2,rel_gain_synth_3,rel_error_synth_3,rel_gain_synth_4,rel_error_synth_4,rel_gain_synth_5,rel_error_synth_5,rel_gain_synth_6,rel_error_synth_6,rel_gain_synth_7,rel_error_synth_7,rel_gain_synth_8,rel_error_synth_8,rel_gain_synth_9,rel_error_synth_9,rel_gain_synth_10,rel_error_synth_10
51,640,427,0.05,0.0511074729239283,0.51,0.1886779873572363,0.1788703459829528,0.0082508816337119,0.1853475439674424,0.0028018045469138,0.1853475439674424,0.0028018045469138,0.1837116565108787,0.0041780287842286,0.1788703459829528,0.0082508816337119,0.1778142977428261,0.0091393041092341,0.1809082676183833,0.0065364378086341,0.1837116565108787,0.0041780287842286,0.1799030381375627,0.0073821079493385,0.1788703459829528,0.0082508816337119
51,640,427,0.1,0.1011036822620245,0.95,0.3912152361372702,0.3895172658653667,0.0012204943044024,0.3898933584389887,0.0009501604524916,0.3897094556530375,0.0010823490464448,0.3893173368595552,0.0013642024816983,0.3897094556530375,0.0010823490464448,0.3898933584389887,0.0009501604524916,0.3893173368595552,0.0013642024816983,0.3893173368595552,0.0013642024816983,0.3893173368595552,0.0013642024816983,0.3900683953341677,0.0008243446257005
51,640,427,0.15,0.1519694897169251,1.72,0.5825504240876247,0.5820229682138734,0.0003332948294872,0.582097167069676,0.0002864092107586,0.5818728182113624,0.0004281733244948,0.5822152296840443,0.0002118064603051,0.5820229682138734,0.0003332948294872,0.5819493445527293,0.000379816987659,0.5824772593152089,4.623219033164165e-05,0.5822152296840443,0.0002118064603051,0.5824521912691963,6.207247297353952e-05,0.5816920238683724,0.0005424157146507
