img_index,width,height,noise_std,noise_std_est,avg_mass_loss,t_diff,max_rel_gain,rel_gain_synth_1,rel_error_synth_1,rel_gain_synth_2,rel_error_synth_2,rel_gain_synth_3,rel_error_synth_3,rel_gain_synth_4,rel_error_synth_4,rel_gain_synth_5,rel_error_synth_5,rel_gain_synth_6,rel_error_synth_6,rel_gain_synth_7,rel_error_synth_7,rel_gain_synth_8,rel_error_synth_8,rel_gain_synth_9,rel_error_synth_9,rel_gain_synth_10,rel_error_synth_10,rel_gain_synth_11,rel_error_synth_11,rel_gain_synth_12,rel_error_synth_12,rel_gain_synth_13,rel_error_synth_13,rel_gain_synth_14,rel_error_synth_14,rel_gain_synth_15,rel_error_synth_15,rel_gain_synth_16,rel_error_synth_16
51,335,223,0.05,0.05214661598983653,6.971867121790153e-08,0.078,0.34987625,0.30460954,0.03353398,0.3188571,0.02297926,0.28916463,0.04497568,0.30261883,0.03500871,0.29292336,0.04219119,0.29482496,0.04078247,0.29292336,0.04219119,0.29482496,0.04078247,0.29292336,0.04219119,0.29674727,0.0393584,0.29103205,0.04359229,0.29482496,0.04078247,0.34818313,0.00125427,0.34495035,0.00364915,0.29674727,0.0393584,0.3209178,0.02145269
51,335,223,0.1,0.10195656744290468,6.971867121790153e-08,0.156,0.5922936,0.56319577,0.01827417,0.5787769,0.00848882,0.54378045,0.03046748,0.56209844,0.01896331,0.5491099,0.02712047,0.5512694,0.02576423,0.5480531,0.02778414,0.5502096,0.0264298,0.5491099,0.02712047,0.5534295,0.02440763,0.54591197,0.02912881,0.5469628,0.02846888,0.58230823,0.00627106,0.5694428,0.01435088,0.5469628,0.02846888,0.57780766,0.00909752
51,335,223,0.15,0.15242093628469114,6.971867121790153e-08,0.263,0.8221796,0.7914985,0.0168376,0.8109917,0.00613984,0.76414156,0.03185089,0.7868145,0.01940811,0.7703415,0.02844838,0.77268046,0.0271648,0.77424836,0.02630435,0.77268046,0.0271648,0.77268046,0.0271648,0.7773859,0.0245825,0.76568544,0.03100362,0.75953907,0.03437672,0.80557114,0.0091146,0.7968029,0.01392656,0.75953907,0.03437672,0.80703974,0.00830867
