img_index,width,height,noise_std,noise_std_est,avg_mass_loss,t_diff,max_rel_gain,rel_gain_synth_1,rel_error_synth_1,rel_gain_synth_2,rel_error_synth_2,rel_gain_synth_3,rel_error_synth_3,rel_gain_synth_4,rel_error_synth_4,rel_gain_synth_5,rel_error_synth_5,rel_gain_synth_6,rel_error_synth_6,rel_gain_synth_7,rel_error_synth_7,rel_gain_synth_8,rel_error_synth_8,rel_gain_synth_9,rel_error_synth_9,rel_gain_synth_10,rel_error_synth_10,rel_gain_synth_11,rel_error_synth_11,rel_gain_synth_12,rel_error_synth_12,rel_gain_synth_13,rel_error_synth_13,rel_gain_synth_14,rel_error_synth_14,rel_gain_synth_15,rel_error_synth_15,rel_gain_synth_16,rel_error_synth_16
51,335,223,0.05,0.052289106176068,6.971867121790153e-08,0.081,0.3519837,0.30942318,0.03148005,0.3267251,0.01868263,0.29166076,0.04461809,0.30755085,0.03286494,0.29678553,0.04082752,0.29854473,0.03952635,0.29506564,0.04209965,0.29678553,0.04082752,0.29854473,0.03952635,0.30209726,0.03689869,0.29678553,0.04082752,0.29854473,0.03952635,0.3491838,0.00207095,0.3474697,0.0033388,0.29854473,0.03952635,0.3267251,0.01868263
51,335,223,0.1,0.10232188140829916,1.3943734243580306e-07,0.197,0.59175956,0.55710423,0.0217717,0.5769679,0.00929262,0.52514255,0.04185114,0.5528057,0.02447217,0.5325971,0.03716792,0.53801745,0.03376271,0.53032166,0.03859745,0.5356798,0.03523129,0.5356798,0.03523129,0.5436391,0.03023094,0.5325971,0.03716792,0.5325971,0.03716792,0.5792451,0.00786202,0.5755839,0.01016214,0.52957743,0.03906503,0.57614577,0.00980911
51,335,223,0.15,0.1522520431575767,1.3943734243580306e-07,0.354,0.8317234,0.8021926,0.01612184,0.8236152,0.00442654,0.7552702,0.0417384,0.7961468,0.01942247,0.7622666,0.03791886,0.77347904,0.03179759,0.7591664,0.03961133,0.7701336,0.03362396,0.7640789,0.03692943,0.78551173,0.02522854,0.7622666,0.03791886,0.76004726,0.03913045,0.8028803,0.01574644,0.8094228,0.01217467,0.7569822,0.04080378,0.8193636,0.00674766
