img_index,width,height,noise_std,noise_std_est,avg_mass_loss,t_diff,max_rel_gain,rel_gain_synth_1,rel_error_synth_1,rel_gain_synth_2,rel_error_synth_2,rel_gain_synth_3,rel_error_synth_3,rel_gain_synth_4,rel_error_synth_4,rel_gain_synth_5,rel_error_synth_5,rel_gain_synth_6,rel_error_synth_6,rel_gain_synth_7,rel_error_synth_7,rel_gain_synth_8,rel_error_synth_8,rel_gain_synth_9,rel_error_synth_9,rel_gain_synth_10,rel_error_synth_10,rel_gain_synth_11,rel_error_synth_11,rel_gain_synth_12,rel_error_synth_12,rel_gain_synth_13,rel_error_synth_13,rel_gain_synth_14,rel_error_synth_14,rel_gain_synth_15,rel_error_synth_15,rel_gain_synth_16,rel_error_synth_16
27,640,427,0.05,0.05408910657604595,3.8117193598750976e-08,0.061,0.22177303,0.16323078,0.04791582,0.16872735,0.04341697,0.16051383,0.05013958,0.16323078,0.04791582,0.16323078,0.04791582,0.16323078,0.04791582,0.16323078,0.04791582,0.16323078,0.04791582,0.16323078,0.04791582,0.16323078,0.04791582,0.16323078,0.04791582,0.16323078,0.04791582,0.19391279,0.02280312,0.2044999,0.01413776,0.16323078,0.04791582,0.16872735,0.04341697
27,640,427,0.1,0.10294965401916044,3.8117193598750976e-08,0.12,0.4089503,0.376693,0.02289456,0.38064742,0.02008793,0.37404552,0.02477362,0.3753722,0.02383201,0.37404552,0.02477362,0.37404552,0.02477362,0.37404552,0.02477362,0.37404552,0.02477362,0.37404552,0.02477362,0.37404552,0.02477362,0.37404552,0.02477362,0.37404552,0.02477362,0.39985228,0.00645731,0.40514585,0.0027002,0.3727225,0.02571261,0.37933248,0.02102121
27,640,427,0.15,0.15254288767254293,3.8117193598750976e-08,0.202,0.59874904,0.5741865,0.01536363,0.5785587,0.01262888,0.5704978,0.01767084,0.57345396,0.01582181,0.5712348,0.01720986,0.57197815,0.01674492,0.5712348,0.01720986,0.5712348,0.01720986,0.5690143,0.01859877,0.5712348,0.01720986,0.56827015,0.01906421,0.5697528,0.01813686,0.5954937,0.00203623,0.59627825,0.00154547,0.5697528,0.01813686,0.5763865,0.01398752
