img_index,width,height,noise_std,noise_std_est,avg_mass_loss,t_diff,max_rel_gain,rel_gain_synth_1,rel_error_synth_1,rel_gain_synth_2,rel_error_synth_2,rel_gain_synth_3,rel_error_synth_3,rel_gain_synth_4,rel_error_synth_4,rel_gain_synth_5,rel_error_synth_5,rel_gain_synth_6,rel_error_synth_6,rel_gain_synth_7,rel_error_synth_7,rel_gain_synth_8,rel_error_synth_8,rel_gain_synth_9,rel_error_synth_9,rel_gain_synth_10,rel_error_synth_10,rel_gain_synth_11,rel_error_synth_11,rel_gain_synth_12,rel_error_synth_12,rel_gain_synth_13,rel_error_synth_13,rel_gain_synth_14,rel_error_synth_14,rel_gain_synth_15,rel_error_synth_15,rel_gain_synth_16,rel_error_synth_16
27,640,427,0.05,0.05396329087539477,3.8117193598750976e-08,0.058,0.2203999,0.1618343,0.04798885,0.16773684,0.04315229,0.1618343,0.04798885,0.1618343,0.04798885,0.1618343,0.04798885,0.1618343,0.04798885,0.1618343,0.04798885,0.1618343,0.04798885,0.1618343,0.04798885,0.1618343,0.04798885,0.1618343,0.04798885,0.1618343,0.04798885,0.19156457,0.02362777,0.20275621,0.0144573,0.1618343,0.04798885,0.16773684,0.04315229
27,640,427,0.1,0.10318205632023197,3.8117193598750976e-08,0.111,0.40858322,0.3747466,0.02402175,0.37781313,0.02184471,0.37320507,0.02511613,0.37320507,0.02511613,0.3747466,0.02402175,0.37320507,0.02511613,0.3747466,0.02402175,0.37320507,0.02511613,0.3747466,0.02402175,0.37320507,0.02511613,0.37320507,0.02511613,0.37320507,0.02511613,0.39636147,0.00867664,0.40562496,0.00210017,0.37320507,0.02511613,0.37781313,0.02184471
27,640,427,0.15,0.15270641684121655,3.8117193598750976e-08,0.17200000000000001,0.5988869,0.57825536,0.0129037,0.580971,0.01120523,0.58007395,0.01176625,0.5773343,0.01347976,0.5791688,0.01233239,0.5773343,0.01347976,0.5818581,0.01065039,0.57825536,0.0129037,0.58007395,0.01176625,0.57825536,0.0129037,0.57825536,0.0129037,0.5754725,0.01464418,0.5940221,0.00304261,0.5977282,0.0007247,0.5745313,0.01523283,0.5791688,0.01233239
