img_index,width,height,noise_std,noise_std_est,avg_mass_loss,t_diff,max_rel_gain,rel_gain_synth_1,rel_error_synth_1,rel_gain_synth_2,rel_error_synth_2,rel_gain_synth_3,rel_error_synth_3,rel_gain_synth_4,rel_error_synth_4,rel_gain_synth_5,rel_error_synth_5,rel_gain_synth_6,rel_error_synth_6,rel_gain_synth_7,rel_error_synth_7,rel_gain_synth_8,rel_error_synth_8,rel_gain_synth_9,rel_error_synth_9,rel_gain_synth_10,rel_error_synth_10
27,640,427,0.05,0.05404076680347122,0.0002048419863504243,0.058,0.2338596548888512,0.1789151916588074,0.044530561488367405,0.1819968707718805,0.04203296858883241,0.17585400776083163,0.047011543734481576,0.1789151916588074,0.044530561488367405,0.1789151916588074,0.044530561488367405,0.1789151916588074,0.044530561488367405,0.1789151916588074,0.044530561488367405,0.1789151916588074,0.044530561488367405,0.1789151916588074,0.044530561488367405,0.1789151916588074,0.044530561488367405
27,640,427,0.1,0.10320960245802123,0.000362770928713843,0.109,0.41810265866036417,0.38297585869597217,0.024770280028651205,0.3878517004196756,0.02133199458864682,0.38297585869597217,0.024770280028651205,0.3846096665729731,0.023618171704882677,0.38297585869597217,0.024770280028651205,0.38297585869597217,0.024770280028651205,0.38297585869597217,0.024770280028651205,0.38297585869597217,0.024770280028651205,0.38297585869597217,0.024770280028651205,0.3846096665729731,0.023618171704882677
27,640,427,0.15,0.15297785678910467,0.000537594173482625,0.169,0.6067454375746132,0.5810806368508551,0.015973159234545047,0.5841479223457136,0.01406415397264835,0.5790041590944124,0.017265509415154378,0.5810806368508551,0.015973159234545047,0.5800458578631644,0.016617180971586765,0.5800458578631644,0.016617180971586765,0.5800458578631644,0.016617180971586765,0.5800458578631644,0.016617180971586765,0.5800458578631644,0.016617180971586765,0.5800458578631644,0.016617180971586765
