energy,prior,fidelity,mass,psnr,ssim_indices
7213.767263851051,7213.767263851051,0.0,0.0,26.01807636658571,0.5084599754080757
3895.337386986684,3712.1391251482605,183.19826183842372,-12.384722085669637,28.368268092744472,0.6203307241612662
2873.101650707029,2444.3819248751165,428.7197258319126,-23.562419417547062,29.002320998485803,0.6856096489597028
2472.7370397000495,1852.7841503516777,619.9528893483721,-33.655016950913705,28.941233391199127,0.7230500574191444
2286.6160373322473,1527.2146865988975,759.40135073335,-42.769609755894635,28.69763714687469,0.7453216079345647
2189.5489475448867,1328.0138753934934,861.5350721513931,-51.00145656475797,28.439369516920117,0.7591461272225137
