img_index,width,height,noise_std,noise_std_est,t_diff,max_rel_gain,rel_gain_synth_1,rel_error_synth_1,rel_gain_synth_2,rel_error_synth_2,rel_gain_synth_3,rel_error_synth_3,rel_gain_synth_4,rel_error_synth_4,rel_gain_synth_5,rel_error_synth_5,rel_gain_synth_6,rel_error_synth_6,rel_gain_synth_7,rel_error_synth_7,rel_gain_synth_8,rel_error_synth_8,rel_gain_synth_9,rel_error_synth_9,rel_gain_synth_10,rel_error_synth_10
27,640,427,0.05,0.0540910200989833,0.42,0.1324677047848866,0.1127291488960514,0.0174296854607298,0.1191633266630372,0.0117481302695308,0.1207208880431501,0.0103727609115067,0.1175779980117057,0.0131480188885467,0.1127291488960514,0.0174296854607298,0.1111019535604944,0.0188665435085856,0.1143544832977553,0.0159944706684345,0.1175779980117057,0.0131480188885467,0.1143544832977553,0.0159944706684345,0.1111019535604944,0.0188665435085856
27,640,427,0.1,0.102818999804089,0.77,0.3201583793234594,0.3179068386539494,0.0017055079941725,0.3181469748395585,0.0015236084665323,0.3181469748395585,0.0015236084665323,0.3176596132259017,0.0018927775157085,0.3181469748395585,0.0015236084665323,0.3181469748395585,0.0015236084665323,0.3176596132259017,0.0018927775157085,0.3176596132259017,0.0018927775157085,0.3176596132259017,0.0018927775157085,0.3183791989292032,0.0013477022318852
27,640,427,0.15,0.1530296025328447,1.26,0.5125422600908132,0.5106687051458731,0.0012386794037923,0.5123960104233176,9.669129342992633e-05,0.5124968117280153,3.0047664780715867e-05,0.5123403655755839,0.0001334802474987,0.5106687051458731,0.0012386794037923,0.5106687051458731,0.0012386794037923,0.5113314495536584,0.0008005135255408,0.5123403655755839,0.0001334802474987,0.5113314495536584,0.0008005135255408,0.5103513350514061,0.0014485050085646
