img_index,width,height,noise_std,noise_std_est,avg_mass_loss,t_diff,max_rel_gain,rel_gain_synth_1,rel_error_synth_1,rel_gain_synth_2,rel_error_synth_2,rel_gain_synth_3,rel_error_synth_3,rel_gain_synth_4,rel_error_synth_4,rel_gain_synth_5,rel_error_synth_5,rel_gain_synth_6,rel_error_synth_6,rel_gain_synth_7,rel_error_synth_7,rel_gain_synth_8,rel_error_synth_8,rel_gain_synth_9,rel_error_synth_9,rel_gain_synth_10,rel_error_synth_10,rel_gain_synth_11,rel_error_synth_11,rel_gain_synth_12,rel_error_synth_12,rel_gain_synth_13,rel_error_synth_13,rel_gain_synth_14,rel_error_synth_14,rel_gain_synth_15,rel_error_synth_15,rel_gain_synth_16,rel_error_synth_16
21,561,315,0.05,0.05154170015726674,5.8946137377509923e-08,0.052000000000000005,0.2270974,0.20308849,0.01956561,0.20529085,0.01777085,0.20086636,0.02137651,0.20308849,0.01956561,0.20086636,0.02137651,0.20308849,0.01956561,0.20086636,0.02137651,0.20308849,0.01956561,0.20086636,0.02137651,0.20086636,0.02137651,0.20086636,0.02137651,0.20086636,0.02137651,0.22097743,0.00498737,0.22589146,0.00098278,0.20308849,0.01956561,0.20529085,0.01777085
21,561,315,0.1,0.10158687910047458,5.8946137377509923e-08,0.113,0.43467587,0.41641533,0.012728,0.41757277,0.01192124,0.41286027,0.01520594,0.4152473,0.01354214,0.41286027,0.01520594,0.41405767,0.01437134,0.41405767,0.01437134,0.4152473,0.01354214,0.41286027,0.01520594,0.41286027,0.01520594,0.41286027,0.01520594,0.41286027,0.01520594,0.43226746,0.00167871,0.43443596,0.00016722,0.41286027,0.01520594,0.41757277,0.01192124
21,561,315,0.15,0.15179541225373427,8.84192060662649e-08,0.183,0.6369944,0.6179859,0.01161185,0.62052375,0.01006152,0.6162506,0.01267192,0.6162506,0.01267192,0.6153727,0.01320819,0.6162506,0.01267192,0.6179859,0.01161185,0.6171224,0.01213932,0.6162506,0.01267192,0.6153727,0.01320819,0.6153727,0.01320819,0.6126918,0.01484589,0.6358755,0.0006835,0.63681763,0.00010798,0.6126918,0.01484589,0.6188421,0.01108881
