img_index,width,height,noise_std,noise_std_est,t_diff,max_rel_gain,rel_gain_synth_1,rel_error_synth_1,rel_gain_synth_2,rel_error_synth_2,rel_gain_synth_3,rel_error_synth_3,rel_gain_synth_4,rel_error_synth_4,rel_gain_synth_5,rel_error_synth_5,rel_gain_synth_6,rel_error_synth_6,rel_gain_synth_7,rel_error_synth_7,rel_gain_synth_8,rel_error_synth_8,rel_gain_synth_9,rel_error_synth_9,rel_gain_synth_10,rel_error_synth_10
21,640,360,0.05,0.0527666666045277,0.34,0.1138319956164926,0.0956762366469919,0.016300267042923,0.1018555052335356,0.0107525106390287,0.1018555052335356,0.0107525106390287,0.0998451206166425,0.0125574368979304,0.093545309231775,0.0182134168030333,0.093545309231775,0.0182134168030333,0.0956762366469919,0.016300267042923,0.0998451206166425,0.0125574368979304,0.0956762366469919,0.016300267042923,0.093545309231775,0.0182134168030333
21,640,360,0.1,0.1018025932586348,0.63,0.2869633996621562,0.2840727947474302,0.0022460661394759,0.2844510759344434,0.001952133004227,0.2840727947474302,0.0022460661394759,0.283679932840773,0.0025513288274127,0.2840727947474302,0.0022460661394759,0.2844510759344434,0.001952133004227,0.283679932840773,0.0025513288274127,0.2840727947474302,0.0022460661394759,0.283679932840773,0.0025513288274127,0.2844510759344434,0.001952133004227
21,640,360,0.15,0.1521325519650273,0.98,0.4694210873631234,0.4685354089605466,0.0006027396844877,0.4693975642060756,1.6008452070106572e-05,0.4693975642060756,1.6008452070106572e-05,0.4693274241566998,6.374156953992847e-05,0.4683877572940919,0.000703222566981,0.4683877572940919,0.000703222566981,0.4688990857848693,0.0003552430155952,0.4692235910201612,0.0001344041845191,0.4688990857848693,0.0003552430155952,0.4682256492720246,0.0008135435794269
