img_index,width,height,noise_std,noise_std_est,avg_mass_loss,t_diff,max_rel_gain,rel_gain_synth_1,rel_error_synth_1,rel_gain_synth_2,rel_error_synth_2,rel_gain_synth_3,rel_error_synth_3,rel_gain_synth_4,rel_error_synth_4,rel_gain_synth_5,rel_error_synth_5,rel_gain_synth_6,rel_error_synth_6,rel_gain_synth_7,rel_error_synth_7,rel_gain_synth_8,rel_error_synth_8,rel_gain_synth_9,rel_error_synth_9,rel_gain_synth_10,rel_error_synth_10,rel_gain_synth_11,rel_error_synth_11,rel_gain_synth_12,rel_error_synth_12,rel_gain_synth_13,rel_error_synth_13,rel_gain_synth_14,rel_error_synth_14,rel_gain_synth_15,rel_error_synth_15,rel_gain_synth_16,rel_error_synth_16
21,561,315,0.05,0.05171493434791061,2.9473068688754962e-08,0.054,0.2266837,0.2012679,0.02071913,0.20335001,0.01902178,0.19917673,0.02242386,0.2012679,0.02071913,0.19917673,0.02242386,0.19917673,0.02242386,0.19917673,0.02242386,0.2012679,0.02071913,0.19917673,0.02242386,0.19917673,0.02242386,0.19917673,0.02242386,0.19917673,0.02242386,0.22026838,0.00522981,0.22518602,0.00122093,0.19917673,0.02242386,0.20335001,0.01902178
21,561,315,0.1,0.10130564545073155,5.8946137377509923e-08,0.122,0.43349576,0.41661134,0.01177849,0.419476,0.00978012,0.4126392,0.01454945,0.41563252,0.01246132,0.4126392,0.01454945,0.41364673,0.0138466,0.4126392,0.01454945,0.41464365,0.01315115,0.41162506,0.01525691,0.41364673,0.0138466,0.4126392,0.01454945,0.41162506,0.01525691,0.43264833,0.00059116,0.4333495,0.00010204,0.41162506,0.01525691,0.41757894,0.01110351
21,561,315,0.15,0.15170635533018934,1.1789227475501985e-07,0.218,0.632445,0.6117697,0.01266524,0.616261,0.00991394,0.604437,0.01715708,0.60979944,0.01387216,0.60510767,0.01674624,0.6071317,0.01550634,0.604437,0.01715708,0.6071317,0.01550634,0.60239923,0.01840537,0.60375506,0.01757482,0.604437,0.01715708,0.60239923,0.01840537,0.6322365,0.00012771,0.632445,0.,0.604437,0.01715708,0.61372197,0.01146932
