img_index,width,height,noise_std,noise_std_est,avg_mass_loss,t_diff,max_rel_gain,rel_gain_synth_1,rel_error_synth_1,rel_gain_synth_2,rel_error_synth_2,rel_gain_synth_3,rel_error_synth_3,rel_gain_synth_4,rel_error_synth_4,rel_gain_synth_5,rel_error_synth_5,rel_gain_synth_6,rel_error_synth_6,rel_gain_synth_7,rel_error_synth_7,rel_gain_synth_8,rel_error_synth_8,rel_gain_synth_9,rel_error_synth_9,rel_gain_synth_10,rel_error_synth_10
21,561,315,0.05,0.05151121584607808,0.00023882567436548657,0.051000000000000004,0.2381884579616405,0.21798039512104558,0.01632066807815534,0.22015233668418605,0.014566539658386349,0.21576050412370698,0.018113521971328494,0.21798039512104558,0.01632066807815534,0.21576050412370698,0.018113521971328494,0.21576050412370698,0.018113521971328494,0.21576050412370698,0.018113521971328494,0.21798039512104558,0.01632066807815534,0.21576050412370698,0.018113521971328494,0.21576050412370698,0.018113521971328494
21,561,315,0.1,0.10150428721315632,0.0005088286689690591,0.111,0.4422399105752541,0.42308316049794364,0.013282637608932581,0.42552106113821186,0.011592280392777165,0.42183735454793536,0.014146436995479409,0.42431058346061007,0.012431584359285036,0.42183735454793536,0.014146436995479409,0.42183735454793536,0.014146436995479409,0.42183735454793536,0.014146436995479409,0.42308316049794364,0.013282637608932581,0.4205748208171235,0.015021834855124186,0.42183735454793536,0.014146436995479409
21,561,315,0.15,0.1515751038898242,0.000770940282446082,0.17500000000000002,0.6386959673214269,0.6198460858736606,0.011502976649523156,0.6225780335798257,0.009835829258765534,0.6170099477850176,0.013233705317440102,0.6198460858736606,0.011502976649523156,0.6170099477850176,0.013233705317440102,0.6179659916005988,0.01265028787171102,0.6170099477850176,0.013233705317440102,0.6189104430472726,0.012073944568555437,0.6160456477630232,0.013822161041518493,0.6160456477630232,0.013822161041518493
