img_index,width,height,noise_std,noise_std_est,avg_mass_loss,t_diff,max_rel_gain,rel_gain_synth_1,rel_error_synth_1,rel_gain_synth_2,rel_error_synth_2,rel_gain_synth_3,rel_error_synth_3,rel_gain_synth_4,rel_error_synth_4,rel_gain_synth_5,rel_error_synth_5,rel_gain_synth_6,rel_error_synth_6,rel_gain_synth_7,rel_error_synth_7,rel_gain_synth_8,rel_error_synth_8,rel_gain_synth_9,rel_error_synth_9,rel_gain_synth_10,rel_error_synth_10,rel_gain_synth_11,rel_error_synth_11,rel_gain_synth_12,rel_error_synth_12,rel_gain_synth_13,rel_error_synth_13,rel_gain_synth_14,rel_error_synth_14,rel_gain_synth_15,rel_error_synth_15,rel_gain_synth_16,rel_error_synth_16
15,390,510,0.05,0.0517423186561913,2.6185687950393833e-08,0.063,0.26218823,0.23165867,0.02418779,0.23165867,0.02418779,0.22586247,0.02877997,0.22972438,0.02572028,0.22779284,0.02725058,0.22972438,0.02572028,0.22779284,0.02725058,0.22779284,0.02725058,0.22779284,0.02725058,0.22972438,0.02572028,0.22779284,0.02725058,0.22972438,0.02572028,0.25505286,0.00565315,0.2599755,0.00175309,0.22779284,0.02725058,0.23165867,0.02418779
15,390,510,0.1,0.10155672436143963,5.2371375900787666e-08,0.14400000000000002,0.506243,0.47708678,0.01935692,0.47913522,0.01799696,0.4688406,0.02483158,0.47503114,0.02072166,0.47090587,0.02346043,0.47296852,0.02209104,0.46986395,0.02415217,0.47296852,0.02209104,0.4688406,0.02483158,0.47192678,0.02278265,0.47090587,0.02346043,0.4688406,0.02483158,0.5039419,0.00152771,0.50617284,4.65723e-05,0.46986395,0.02415217,0.47708678,0.01935692
15,390,510,0.15,0.1517775551232338,5.2371375900787666e-08,0.267,0.7340285,0.6927869,0.0237837,0.6955474,0.02219175,0.679222,0.03160647,0.6893479,0.02576694,0.68055737,0.03083636,0.6859455,0.02772908,0.68055737,0.03083636,0.68526214,0.02812315,0.6772279,0.03275645,0.6798836,0.03122493,0.679222,0.03160647,0.6785519,0.03199291,0.73255646,0.00084891,0.73387367,8.928174e-05,0.68055737,0.03083636,0.6927869,0.0237837
