img_index,width,height,noise_std,noise_std_est,t_diff,max_rel_gain,rel_gain_synth_1,rel_error_synth_1,rel_gain_synth_2,rel_error_synth_2,rel_gain_synth_3,rel_error_synth_3,rel_gain_synth_4,rel_error_synth_4,rel_gain_synth_5,rel_error_synth_5,rel_gain_synth_6,rel_error_synth_6,rel_gain_synth_7,rel_error_synth_7,rel_gain_synth_8,rel_error_synth_8,rel_gain_synth_9,rel_error_synth_9,rel_gain_synth_10,rel_error_synth_10
15,550,720,0.05,0.0525977676548155,0.67,0.2084327710769979,0.2034465396929974,0.0041261967594246,0.2067261764209991,0.0014122379803369,0.2075514050305047,0.0007293463629819,0.2064116806351368,0.0016724889379322,0.203847717574849,0.0037942147977851,0.203847717574849,0.0037942147977851,0.2046300067789264,0.0031468563159557,0.2070224509223484,0.0011670654656216,0.2046300067789264,0.0031468563159557,0.2026289472116233,0.0048027693424781
15,550,720,0.1,0.1017195991817934,1.46,0.4436784047892099,0.4429071269439935,0.0005342449140042,0.4436534593969563,1.7279050632703652e-05,0.4432738353165081,0.0002802351765875,0.4436534593969563,1.7279050632703652e-05,0.4429768242327171,0.0004859673415944,0.4429071269439935,0.0005342449140042,0.4433237555402706,0.0002456566834849,0.4433707669088524,0.0002130930817673,0.4434149696918132,0.0001824749172134,0.4427564275420195,0.0006386306286302
15,550,720,0.15,0.1515896855365647,50.0,0.6517803767091657,0.644199350653877,0.0045896089832428,0.6515738398375229,0.0001250389425585,0.6515738398375229,0.0001250389425585,0.6516919343253735,5.3543670235595504e-05,0.6443354994795412,0.0045071834818965,0.6437750337693728,0.0048464935488226,0.6468577858899126,0.002980172720698,0.6517482144323963,1.9471279125743485e-05,0.6466783337037327,0.0030888143952876,0.642516603055554,0.0056083567671797
