img_index,width,height,noise_std,noise_std_est,avg_mass_loss,t_diff,max_rel_gain,rel_gain_synth_1,rel_error_synth_1,rel_gain_synth_2,rel_error_synth_2,rel_gain_synth_3,rel_error_synth_3,rel_gain_synth_4,rel_error_synth_4,rel_gain_synth_5,rel_error_synth_5,rel_gain_synth_6,rel_error_synth_6,rel_gain_synth_7,rel_error_synth_7,rel_gain_synth_8,rel_error_synth_8,rel_gain_synth_9,rel_error_synth_9,rel_gain_synth_10,rel_error_synth_10
15,390,510,0.05,0.05162442398237222,0.00025339395957780223,0.059000000000000004,0.27400094640189965,0.24468749466404902,0.02300897171280699,0.24888646962171382,0.019713075450309085,0.2425764598388361,0.024665983688484872,0.24679298117666246,0.0213563147673315,0.24468749466404902,0.02300897171280699,0.24468749466404902,0.02300897171280699,0.2425764598388361,0.024665983688484872,0.24468749466404902,0.02300897171280699,0.2425764598388361,0.024665983688484872,0.24468749466404902,0.02300897171280699
15,390,510,0.1,0.10176343463209327,0.0005402741310859306,0.13,0.515885076350044,0.4831602143651271,0.021587957092177427,0.48696114761726833,0.01908055510541659,0.47932860875503996,0.024115593038902948,0.484433916554873,0.020747720447845074,0.47932860875503996,0.024115593038902948,0.48188816342702695,0.022427104437808036,0.47932860875503996,0.024115593038902948,0.48188816342702695,0.022427104437808036,0.47932860875503996,0.024115593038902948,0.48060865746862225,0.023271169715820723
15,390,510,0.15,0.1516054264906286,0.0008097387624364812,0.203,0.7429226802257265,0.7125212025963661,0.01744281486165709,0.7153867088547505,0.0157987337495716,0.7066661761498861,0.020802129943678766,0.7125212025963661,0.01744281486165709,0.7076441377369446,0.0202410255423454,0.7096014239247248,0.019118034712065555,0.7076441377369446,0.0202410255423454,0.7096014239247248,0.019118034712065555,0.7046890942676526,0.021936478532210212,0.7066661761498861,0.020802129943678766
