img_index,width,height,noise_std,noise_std_est,avg_mass_loss,t_diff,max_rel_gain,rel_gain_synth_1,rel_error_synth_1,rel_gain_synth_2,rel_error_synth_2,rel_gain_synth_3,rel_error_synth_3,rel_gain_synth_4,rel_error_synth_4,rel_gain_synth_5,rel_error_synth_5,rel_gain_synth_6,rel_error_synth_6,rel_gain_synth_7,rel_error_synth_7,rel_gain_synth_8,rel_error_synth_8,rel_gain_synth_9,rel_error_synth_9,rel_gain_synth_10,rel_error_synth_10,rel_gain_synth_11,rel_error_synth_11,rel_gain_synth_12,rel_error_synth_12,rel_gain_synth_13,rel_error_synth_13,rel_gain_synth_14,rel_error_synth_14,rel_gain_synth_15,rel_error_synth_15,rel_gain_synth_16,rel_error_synth_16
15,390,510,0.05,0.05158101978664425,2.6185687950393833e-08,0.059000000000000004,0.2623531,0.23216209,0.02391644,0.23422791,0.02227995,0.23008293,0.02556349,0.23216209,0.02391644,0.23008293,0.02556349,0.23216209,0.02391644,0.23008293,0.02556349,0.23008293,0.02556349,0.23008293,0.02556349,0.23008293,0.02556349,0.23008293,0.02556349,0.23008293,0.02556349,0.25512776,0.00572369,0.2611432,0.00095843,0.23216209,0.02391644,0.23422791,0.02227995
15,390,510,0.1,0.10165529918140281,2.6185687950393833e-08,0.131,0.50629956,0.475943,0.02015307,0.47836325,0.01854631,0.47105208,0.02340004,0.47471762,0.02096657,0.47227168,0.02259037,0.47350302,0.02177291,0.47227168,0.02259037,0.47227168,0.02259037,0.47227168,0.02259037,0.47227168,0.02259037,0.47105208,0.02340004,0.47105208,0.02340004,0.5028295,0.00230369,0.50604296,0.00017033,0.47105208,0.02340004,0.47714704,0.01935372
15,390,510,0.15,0.1514951279177426,5.2371375900787666e-08,0.212,0.73855543,0.7076647,0.01776803,0.71038413,0.01620387,0.704914,0.01935026,0.704914,0.01935026,0.7067486,0.01829498,0.7039959,0.01987833,0.7085723,0.01724598,0.7039959,0.01987833,0.7094811,0.01672328,0.704914,0.01935026,0.7039959,0.01987833,0.6984376,0.02307542,0.7370576,0.00086154,0.73808986,0.00026781,0.6984376,0.02307542,0.7085723,0.01724598
