img_index,width,height,noise_std,noise_std_est,avg_mass_loss,t_diff,max_rel_gain,rel_gain_synth_1,rel_error_synth_1,rel_gain_synth_2,rel_error_synth_2,rel_gain_synth_3,rel_error_synth_3,rel_gain_synth_4,rel_error_synth_4,rel_gain_synth_5,rel_error_synth_5,rel_gain_synth_6,rel_error_synth_6,rel_gain_synth_7,rel_error_synth_7,rel_gain_synth_8,rel_error_synth_8,rel_gain_synth_9,rel_error_synth_9,rel_gain_synth_10,rel_error_synth_10,rel_gain_synth_11,rel_error_synth_11,rel_gain_synth_12,rel_error_synth_12,rel_gain_synth_13,rel_error_synth_13,rel_gain_synth_14,rel_error_synth_14,rel_gain_synth_15,rel_error_synth_15,rel_gain_synth_16,rel_error_synth_16
63,640,388,0.05,0.05217820088203964,8.389712199312715e-08,0.053,0.2303365,0.19942968,0.02512063,0.20198236,0.02304584,0.19686626,0.02720414,0.19942968,0.02512063,0.19942968,0.02512063,0.19942968,0.02512063,0.19942968,0.02512063,0.19942968,0.02512063,0.19942968,0.02512063,0.19942968,0.02512063,0.19942968,0.02512063,0.19942968,0.02512063,0.22077708,0.00776977,0.22608289,0.00345728,0.19942968,0.02512063,0.20198236,0.02304584
63,640,388,0.1,0.10185421201213075,8.389712199312715e-08,0.114,0.422411,0.40488294,0.01232278,0.40806383,0.0100865,0.40157953,0.01464517,0.40379357,0.01308864,0.40269086,0.01386387,0.40269086,0.01386387,0.40269086,0.01386387,0.40269086,0.01386387,0.40269086,0.01386387,0.40269086,0.01386387,0.40269086,0.01386387,0.40157953,0.01464517,0.41985914,0.00179403,0.4221965,0.00015079,0.40157953,0.01464517,0.40701953,0.01082068
63,640,388,0.15,0.15166888913237866,1.2584568298969072e-07,0.196,0.61704266,0.6034606,0.00839932,0.60754865,0.00587124,0.6003354,0.010332,0.6028471,0.00877875,0.60097253,0.009938,0.60160226,0.00954855,0.60160226,0.00954855,0.60160226,0.00954855,0.59905005,0.01112689,0.60097253,0.009938,0.5984035,0.01152672,0.59969705,0.01072678,0.6169313,6.888945e-05,0.61704266,0.,0.59969705,0.01072678,0.6058447,0.00692499
