img_index,width,height,noise_std,noise_std_est,t_diff,max_rel_gain,rel_gain_synth_1,rel_error_synth_1,rel_gain_synth_2,rel_error_synth_2,rel_gain_synth_3,rel_error_synth_3,rel_gain_synth_4,rel_error_synth_4,rel_gain_synth_5,rel_error_synth_5,rel_gain_synth_6,rel_error_synth_6,rel_gain_synth_7,rel_error_synth_7,rel_gain_synth_8,rel_error_synth_8,rel_gain_synth_9,rel_error_synth_9,rel_gain_synth_10,rel_error_synth_10
63,640,388,0.05,0.0521377152094912,0.35,0.1226755942985548,0.1032794541156694,0.0172767095689865,0.1115195077660842,0.0099370526883511,0.1115195077660842,0.0099370526883511,0.1095442300493281,0.0116964903449523,0.1032794541156694,0.0172767095689865,0.1032794541156694,0.0172767095689865,0.1054101129535813,0.0153788694015041,0.107502758165568,0.0135148890828671,0.1054101129535813,0.0153788694015041,0.1032794541156694,0.0172767095689865
63,640,388,0.1,0.1018644202487554,0.65,0.2976164607039988,0.2931729563124482,0.0034243588349209,0.2931729563124482,0.0034243588349209,0.2931729563124482,0.0034243588349209,0.2926712457924501,0.0038109989055362,0.2931729563124482,0.0034243588349209,0.293660906840256,0.0030483228161245,0.2926712457924501,0.0038109989055362,0.2926712457924501,0.0038109989055362,0.2926712457924501,0.0038109989055362,0.293660906840256,0.0030483228161245
63,640,388,0.15,0.1522230893825523,0.98,0.4756257817668939,0.4754310070268356,0.0001319946713217,0.475565486328929,4.086092741801028e-05,0.475565486328929,4.086092741801028e-05,0.475592388345202,2.263000694653627e-05,0.4753572616946176,0.0001819703041205,0.4753572616946176,0.0001819703041205,0.4755403269120749,5.791092557131442e-05,0.4756117254881284,9.525639182438426e-06,0.4755403269120749,5.791092557131442e-05,0.4752697530531947,0.0002412730369029
