img_index,width,height,noise_std,noise_std_est,avg_mass_loss,t_diff,max_rel_gain,rel_gain_synth_1,rel_error_synth_1,rel_gain_synth_2,rel_error_synth_2,rel_gain_synth_3,rel_error_synth_3,rel_gain_synth_4,rel_error_synth_4,rel_gain_synth_5,rel_error_synth_5,rel_gain_synth_6,rel_error_synth_6,rel_gain_synth_7,rel_error_synth_7,rel_gain_synth_8,rel_error_synth_8,rel_gain_synth_9,rel_error_synth_9,rel_gain_synth_10,rel_error_synth_10,rel_gain_synth_11,rel_error_synth_11,rel_gain_synth_12,rel_error_synth_12,rel_gain_synth_13,rel_error_synth_13,rel_gain_synth_14,rel_error_synth_14,rel_gain_synth_15,rel_error_synth_15,rel_gain_synth_16,rel_error_synth_16
63,640,388,0.05,0.05200603785786416,8.389712199312715e-08,0.051000000000000004,0.22964467,0.19983585,0.02424181,0.20254488,0.02203871,0.19711559,0.02645405,0.19983585,0.02424181,0.19711559,0.02645405,0.19711559,0.02645405,0.19983585,0.02424181,0.19711559,0.02645405,0.19711559,0.02645405,0.19983585,0.02424181,0.19711559,0.02645405,0.19983585,0.02424181,0.21986537,0.00795294,0.22543898,0.00342024,0.19983585,0.02424181,0.20254488,0.02203871
63,640,388,0.1,0.10191511322493942,4.194856099656358e-08,0.105,0.42273206,0.4051467,0.01236028,0.40763262,0.01061299,0.40387335,0.01325528,0.4051467,0.01236028,0.40387335,0.01325528,0.40387335,0.01325528,0.4051467,0.01236028,0.40387335,0.01325528,0.40387335,0.01325528,0.40387335,0.01325528,0.40387335,0.01325528,0.40387335,0.01325528,0.41889045,0.00270017,0.42273206,0.,0.40387335,0.01325528,0.40763262,0.01061299
63,640,388,0.15,0.15203736718007813,1.2584568298969072e-07,0.169,0.6118767,0.5980399,0.00858426,0.600358,0.00714616,0.5995985,0.00761732,0.5972414,0.00907968,0.5988253,0.00809704,0.5980399,0.00858426,0.6011032,0.00668385,0.5988253,0.00809704,0.5995985,0.00761732,0.5980399,0.00858426,0.5980399,0.00858426,0.5956099,0.01009186,0.6105706,0.00081029,0.6118767,0.,0.5956099,0.01009186,0.5995985,0.00761732
