img_index,width,height,noise_std,noise_std_est,avg_mass_loss,t_diff,max_rel_gain,rel_gain_synth_1,rel_error_synth_1,rel_gain_synth_2,rel_error_synth_2,rel_gain_synth_3,rel_error_synth_3,rel_gain_synth_4,rel_error_synth_4,rel_gain_synth_5,rel_error_synth_5,rel_gain_synth_6,rel_error_synth_6,rel_gain_synth_7,rel_error_synth_7,rel_gain_synth_8,rel_error_synth_8,rel_gain_synth_9,rel_error_synth_9,rel_gain_synth_10,rel_error_synth_10
63,640,388,0.05,0.05221094896142965,0.00020196595544067097,0.051000000000000004,0.24233592627205255,0.21377473327447838,0.022989911499443932,0.21656566941425562,0.020743388573754934,0.21095344852573247,0.02526086309078354,0.21377473327447838,0.022989911499443932,0.21377473327447838,0.022989911499443932,0.21377473327447838,0.022989911499443932,0.21377473327447838,0.022989911499443932,0.21377473327447838,0.022989911499443932,0.21377473327447838,0.022989911499443932,0.21377473327447838,0.022989911499443932
63,640,388,0.1,0.10175867172923235,0.0004033312494747909,0.10300000000000001,0.428308101797398,0.4088152199889026,0.013647532898514926,0.411521601034615,0.011752716897466792,0.4088152199889026,0.013647532898514926,0.4088152199889026,0.013647532898514926,0.4088152199889026,0.013647532898514926,0.4088152199889026,0.013647532898514926,0.4088152199889026,0.013647532898514926,0.4088152199889026,0.013647532898514926,0.4088152199889026,0.013647532898514926,0.41018146213590395,0.012690987076726171
63,640,388,0.15,0.1521217756784796,0.000634266771767075,0.166,0.616732859960904,0.6005381308536761,0.010016948073672193,0.6039446894602243,0.007909884692384501,0.5987611617390816,0.011116059224686668,0.6005381308536761,0.010016948073672193,0.5996560024220735,0.010562572186009415,0.5996560024220735,0.010562572186009415,0.5996560024220735,0.010562572186009415,0.5996560024220735,0.010562572186009415,0.5996560024220735,0.010562572186009415,0.6005381308536761,0.010016948073672193
