img_index,width,height,noise_std,noise_std_est,avg_mass_loss,t_diff,max_rel_gain,rel_gain_synth_1,rel_error_synth_1,rel_gain_synth_2,rel_error_synth_2,rel_gain_synth_3,rel_error_synth_3,rel_gain_synth_4,rel_error_synth_4,rel_gain_synth_5,rel_error_synth_5,rel_gain_synth_6,rel_error_synth_6,rel_gain_synth_7,rel_error_synth_7,rel_gain_synth_8,rel_error_synth_8,rel_gain_synth_9,rel_error_synth_9,rel_gain_synth_10,rel_error_synth_10
10,480,640,0.05,0.05348413832820828,0.0001636662082172001,0.048,0.1667527700879603,0.12795945186977015,0.03324896174471098,0.12795945186977015,0.03324896174471098,0.12795945186977015,0.03324896174471098,0.12795945186977015,0.03324896174471098,0.12795945186977015,0.03324896174471098,0.12795945186977015,0.03324896174471098,0.12795945186977015,0.03324896174471098,0.12795945186977015,0.03324896174471098,0.12493031507451358,0.035845173104061955,0.12493031507451358,0.035845173104061955
10,480,640,0.1,0.10240253269595523,0.00031731094383341465,0.097,0.34286748551433216,0.32271782624061646,0.015004949848791771,0.32271782624061646,0.015004949848791771,0.3214457676623513,0.01595222021760109,0.32271782624061646,0.015004949848791771,0.3214457676623513,0.01595222021760109,0.32271782624061646,0.015004949848791771,0.32271782624061646,0.015004949848791771,0.32271782624061646,0.015004949848791771,0.3214457676623513,0.01595222021760109,0.3214457676623513,0.01595222021760109
10,480,640,0.15,0.15225461792510858,0.0004902968712755436,0.156,0.5333708769270594,0.5215652484096835,0.007699134433174371,0.5208942881318706,0.00813670650912095,0.5208942881318706,0.00813670650912095,0.5215652484096835,0.007699134433174371,0.5208942881318706,0.00813670650912095,0.5215652484096835,0.007699134433174371,0.5208942881318706,0.00813670650912095,0.5222234547937334,0.007269879910374872,0.5208942881318706,0.00813670650912095,0.5208942881318706,0.00813670650912095
