img_index,width,height,noise_std,noise_std_est,t_diff,max_rel_gain,rel_gain_synth_1,rel_error_synth_1,rel_gain_synth_2,rel_error_synth_2,rel_gain_synth_3,rel_error_synth_3,rel_gain_synth_4,rel_error_synth_4,rel_gain_synth_5,rel_error_synth_5,rel_gain_synth_6,rel_error_synth_6,rel_gain_synth_7,rel_error_synth_7,rel_gain_synth_8,rel_error_synth_8,rel_gain_synth_9,rel_error_synth_9,rel_gain_synth_10,rel_error_synth_10
10,480,640,0.05,0.0534057147385685,0.37,0.1233386181648989,0.1035891695379214,0.0175810288256985,0.1091676482726453,0.0126150473802845,0.1109682073399822,0.0110121833478182,0.1073306828657496,0.0142503204646343,0.1035891695379214,0.0175810288256985,0.1035891695379214,0.0175810288256985,0.105468074641157,0.0159084208757422,0.1109682073399822,0.0110121833478182,0.105468074641157,0.0159084208757422,0.1035891695379214,0.0175810288256985
10,480,640,0.1,0.1025976348431144,0.6900000000000001,0.3042993541328044,0.3023744072080778,0.001475847487486,0.3018124955991626,0.0019066623975254,0.3020984711623953,0.0016874063177562,0.3018124955991626,0.0019066623975254,0.3020984711623953,0.0016874063177562,0.3020984711623953,0.0016874063177562,0.3020984711623953,0.0016874063177562,0.3020984711623953,0.0016874063177562,0.3018124955991626,0.0019066623975254,0.3023744072080778,0.001475847487486
10,480,640,0.15,0.1521669582623581,1.04,0.4923379002063578,0.4901668698849519,0.0014547846845582,0.4920974525295679,0.0001611214703832,0.4922211568941723,7.822847102482561e-05,0.4918277949531748,0.0003418161886208,0.4901668698849519,0.0014547846845582,0.4903938214477354,0.0013027068188468,0.4908128088361891,0.0010219477572457,0.4919664500931346,0.0002489048312529,0.4908128088361891,0.0010219477572457,0.4899274918796684,0.001615189379266
