img_index,width,height,noise_std,noise_std_est,avg_mass_loss,t_diff,psnr_start,max_rel_gain,rel_gain_synth_1,rel_error_synth_1
10,480,640,0.05,0.0533714578931244,0.000238588569074,0.146,26.025349651906147,0.1493664971724315,0.11154597481548,0.0329055374852096
10,480,640,0.1,0.1023566415814351,0.000429916122816,0.302,20.00334593300967,0.3270642855950668,0.3086561588674319,0.0138713149976608
10,480,640,0.15,0.1524176596173286,0.0006149945756302,0.503,16.483155697785023,0.5182584341308466,0.5125809994426243,0.0037394389259378
