img_index,width,height,noise_std,noise_std_est,avg_mass_loss,t_diff,max_rel_gain,rel_gain_synth_1,rel_error_synth_1,rel_gain_synth_2,rel_error_synth_2,rel_gain_synth_3,rel_error_synth_3,rel_gain_synth_4,rel_error_synth_4,rel_gain_synth_5,rel_error_synth_5,rel_gain_synth_6,rel_error_synth_6,rel_gain_synth_7,rel_error_synth_7,rel_gain_synth_8,rel_error_synth_8,rel_gain_synth_9,rel_error_synth_9,rel_gain_synth_10,rel_error_synth_10,rel_gain_synth_11,rel_error_synth_11,rel_gain_synth_12,rel_error_synth_12,rel_gain_synth_13,rel_error_synth_13,rel_gain_synth_14,rel_error_synth_14,rel_gain_synth_15,rel_error_synth_15,rel_gain_synth_16,rel_error_synth_16
10,480,640,0.05,0.053399437069216,1.0172526041666667e-07,0.049,0.15596835,0.1162798,0.03433361,0.1162798,0.03433361,0.11350036,0.03673803,0.1162798,0.03433361,0.11350036,0.03673803,0.1162798,0.03433361,0.11350036,0.03673803,0.1162798,0.03433361,0.11350036,0.03673803,0.1162798,0.03433361,0.1162798,0.03433361,0.1162798,0.03433361,0.12740356,0.02471071,0.13807459,0.01547947,0.1162798,0.03433361,0.11350036,0.03673803
10,480,640,0.1,0.10213062668018956,6.781684027777778e-08,0.10400000000000001,0.33379444,0.31509522,0.01401957,0.31509522,0.01401957,0.3140679,0.01478979,0.31509522,0.01401957,0.3140679,0.01478979,0.31509522,0.01401957,0.3140679,0.01478979,0.31509522,0.01401957,0.3140679,0.01478979,0.3140679,0.01478979,0.3140679,0.01478979,0.3140679,0.01478979,0.32294196,0.00813655,0.32946616,0.00324509,0.3140679,0.01478979,0.3140679,0.01478979
10,480,640,0.15,0.15229593170435934,6.781684027777778e-08,0.189,0.5257259,0.5119428,0.0090338,0.5109393,0.00969151,0.50992596,0.01035569,0.5114456,0.00935968,0.50992596,0.01035569,0.5114456,0.00935968,0.50992596,0.01035569,0.5114456,0.00935968,0.5089058,0.01102432,0.5094206,0.01068691,0.5089058,0.01102432,0.50992596,0.01035569,0.5205785,0.00337374,0.5233362,0.00156629,0.50992596,0.01035569,0.50992596,0.01035569
