img_index,width,height,noise_std,noise_std_est,avg_mass_loss,t_diff,max_rel_gain,rel_gain_synth_1,rel_error_synth_1,rel_gain_synth_2,rel_error_synth_2,rel_gain_synth_3,rel_error_synth_3,rel_gain_synth_4,rel_error_synth_4,rel_gain_synth_5,rel_error_synth_5,rel_gain_synth_6,rel_error_synth_6,rel_gain_synth_7,rel_error_synth_7,rel_gain_synth_8,rel_error_synth_8,rel_gain_synth_9,rel_error_synth_9,rel_gain_synth_10,rel_error_synth_10,rel_gain_synth_11,rel_error_synth_11,rel_gain_synth_12,rel_error_synth_12,rel_gain_synth_13,rel_error_synth_13,rel_gain_synth_14,rel_error_synth_14,rel_gain_synth_15,rel_error_synth_15,rel_gain_synth_16,rel_error_synth_16
10,480,640,0.05,0.053295038422565874,6.781684027777778e-08,0.047,0.1548922,0.11452793,0.03495069,0.11452793,0.03495069,0.11452793,0.03495069,0.11452793,0.03495069,0.11452793,0.03495069,0.11452793,0.03495069,0.11452793,0.03495069,0.11452793,0.03495069,0.11452793,0.03495069,0.11452793,0.03495069,0.11452793,0.03495069,0.11452793,0.03495069,0.12333854,0.02732174,0.13738012,0.01516339,0.11452793,0.03495069,0.11452793,0.03495069
10,480,640,0.1,0.10263122878382462,6.781684027777778e-08,0.099,0.33514115,0.31465918,0.01534069,0.31345737,0.01624081,0.31345737,0.01624081,0.31465918,0.01534069,0.31465918,0.01534069,0.31465918,0.01534069,0.31465918,0.01534069,0.31465918,0.01534069,0.31465918,0.01534069,0.31345737,0.01624081,0.31345737,0.01624081,0.31345737,0.01624081,0.3216223,0.0101254,0.33118555,0.00296267,0.31345737,0.01624081,0.31345737,0.01624081
10,480,640,0.15,0.15204332709675958,6.781684027777778e-08,0.159,0.5251995,0.51564556,0.00626404,0.51564556,0.00626404,0.51677066,0.00552634,0.5150732,0.0066393,0.51677066,0.00552634,0.51564556,0.00626404,0.5173223,0.00516465,0.51621526,0.00589051,0.5173223,0.00516465,0.51564556,0.00626404,0.51621526,0.00589051,0.51448643,0.00702399,0.5208151,0.00287462,0.5245421,0.000431,0.51448643,0.00702399,0.5150732,0.0066393
