img_index,width,height,noise_std,noise_std_est,avg_mass_loss,t_diff,max_rel_gain,rel_gain_synth_2,rel_error_synth_2,rel_gain_synth_3,rel_error_synth_3,rel_gain_synth_4,rel_error_synth_4,rel_gain_synth_8,rel_error_synth_8
10,480,640,0.05,0.053514870570202176,0.0002670509362776051,0.34400000000000003,0.12224556802411005,0.11200214297248938,0.00912761461794483,0.11299457011681316,0.00824329199498174,0.11200214297248938,0.00912761461794483,0.11274787421490073,0.008463115453359722
10,480,640,0.1,0.10247237287547332,0.00042885162029203156,0.746,0.3008365499883634,0.3001645203376868,0.0005166134443890133,0.30030358361803433,0.0004097104823306561,0.30000361539790094,0.0006403068782699542,0.3001228853326155,0.0005486197752933018
10,480,640,0.15,0.15225057234009445,0.0006336785345329569,6.235,0.47522919777034645,0.46162098271146956,0.009224475138808419,0.462665529830639,0.008516417624255304,0.46094399962681665,0.009683375413881702,0.46162098271146956,0.009224475138808419
