img_index,width,height,noise_std,noise_std_est,avg_mass_loss,t_diff,psnr_start,max_rel_gain,rel_gain_synth_2,rel_error_synth_2,rel_gain_synth_3,rel_error_synth_3,rel_gain_synth_4,rel_error_synth_4,rel_gain_synth_8,rel_error_synth_8
10,480,640,0.05,0.0535148705702021,0.0002670509362776,0.344,26.014186283735402,0.12224556802411,0.1120021429724893,0.0091276146179448,0.1129945701168131,0.0082432919949817,0.1120021429724893,0.0091276146179448,0.1127478742149007,0.0084631154533597
10,480,640,0.1,0.1024723728754733,0.000428851620292,0.746,20.002408490121603,0.3008365499883634,0.3001645203376868,0.000516613444389,0.3003035836180343,0.0004097104823306,0.3000036153979009,0.0006403068782699,0.3001228853326155,0.0005486197752933
10,480,640,0.15,0.1522505723400944,0.0006336785345329,6.235,16.480065463902946,0.4752291977703464,0.4616209827114695,0.0092244751388084,0.462665529830639,0.0085164176242553,0.4609439996268166,0.0096833754138817,0.4616209827114695,0.0092244751388084
