energy,prior,fidelity,mass,psnr,ssim_indices
2947.4445117347236,2947.4445117347236,0.0,0.0,26.00431999189709,0.7699647542689778
1780.5306406085865,1714.4250408148832,66.10559979370332,-39.10635720072605,28.0843197653412,0.8310264366236148
1397.8543733619067,1237.6651021262078,160.18927123569898,-74.36361146729905,28.164112345034958,0.8496602293360337
1240.6776350951584,1001.6230934633496,239.05454163180877,-106.13654271455016,27.63957630802175,0.8516293988187301
1165.882823494863,864.7243930463596,301.15843044850334,-134.75785595142224,27.070098889923063,0.8475421308757344
1127.0950754975229,776.8566985365633,350.23837696095967,-160.53086165901914,26.578944433827903,0.8415108320371644
