img_index,width,height,noise_std,noise_std_est,avg_mass_loss,t_diff,max_rel_gain,rel_gain_synth_1,rel_error_synth_1,rel_gain_synth_2,rel_error_synth_2,rel_gain_synth_3,rel_error_synth_3,rel_gain_synth_4,rel_error_synth_4,rel_gain_synth_5,rel_error_synth_5,rel_gain_synth_6,rel_error_synth_6,rel_gain_synth_7,rel_error_synth_7,rel_gain_synth_8,rel_error_synth_8,rel_gain_synth_9,rel_error_synth_9,rel_gain_synth_10,rel_error_synth_10,rel_gain_synth_11,rel_error_synth_11,rel_gain_synth_12,rel_error_synth_12,rel_gain_synth_13,rel_error_synth_13,rel_gain_synth_14,rel_error_synth_14,rel_gain_synth_15,rel_error_synth_15,rel_gain_synth_16,rel_error_synth_16
73,206,310,0.05,0.06292271383764371,4.0779308904896127e-08,0.062,0.1099685,0.0030922,0.09628769,2.9270333e-05,0.0990999,0.0031036,0.10186964,2.9270333e-05,0.0990999,0.0031036,0.10186964,2.9270333e-05,0.0990999,0.0031036,0.10186964,2.9270333e-05,0.0990999,0.0031036,0.10186964,0.0031036,0.10186964,2.9270333e-05,0.0990999,0.0031036,0.10186964,0.0261607,0.07550465,0.04019979,0.06285647,2.9270333e-05,0.0990999,2.9270333e-05,0.0990999
73,206,310,0.1,0.10878345759151078,4.0779308904896127e-08,0.111,0.2393627,0.17974104,0.04810671,0.17974104,0.04810671,0.1765958,0.05064449,0.17974104,0.04810671,0.17503679,0.05190241,0.17974104,0.04810671,0.17503679,0.05190241,0.17974104,0.04810671,0.17503679,0.05190241,0.1765958,0.05064449,0.1765958,0.05064449,0.1765958,0.05064449,0.1991238,0.03246741,0.20882882,0.02463676,0.1765958,0.05064449,0.17974104,0.04810671
73,206,310,0.15,0.1564541971739029,4.0779308904896127e-08,0.178,0.38159415,0.34370708,0.02742271,0.3428687,0.02802955,0.33875564,0.03100658,0.3428687,0.02802955,0.33793423,0.03160112,0.34204692,0.02862434,0.33793423,0.03160112,0.34204692,0.02862434,0.33793423,0.03160112,0.33956888,0.03041794,0.33956888,0.03041794,0.33875564,0.03100658,0.36119467,0.01476517,0.36518446,0.01187735,0.33875564,0.03100658,0.34204692,0.02862434
