img_index,width,height,noise_std,noise_std_est,t_diff,max_rel_gain,rel_gain_synth_1,rel_error_synth_1,rel_gain_synth_2,rel_error_synth_2,rel_gain_synth_3,rel_error_synth_3,rel_gain_synth_4,rel_error_synth_4,rel_gain_synth_5,rel_error_synth_5,rel_gain_synth_6,rel_error_synth_6,rel_gain_synth_7,rel_error_synth_7,rel_gain_synth_8,rel_error_synth_8,rel_gain_synth_9,rel_error_synth_9,rel_gain_synth_10,rel_error_synth_10
73,427,640,0.05,0.0568100059885115,0.3,0.0859946394154719,0.0466846761090617,0.0361971982914837,0.0538609906247803,0.0295891412576283,0.0574285022172066,0.0263041235761907,0.0538609906247803,0.0295891412576283,0.0466846761090617,0.0361971982914837,0.0466846761090617,0.0361971982914837,0.0502737249953399,0.0328923487498598,0.0538609906247803,0.0295891412576283,0.0502737249953399,0.0328923487498598,0.0466846761090617,0.0361971982914837
73,427,640,0.1,0.1045197353538582,0.52,0.2320127130889024,0.2157205408965213,0.0132240292809425,0.2157205408965213,0.0132240292809425,0.2157205408965213,0.0132240292809425,0.2157205408965213,0.0132240292809425,0.2157205408965213,0.0132240292809425,0.2157205408965213,0.0132240292809425,0.2157205408965213,0.0132240292809425,0.2157205408965213,0.0132240292809425,0.2157205408965213,0.0132240292809425,0.2157205408965213,0.0132240292809425
73,427,640,0.15,0.1541327175750025,0.75,0.3862582643901753,0.3823676919846445,0.0028065278350151,0.3804418105057856,0.0041957938385661,0.379933441079063,0.0045625144127776,0.3804418105057856,0.0041957938385661,0.3823676919846445,0.0028065278350151,0.3819050849616066,0.0031402369532373,0.3814289417351146,0.0034837106325098,0.379933441079063,0.0045625144127776,0.3814289417351146,0.0034837106325098,0.3828151779830575,0.002483726514433
