img_index,width,height,noise_std,noise_std_est,avg_mass_loss,t_diff,max_rel_gain,rel_gain_synth_1,rel_error_synth_1,rel_gain_synth_2,rel_error_synth_2,rel_gain_synth_3,rel_error_synth_3,rel_gain_synth_4,rel_error_synth_4,rel_gain_synth_5,rel_error_synth_5,rel_gain_synth_6,rel_error_synth_6,rel_gain_synth_7,rel_error_synth_7,rel_gain_synth_8,rel_error_synth_8,rel_gain_synth_9,rel_error_synth_9,rel_gain_synth_10,rel_error_synth_10
73,206,310,0.05,0.06262586925918771,0.0004509974364144048,0.059000000000000004,0.11840139661905616,0.011527672269973614,0.0955593623829185,0.011527672269973614,0.0955593623829185,0.011527672269973614,0.0955593623829185,0.011527672269973614,0.0955593623829185,0.00802494042379832,0.09869127178214145,0.011527672269973614,0.0955593623829185,0.00802494042379832,0.09869127178214145,0.015081257534556919,0.09238198324576269,0.00802494042379832,0.09869127178214145,0.00802494042379832,0.09869127178214145
73,206,310,0.1,0.10873277246799719,0.000748384332897918,0.1,0.24616372032605488,0.1887080817107865,0.0461060113355212,0.1887080817107865,0.0461060113355212,0.18674705827332239,0.04767965964952526,0.1887080817107865,0.0461060113355212,0.18674705827332239,0.04767965964952526,0.1887080817107865,0.0461060113355212,0.18674705827332239,0.04767965964952526,0.1887080817107865,0.0461060113355212,0.18480010497277144,0.049242017202384795,0.18480010497277144,0.049242017202384795
73,206,310,0.15,0.15794448879889475,0.0011158549425692086,0.153,0.3917417761126132,0.3525356240549558,0.028170564921293974,0.3525356240549558,0.028170564921293974,0.3502742250958898,0.029795434561538978,0.3525356240549558,0.028170564921293974,0.34914566710431466,0.030606330670964806,0.3525356240549558,0.028170564921293974,0.34914566710431466,0.030606330670964806,0.3525356240549558,0.028170564921293974,0.34914566710431466,0.030606330670964806,0.3502742250958898,0.029795434561538978
