energy,prior,fidelity,mass,psnr,ssim_indices
2836.1686916006956,2836.1686916006956,0.0,0.0,26.009369800211335,0.7185157784322483
1616.2020440975457,1549.5950666667916,66.60697743075403,-17.10081521446409,27.67992027694543,0.789575769518032
1208.737489138694,1048.2263237859022,160.51116535279178,-32.43487499473849,27.249295293613383,0.8149701289339156
1038.7271107030065,801.4296120371171,237.29749866588944,-46.185888594554854,26.514688318082595,0.8213958423549808
955.9944351354145,660.5684980613112,295.42593707410333,-58.517936532516615,25.90657647995688,0.8204923496768458
911.3197619414163,572.2221703159008,339.0975916255156,-69.5776595560892,25.448566225357713,0.8169721963683148
