img_index,width,height,noise_std,noise_std_est,avg_mass_loss,t_diff,max_rel_gain,rel_gain_synth_1,rel_error_synth_1,rel_gain_synth_2,rel_error_synth_2,rel_gain_synth_3,rel_error_synth_3,rel_gain_synth_4,rel_error_synth_4,rel_gain_synth_5,rel_error_synth_5,rel_gain_synth_6,rel_error_synth_6,rel_gain_synth_7,rel_error_synth_7,rel_gain_synth_8,rel_error_synth_8,rel_gain_synth_9,rel_error_synth_9,rel_gain_synth_10,rel_error_synth_10,rel_gain_synth_11,rel_error_synth_11,rel_gain_synth_12,rel_error_synth_12,rel_gain_synth_13,rel_error_synth_13,rel_gain_synth_14,rel_error_synth_14,rel_gain_synth_15,rel_error_synth_15,rel_gain_synth_16,rel_error_synth_16
73,206,310,0.05,0.06240580982531883,4.0779308904896127e-08,0.06,0.10902862,0.00182889,0.09666092,0.00154647,0.09970444,0.00154647,0.09970444,0.00182889,0.09666092,0.00154647,0.09970444,0.00182889,0.09666092,0.00154647,0.09970444,0.00182889,0.09666092,0.0048795,0.10270981,0.00154647,0.09970444,0.00154647,0.09970444,0.00154647,0.09970444,0.02671152,0.07422449,0.04173191,0.06068076,0.00154647,0.09970444,0.00182889,0.09666092
73,206,310,0.1,0.10853464339267965,4.0779308904896127e-08,0.10200000000000001,0.23515275,0.17670494,0.0473203,0.17488675,0.04879234,0.17308247,0.05025312,0.17670494,0.0473203,0.17308247,0.05025312,0.17488675,0.04879234,0.17308247,0.05025312,0.17670494,0.0473203,0.17308247,0.05025312,0.17308247,0.05025312,0.17308247,0.05025312,0.17308247,0.05025312,0.19324818,0.03392662,0.2059638,0.02363184,0.17308247,0.05025312,0.17488675,0.04879234
73,206,310,0.15,0.1577041519314949,8.155861780979225e-08,0.156,0.38434976,0.34674156,0.0271667,0.34567937,0.02793398,0.34357238,0.02945598,0.34567937,0.02793398,0.34357238,0.02945598,0.34567937,0.02793398,0.34357238,0.02945598,0.34567937,0.02793398,0.34357238,0.02945598,0.34252664,0.03021138,0.34357238,0.02945598,0.34252664,0.03021138,0.3604246,0.01728258,0.36839986,0.01152159,0.34357238,0.02945598,0.34463146,0.02869095
