img_index,width,height,noise_std,noise_std_est,avg_mass_loss,t_diff,max_rel_gain,rel_gain_synth_1,rel_error_synth_1,rel_gain_synth_2,rel_error_synth_2,rel_gain_synth_3,rel_error_synth_3,rel_gain_synth_4,rel_error_synth_4,rel_gain_synth_5,rel_error_synth_5,rel_gain_synth_6,rel_error_synth_6,rel_gain_synth_7,rel_error_synth_7,rel_gain_synth_8,rel_error_synth_8,rel_gain_synth_9,rel_error_synth_9,rel_gain_synth_10,rel_error_synth_10,rel_gain_synth_11,rel_error_synth_11,rel_gain_synth_12,rel_error_synth_12,rel_gain_synth_13,rel_error_synth_13,rel_gain_synth_14,rel_error_synth_14,rel_gain_synth_15,rel_error_synth_15,rel_gain_synth_16,rel_error_synth_16
71,560,373,0.05,0.05043465599491168,9.973828673560577e-08,0.079,0.47184512,0.4450313,0.01821783,0.44869724,0.01572712,0.431983,0.02708311,0.44317746,0.01947735,0.43384752,0.0258163,0.43945608,0.02200575,0.43384752,0.0258163,0.44131932,0.02073983,0.431983,0.02708311,0.43384752,0.0258163,0.43571785,0.02454556,0.43758717,0.02327551,0.45875004,0.00889706,0.43373543,0.02589246,0.43945608,0.02200575,0.45050904,0.01449613
71,560,373,0.1,0.10079096764453559,9.973828673560577e-08,0.17400000000000002,0.7518156,0.71930337,0.01855918,0.7257425,0.01488347,0.70414096,0.02721445,0.7149662,0.02103502,0.7052127,0.02660263,0.7106244,0.02351345,0.70737076,0.02537077,0.7138773,0.02165657,0.70199525,0.02843929,0.70199525,0.02843929,0.7052127,0.02660263,0.6998592,0.02965862,0.73461396,0.00981935,0.68860066,0.03608542,0.70199525,0.02843929,0.7246753,0.0154927
71,560,373,0.15,0.15160976367464887,2.992148602068173e-07,0.489,1.0140038,0.9115181,0.05088649,0.92972606,0.04184581,0.91325545,0.05002386,0.8929269,0.06011747,0.9008843,0.05616646,0.89926434,0.0569708,0.9303657,0.04152824,0.9092246,0.05202525,0.90695673,0.05315133,0.882408,0.06534035,0.89501065,0.05908283,0.84729207,0.08277624,1.0013862,0.00626489,0.9640263,0.02481497,0.8484594,0.0821966,0.91209394,0.05060058
