img_index,width,height,noise_std,noise_std_est,avg_mass_loss,t_diff,max_rel_gain,rel_gain_synth_1,rel_error_synth_1,rel_gain_synth_2,rel_error_synth_2,rel_gain_synth_3,rel_error_synth_3,rel_gain_synth_4,rel_error_synth_4,rel_gain_synth_5,rel_error_synth_5,rel_gain_synth_6,rel_error_synth_6,rel_gain_synth_7,rel_error_synth_7,rel_gain_synth_8,rel_error_synth_8,rel_gain_synth_9,rel_error_synth_9,rel_gain_synth_10,rel_error_synth_10
71,560,373,0.05,0.050597033466983694,0.00034524342148219893,0.08,0.4831308540779828,0.45296976384599924,0.02033609519285053,0.46027199139843833,0.015412573082605794,0.4455665835873573,0.025327684598658046,0.4566426050059377,0.01785968446358839,0.4455665835873573,0.025327684598658046,0.4511130527945354,0.02158798139450202,0.4455665835873573,0.025327684598658046,0.45479676308194233,0.01910424216321419,0.44370317730092257,0.02658408505807211,0.4455665835873573,0.025327684598658046
71,560,373,0.1,0.10104267037276028,0.0007885598661062056,0.187,0.74965360486781,0.6957944885750111,0.030782731017702184,0.7066059636353494,0.02460352215586858,0.684301760554216,0.0373513043563451,0.6979318968331945,0.02956111306301863,0.683275194535478,0.03793802964635789,0.6915617625799321,0.03320191043887614,0.683275194535478,0.03793802964635789,0.6947350788952963,0.0313882278296239,0.6822599756156404,0.03851826959614741,0.684301760554216,0.0373513043563451
71,560,373,0.15,0.15071549700178388,0.0011349139212374377,0.276,0.9967353211912173,0.9627549148853506,0.017017982275985694,0.9721459039606533,0.012314810565826246,0.9466126636608275,0.02510230424555597,0.9620247390608444,0.01738366711000294,0.9458833669348254,0.025467548811654483,0.9554143527307836,0.020694264293267664,0.9466126636608275,0.02510230424555597,0.9576141517881772,0.01959256641972011,0.9401212175587402,0.028353334080704364,0.9422695464613532,0.027277413361612126
