img_index,width,height,noise_std,noise_std_est,avg_mass_loss,t_diff,max_rel_gain,rel_gain_synth_1,rel_error_synth_1,rel_gain_synth_2,rel_error_synth_2,rel_gain_synth_3,rel_error_synth_3,rel_gain_synth_4,rel_error_synth_4,rel_gain_synth_5,rel_error_synth_5,rel_gain_synth_6,rel_error_synth_6,rel_gain_synth_7,rel_error_synth_7,rel_gain_synth_8,rel_error_synth_8,rel_gain_synth_9,rel_error_synth_9,rel_gain_synth_10,rel_error_synth_10,rel_gain_synth_11,rel_error_synth_11,rel_gain_synth_12,rel_error_synth_12,rel_gain_synth_13,rel_error_synth_13,rel_gain_synth_14,rel_error_synth_14,rel_gain_synth_15,rel_error_synth_15,rel_gain_synth_16,rel_error_synth_16
71,560,373,0.05,0.050349113854752436,9.973828673560577e-08,0.081,0.47200072,0.44870952,0.01582281,0.45363435,0.01247714,0.4352777,0.02494769,0.44705266,0.0169484,0.43696555,0.02380104,0.44201323,0.02037192,0.43696555,0.02380104,0.44370416,0.0192232,0.43696555,0.02380104,0.44033507,0.02151197,0.44033507,0.02151197,0.44201323,0.02037192,0.45523196,0.01139181,0.43523538,0.02497643,0.438643,0.02266148,0.45523226,0.01139161
71,560,373,0.1,0.10083746790400393,9.973828673560577e-08,0.211,0.7508232,0.71897596,0.01818986,0.72988147,0.01196106,0.692931,0.03306571,0.71226865,0.02202081,0.6952537,0.0317391,0.7040226,0.02673063,0.6952537,0.0317391,0.70729446,0.02486186,0.6883776,0.03566639,0.6976055,0.03039583,0.6952537,0.0317391,0.68912846,0.03523756,0.7271438,0.0135247,0.69459903,0.032113,0.692931,0.03306571,0.72319955,0.01577753
71,560,373,0.15,0.1511224666401645,9.973828673560577e-08,0.503,1.0138944,0.9670068,0.02328209,0.98598295,0.01385946,0.92203003,0.0456153,0.95438206,0.0295509,0.92203003,0.0456153,0.9388777,0.03724959,0.9213874,0.04593443,0.9419719,0.03571316,0.9032625,0.05493435,0.91176796,0.05071095,0.91643107,0.04839547,0.90954643,0.05181405,0.9774469,0.01809805,0.966324,0.02362115,0.9207474,0.04625219,0.9736653,0.01997582
