img_index,width,height,noise_std,noise_std_est,t_diff,max_rel_gain,rel_gain_synth_1,rel_error_synth_1,rel_gain_synth_2,rel_error_synth_2,rel_gain_synth_3,rel_error_synth_3,rel_gain_synth_4,rel_error_synth_4,rel_gain_synth_5,rel_error_synth_5,rel_gain_synth_6,rel_error_synth_6,rel_gain_synth_7,rel_error_synth_7,rel_gain_synth_8,rel_error_synth_8,rel_gain_synth_9,rel_error_synth_9,rel_gain_synth_10,rel_error_synth_10
71,640,427,0.05,0.0504773952546051,0.58,0.2250646432121073,0.217647133053125,0.0060547908227387,0.2232753268823635,0.0014605893163745,0.2237614394124329,0.0010637837006358,0.222128585441943,0.002396655381765,0.2167911363386772,0.0067535267785845,0.2167911363386772,0.0067535267785845,0.2192800368341053,0.0047218784821303,0.222128585441943,0.002396655381765,0.2184778496187666,0.0053766906341123,0.2167911363386772,0.0067535267785845
71,640,427,0.1,0.1005403090281648,1.09,0.4291914066352284,0.427779652378239,0.0009877992901686,0.4280827531643377,0.000775720778717,0.4279345225818017,0.0008794371751687,0.4274515258594282,0.0012173882152681,0.4280827531643377,0.000775720778717,0.4282239372047232,0.0006769348220354,0.4274515258594282,0.0012173882152681,0.4276185303048785,0.0011005358156,0.4274515258594282,0.0012173882152681,0.4283576476475512,0.0005833781142304
71,640,427,0.15,0.15157304879959,2.54,0.6178549487825313,0.6177908372128686,3.962751401843625e-05,0.6152839488136259,0.0015891412087592,0.614425762515877,0.002119588204885,0.6156380712795221,0.0013702572685378,0.6177487366981299,6.564994252505064e-05,0.6177487366981299,6.564994252505064e-05,0.6177471329102453,6.664124763911824e-05,0.6155876487914782,0.0014014235285797,0.6177823578228897,4.4868645175090535e-05,0.6175892380655724,0.0001642364274738
