energy,prior,fidelity,mass,psnr,ssim_indices
6298.509680077943,6298.509680077943,0.0,0.0,26.01096517345029,0.7585290948640528
3662.370477957558,3514.142265341151,148.22821261640678,-4.470810847560642,28.017587581220855,0.8174105495941255
2803.8937256058252,2447.600310281472,356.29341532435325,-8.696505863044877,28.015812667311614,0.8357522706438102
2454.952315027782,1928.7954292440677,526.1568857837144,-12.675514123577159,27.49160746681401,0.8380800670156437
2289.3676856392544,1634.0213300027533,655.3463556365011,-16.405277887388365,26.967040169026845,0.8346395054251977
