img_index,width,height,noise_std,noise_std_est,avg_mass_loss,t_diff,max_rel_gain,rel_gain_synth_1,rel_error_synth_1,rel_gain_synth_2,rel_error_synth_2,rel_gain_synth_3,rel_error_synth_3,rel_gain_synth_4,rel_error_synth_4,rel_gain_synth_5,rel_error_synth_5,rel_gain_synth_6,rel_error_synth_6,rel_gain_synth_7,rel_error_synth_7,rel_gain_synth_8,rel_error_synth_8,rel_gain_synth_9,rel_error_synth_9,rel_gain_synth_10,rel_error_synth_10,rel_gain_synth_11,rel_error_synth_11,rel_gain_synth_12,rel_error_synth_12,rel_gain_synth_13,rel_error_synth_13,rel_gain_synth_14,rel_error_synth_14,rel_gain_synth_15,rel_error_synth_15,rel_gain_synth_16,rel_error_synth_16
19,375,562,0.05,0.057046614922743696,2.4713325425069196e-08,0.056,0.13763623,0.07112135,0.05846762,0.07112135,0.05846762,0.06828836,0.06095787,0.07112135,0.05846762,0.06828836,0.06095787,0.07112135,0.05846762,0.06828836,0.06095787,0.06828836,0.06095787,0.06828836,0.06095787,0.07112135,0.05846762,0.06828836,0.06095787,0.07112135,0.05846762,0.08868545,0.0430285,0.10067249,0.03249171,0.06828836,0.06095787,0.07112135,0.05846762
19,375,562,0.1,0.10479428277816627,4.942665085013839e-08,0.11,0.29241067,0.25763634,0.02690658,0.25763634,0.02690658,0.25509635,0.02887189,0.25636724,0.02788854,0.25509635,0.02887189,0.25636724,0.02788854,0.25509635,0.02887189,0.25636724,0.02788854,0.25509635,0.02887189,0.25636724,0.02788854,0.25509635,0.02887189,0.25509635,0.02887189,0.2714671,0.01620506,0.27850538,0.0107592,0.25509635,0.02887189,0.25763634,0.02690658
19,375,562,0.15,0.1538649459219347,4.942665085013839e-08,0.187,0.45976067,0.4358765,0.01636169,0.4358765,0.01636169,0.43255258,0.01863874,0.43521398,0.01681554,0.43321934,0.01818197,0.43454963,0.01727065,0.43321934,0.01818197,0.43454963,0.01727065,0.43188787,0.01909408,0.43255258,0.01863874,0.43255258,0.01863874,0.43255258,0.01863874,0.44965222,0.00692473,0.45235527,0.00507301,0.43255258,0.01863874,0.43521398,0.01681554
