img_index,width,height,noise_std,noise_std_est,avg_mass_loss,t_diff,max_rel_gain,rel_gain_synth_1,rel_error_synth_1,rel_gain_synth_2,rel_error_synth_2,rel_gain_synth_3,rel_error_synth_3,rel_gain_synth_4,rel_error_synth_4,rel_gain_synth_5,rel_error_synth_5,rel_gain_synth_6,rel_error_synth_6,rel_gain_synth_7,rel_error_synth_7,rel_gain_synth_8,rel_error_synth_8,rel_gain_synth_9,rel_error_synth_9,rel_gain_synth_10,rel_error_synth_10
19,375,562,0.05,0.05714814577498405,0.00020312370437632115,0.054,0.14836195426683377,0.08325341925267292,0.056696875730029815,0.08325341925267292,0.056696875730029815,0.08006821805167895,0.059470566715837114,0.08325341925267292,0.056696875730029815,0.08006821805167895,0.059470566715837114,0.08325341925267292,0.056696875730029815,0.08006821805167895,0.059470566715837114,0.08325341925267292,0.056696875730029815,0.08006821805167895,0.059470566715837114,0.08006821805167895,0.059470566715837114
19,375,562,0.1,0.10487968199349018,0.00033747830758118556,0.101,0.30116919323184926,0.26476263248406806,0.02797988219914312,0.26632627786171076,0.026778158867714636,0.26319879618231073,0.029181752263306753,0.26476263248406806,0.02797988219914312,0.26319879618231073,0.029181752263306753,0.26476263248406806,0.02797988219914312,0.26319879618231073,0.029181752263306753,0.26476263248406806,0.02797988219914312,0.26319879618231073,0.029181752263306753,0.26476263248406806,0.02797988219914312
19,375,562,0.15,0.15424970013018977,0.00047883109801134756,0.157,0.4671112835729237,0.4432966917003201,0.016232300943529534,0.4432966917003201,0.016232300943529534,0.4414513271629888,0.01749012273114281,0.4432966917003201,0.016232300943529534,0.4414513271629888,0.01749012273114281,0.442375567286865,0.01686014998522719,0.4414513271629888,0.01749012273114281,0.442375567286865,0.01686014998522719,0.4414513271629888,0.01749012273114281,0.4414513271629888,0.01749012273114281
