img_index,width,height,noise_std,noise_std_est,t_diff,max_rel_gain,rel_gain_synth_1,rel_error_synth_1,rel_gain_synth_2,rel_error_synth_2,rel_gain_synth_3,rel_error_synth_3,rel_gain_synth_4,rel_error_synth_4,rel_gain_synth_5,rel_error_synth_5,rel_gain_synth_6,rel_error_synth_6,rel_gain_synth_7,rel_error_synth_7,rel_gain_synth_8,rel_error_synth_8,rel_gain_synth_9,rel_error_synth_9,rel_gain_synth_10,rel_error_synth_10
19,427,640,0.05,0.0652824344128876,0.29,0.055243639285895,0.0126450556292004,0.0643346165640355,0.0082780762707519,0.0601962553402676,0.0038018848006198,0.0559543994280527,0.0082780762707519,0.0601962553402676,0.0126450556292004,0.0643346165640355,0.0126450556292004,0.0643346165640355,0.0126450556292004,0.0643346165640355,0.0038018848006198,0.0559543994280527,0.0126450556292004,0.0643346165640355,0.016896544596129,0.0683635334971958
19,427,640,0.1,0.1107749090861522,0.49,0.1796850125712599,0.1531117336903942,0.0225257408525909,0.1531117336903942,0.0225257408525909,0.1545585131099256,0.0212993292222711,0.1531117336903942,0.0225257408525909,0.1531117336903942,0.0225257408525909,0.1531117336903942,0.0225257408525909,0.1531117336903942,0.0225257408525909,0.1531117336903942,0.0225257408525909,0.1531117336903942,0.0225257408525909,0.1545585131099256,0.0212993292222711
19,427,640,0.15,0.1582347759793471,0.7000000000000001,0.3255773207238532,0.3206072579199339,0.0037493571489329,0.3188000852289924,0.0051126670537483,0.3183405047616483,0.0054593691737673,0.3188000852289924,0.0051126670537483,0.3201620970703595,0.0040851812782498,0.3201620970703595,0.0040851812782498,0.3197118114352241,0.0044248714857509,0.3188000852289924,0.0051126670537483,0.3197118114352241,0.0044248714857509,0.3206072579199339,0.0037493571489329
