img_index,width,height,noise_std,noise_std_est,avg_mass_loss,t_diff,max_rel_gain,rel_gain_synth_1,rel_error_synth_1,rel_gain_synth_2,rel_error_synth_2,rel_gain_synth_3,rel_error_synth_3,rel_gain_synth_4,rel_error_synth_4,rel_gain_synth_5,rel_error_synth_5,rel_gain_synth_6,rel_error_synth_6,rel_gain_synth_7,rel_error_synth_7,rel_gain_synth_8,rel_error_synth_8,rel_gain_synth_9,rel_error_synth_9,rel_gain_synth_10,rel_error_synth_10,rel_gain_synth_11,rel_error_synth_11,rel_gain_synth_12,rel_error_synth_12,rel_gain_synth_13,rel_error_synth_13,rel_gain_synth_14,rel_error_synth_14,rel_gain_synth_15,rel_error_synth_15,rel_gain_synth_16,rel_error_synth_16
19,375,562,0.05,0.057111616381056586,2.4713325425069196e-08,0.055,0.13656151,0.06774119,0.06055134,0.07078647,0.05787196,0.06472392,0.06320607,0.06774119,0.06055134,0.06774119,0.06055134,0.06774119,0.06055134,0.06774119,0.06055134,0.06774119,0.06055134,0.06774119,0.06055134,0.06774119,0.06055134,0.06774119,0.06055134,0.06774119,0.06055134,0.08640557,0.04412954,0.09910233,0.03295834,0.06774119,0.06055134,0.07078647,0.05787196
19,375,562,0.1,0.1046883302780893,2.4713325425069196e-08,0.10200000000000001,0.2927315,0.25825498,0.02666953,0.25825498,0.02666953,0.25678653,0.02780546,0.25678653,0.02780546,0.25678653,0.02780546,0.25678653,0.02780546,0.25678653,0.02780546,0.25678653,0.02780546,0.25678653,0.02780546,0.25678653,0.02780546,0.25678653,0.02780546,0.25678653,0.02780546,0.27118856,0.01666468,0.2803607,0.00956951,0.25678653,0.02780546,0.25825498,0.02666953
19,375,562,0.15,0.15405021619317846,4.942665085013839e-08,0.162,0.4612935,0.43868244,0.01547332,0.4395205,0.01489981,0.4378424,0.01604818,0.4378424,0.01604818,0.43868244,0.01547332,0.4378424,0.01604818,0.43868244,0.01547332,0.4378424,0.01604818,0.4395205,0.01489981,0.4378424,0.01604818,0.4378424,0.01604818,0.43615162,0.01720522,0.44981694,0.00785371,0.4545663,0.00460359,0.43615162,0.01720522,0.43868244,0.01547332
