energy,prior,fidelity,mass,psnr,ssim_indices
1784.0755502871725,1784.0755502871725,0.0,0.0,26.009510915530754,0.7450165492715363
1057.330647885175,1016.1386502711458,41.19199761402913,12.419659889827017,28.484756644460163,0.8227074147545378
840.8890226833852,744.1414869831638,96.74753570022142,23.608512756007258,29.348351522780973,0.8550320376001593
758.7800037145636,617.4218893770883,141.35811433747526,33.684880217246246,29.40510182333286,0.8684207396753507
722.3717255422972,546.6233008044045,175.74842473789272,42.76133246044628,29.157227985956542,0.8736621374491563
705.0318966965938,502.1455182698647,202.88637842672904,50.940953837533016,28.82353230797092,0.8751413233182598
696.842939412854,471.9021484833145,224.94079092953953,58.316505253940704,28.48729142734859,0.8748074054141247
693.4399684827264,450.1557641541901,243.28420432853628,64.9708165088814,28.177536776154962,0.8735947071241511
692.6563438775831,433.8699566389994,258.78638723858376,70.97764241200639,27.902359542185174,0.8719873844647795
