img_index,width,height,noise_std,noise_std_est,t_diff,max_rel_gain,rel_gain_synth_1,rel_error_synth_1,rel_gain_synth_2,rel_error_synth_2,rel_gain_synth_3,rel_error_synth_3,rel_gain_synth_4,rel_error_synth_4,rel_gain_synth_5,rel_error_synth_5,rel_gain_synth_6,rel_error_synth_6,rel_gain_synth_7,rel_error_synth_7,rel_gain_synth_8,rel_error_synth_8,rel_gain_synth_9,rel_error_synth_9,rel_gain_synth_10,rel_error_synth_10
80,640,427,0.05,0.0555429824203862,0.34,0.0992772912585749,0.0686125886676716,0.0278953298087281,0.0761957484129396,0.020997015975113,0.0787056633322154,0.0187137750319637,0.0761957484129396,0.020997015975113,0.0686125886676716,0.0278953298087281,0.0686125886676716,0.0278953298087281,0.0711381248112883,0.0255978784161635,0.0736692267515166,0.0232953638819731,0.0711381248112883,0.0255978784161635,0.0686125886676716,0.0278953298087281
80,640,427,0.1,0.1041654958563517,0.62,0.264285698849936,0.2565802034526908,0.0060947421965261,0.2571896278773494,0.0056127115722669,0.2565802034526908,0.0060947421965261,0.2565802034526908,0.0060947421965261,0.2571896278773494,0.0056127115722669,0.2571896278773494,0.0056127115722669,0.2565802034526908,0.0060947421965261,0.2565802034526908,0.0060947421965261,0.2565802034526908,0.0060947421965261,0.2571896278773494,0.0056127115722669
80,640,427,0.15,0.1538280685763621,0.93,0.4399123905772802,0.4398988403474664,9.410454345987334e-06,0.43972967468147,0.0001268937589577,0.4396726262716955,0.0001665131206271,0.43972967468147,0.0001268937589577,0.4398988403474664,9.410454345987334e-06,0.4398988403474664,9.410454345987334e-06,0.4399036471399559,6.072200907190523e-06,0.43972967468147,0.0001268937589577,0.4399123905772802,0.0,0.4398751162759525,2.5886506409469635e-05
