img_index,width,height,noise_std,noise_std_est,avg_mass_loss,t_diff,max_rel_gain,rel_gain_synth_1,rel_error_synth_1,rel_gain_synth_2,rel_error_synth_2,rel_gain_synth_3,rel_error_synth_3,rel_gain_synth_4,rel_error_synth_4,rel_gain_synth_5,rel_error_synth_5,rel_gain_synth_6,rel_error_synth_6,rel_gain_synth_7,rel_error_synth_7,rel_gain_synth_8,rel_error_synth_8,rel_gain_synth_9,rel_error_synth_9,rel_gain_synth_10,rel_error_synth_10
80,550,366,0.05,0.053130653489499094,0.0002224542872349601,0.052000000000000005,0.1882455767403973,0.14065384767143657,0.04005209865751375,0.1437729294270785,0.03742715157864624,0.14065384767143657,0.04005209865751375,0.14065384767143657,0.04005209865751375,0.14065384767143657,0.04005209865751375,0.14065384767143657,0.04005209865751375,0.14065384767143657,0.04005209865751375,0.14065384767143657,0.04005209865751375,0.14065384767143657,0.04005209865751375,0.14065384767143657,0.04005209865751375
80,550,366,0.1,0.10235338442528434,0.00043079322649886264,0.10400000000000001,0.36217282024260095,0.3308300454959759,0.023009396664545805,0.3323697085567174,0.02187909730908862,0.3308300454959759,0.023009396664545805,0.3323697085567174,0.02187909730908862,0.3292823421301462,0.024145598578744952,0.3308300454959759,0.023009396664545805,0.3292823421301462,0.024145598578744952,0.3308300454959759,0.023009396664545805,0.3292823421301462,0.024145598578744952,0.3308300454959759,0.023009396664545805
80,550,366,0.15,0.15221795274487301,0.0006586302108944502,0.165,0.5413806230603264,0.5165701810947243,0.016096246179832182,0.5175455999370164,0.015463424651068251,0.5145998636115834,0.01737452712722652,0.5165701810947243,0.016096246179832182,0.5145998636115834,0.01737452712722652,0.5155869742017246,0.016734120354640176,0.5145998636115834,0.01737452712722652,0.5165701810947243,0.016096246179832182,0.5136064055528946,0.01801905194077738,0.5145998636115834,0.01737452712722652
