energy,prior,fidelity,mass,psnr,ssim_indices
5567.384317324111,5567.384317324111,0.0,0.0,26.01153552110612,0.651222654790318
3122.866026334015,2987.2659914326446,135.60003490137026,-28.183811260736547,28.352570833977737,0.7437672148826066
2359.6781249603505,2040.567912810533,319.11021214981764,-53.539691471261904,28.957726531112,0.788236827639746
2056.5067437236607,1592.6431146733971,463.8636290502637,-76.34717956423992,28.85735915511915,0.8091404120098353
1913.7090041371944,1342.7792315502068,570.9297725869876,-96.86059233080596,28.57541669608849,0.818898741881176
1838.3913252129287,1187.8453698475878,650.5459553653409,-115.31015449482948,28.28304698078814,0.8232209231963113
