img_index,width,height,noise_std,noise_std_est,avg_mass_loss,t_diff,max_rel_gain,rel_gain_synth_1,rel_error_synth_1,rel_gain_synth_2,rel_error_synth_2,rel_gain_synth_3,rel_error_synth_3,rel_gain_synth_4,rel_error_synth_4,rel_gain_synth_5,rel_error_synth_5,rel_gain_synth_6,rel_error_synth_6,rel_gain_synth_7,rel_error_synth_7,rel_gain_synth_8,rel_error_synth_8,rel_gain_synth_9,rel_error_synth_9,rel_gain_synth_10,rel_error_synth_10
77,325,216,0.05,0.05223044282759849,0.0005031073700187713,0.068,0.26476828400230207,0.2181532143788749,0.036856608608112705,0.22963101366854266,0.02778158717150078,0.21357036166018747,0.04048008080982321,0.2204533631732608,0.035037976038431895,0.21357036166018747,0.04048008080982321,0.21586163038969203,0.03866846934036578,0.21357036166018747,0.04048008080982321,0.21586163038969203,0.03866846934036578,0.21357036166018747,0.04048008080982321,0.21586163038969203,0.03866846934036578
77,325,216,0.1,0.10296908962077082,0.001042369519697241,0.14400000000000002,0.46989416460237315,0.4148876509369239,0.03742209132473782,0.4263056568954011,0.029654181067358204,0.40777318306320126,0.04226221386216364,0.4163197194902852,0.03644782488580095,0.40777318306320126,0.04226221386216364,0.4091881749820837,0.04129956501780605,0.40777318306320126,0.04226221386216364,0.4091881749820837,0.04129956501780605,0.406349618760625,0.0432306946799383,0.4091881749820837,0.04129956501780605
77,325,216,0.15,0.15324173608669148,0.0016219165729810026,0.231,0.6639875560580842,0.5951241649266057,0.04138455896546064,0.609336013443004,0.03284372074545279,0.5853775443152317,0.04724194688635553,0.596214522549907,0.040729291070378364,0.584300964584299,0.047888934736122275,0.5875344733065299,0.04594570582767369,0.5853775443152317,0.04724194688635553,0.5886138712312902,0.04529702433914298,0.584300964584299,0.047888934736122275,0.5886138712312902,0.04529702433914298
