img_index,width,height,noise_std,noise_std_est,t_diff,max_rel_gain,rel_gain_synth_1,rel_error_synth_1,rel_gain_synth_2,rel_error_synth_2,rel_gain_synth_3,rel_error_synth_3,rel_gain_synth_4,rel_error_synth_4,rel_gain_synth_5,rel_error_synth_5,rel_gain_synth_6,rel_error_synth_6,rel_gain_synth_7,rel_error_synth_7,rel_gain_synth_8,rel_error_synth_8,rel_gain_synth_9,rel_error_synth_9,rel_gain_synth_10,rel_error_synth_10
77,640,427,0.05,0.0513405820097274,0.5700000000000001,0.2062853950609661,0.1973978847612411,0.0073676679964078,0.204052653197849,0.0018509233986077,0.204052653197849,0.0018509233986077,0.2021498944705092,0.0034282936752689,0.1973978847612411,0.0073676679964078,0.1965255736674184,0.0080908062333411,0.1990860613773344,0.0059681844057042,0.2021498944705092,0.0034282936752689,0.1990860613773344,0.0059681844057042,0.1973978847612411,0.0073676679964078
77,640,427,0.1,0.1010489861983088,1.08,0.4142994628089333,0.4130153047997206,0.0009079816849129,0.4132991943246815,0.0007072536690816,0.4131605075211211,0.0008053140920736,0.4127068352313576,0.0011260893604616,0.4131605075211211,0.0008053140920736,0.4132991943246815,0.0007072536690816,0.4125442664315414,0.0012410358792796,0.4127068352313576,0.0011260893604616,0.4125442664315414,0.0012410358792796,0.4134309710565804,0.0006140791078489
77,640,427,0.15,0.151340665738302,1.91,0.6066005356364853,0.6054451727977503,0.0007191351011701,0.6063247193431027,0.0001716769584378,0.6060981633680226,0.0003126927056972,0.6064292600120421,0.0001066074737584,0.6053433059659824,0.0007825403033398,0.6053433059659824,0.0007825403033398,0.6062853925706766,0.0001961552102208,0.6064292600120421,0.0001066074737584,0.6061886736889225,0.0002563561622364,0.604876880706522,0.0010728584310352
