img_index,width,height,noise_std,noise_std_est,t_diff,max_rel_gain,rel_gain_synth_1,rel_error_synth_1,rel_gain_synth_2,rel_error_synth_2,rel_gain_synth_3,rel_error_synth_3,rel_gain_synth_4,rel_error_synth_4,rel_gain_synth_5,rel_error_synth_5,rel_gain_synth_6,rel_error_synth_6,rel_gain_synth_7,rel_error_synth_7,rel_gain_synth_8,rel_error_synth_8,rel_gain_synth_9,rel_error_synth_9,rel_gain_synth_10,rel_error_synth_10
65,640,427,0.05,0.0534077316792378,0.33,0.1082634160965244,0.0839125311674604,0.0219721093157001,0.091898166762258,0.0147665700198851,0.091898166762258,0.0147665700198851,0.0892948368991838,0.017115587252849,0.0839125311674604,0.0219721093157001,0.0811665738733379,0.0244498210710823,0.0839125311674604,0.0219721093157001,0.0892948368991838,0.017115587252849,0.0839125311674604,0.0219721093157001,0.0839125311674604,0.0219721093157001
65,640,427,0.1,0.1027457366742002,0.58,0.2696885204880575,0.2598669890836854,0.0077353864714763,0.2598669890836854,0.0077353864714763,0.2598669890836854,0.0077353864714763,0.2598669890836854,0.0077353864714763,0.2598669890836854,0.0077353864714763,0.2598669890836854,0.0077353864714763,0.2598669890836854,0.0077353864714763,0.2598669890836854,0.0077353864714763,0.2598669890836854,0.0077353864714763,0.2607671910201636,0.0070263921614922
65,640,427,0.15,0.1525540972121964,0.85,0.4343967068259044,0.4332624408345135,0.0007907617090817,0.4316900431113655,0.001886970112005,0.4313870330884206,0.0020982157329012,0.4316900431113655,0.001886970112005,0.4332624408345135,0.0007907617090817,0.4332624408345135,0.0007907617090817,0.4327917533595365,0.001118904873896,0.4316900431113655,0.001886970112005,0.4327917533595365,0.001118904873896,0.4334737729826586,0.0006434299792057
