img_index,width,height,noise_std,noise_std_est,avg_mass_loss,t_diff,max_rel_gain,rel_gain_synth_1,rel_error_synth_1,rel_gain_synth_2,rel_error_synth_2,rel_gain_synth_3,rel_error_synth_3,rel_gain_synth_4,rel_error_synth_4,rel_gain_synth_5,rel_error_synth_5,rel_gain_synth_6,rel_error_synth_6,rel_gain_synth_7,rel_error_synth_7,rel_gain_synth_8,rel_error_synth_8,rel_gain_synth_9,rel_error_synth_9,rel_gain_synth_10,rel_error_synth_10,rel_gain_synth_11,rel_error_synth_11,rel_gain_synth_12,rel_error_synth_12,rel_gain_synth_13,rel_error_synth_13,rel_gain_synth_14,rel_error_synth_14,rel_gain_synth_15,rel_error_synth_15,rel_gain_synth_16,rel_error_synth_16
65,200,133,0.05,0.05646515819345531,4.8950501253132834e-08,0.059000000000000004,0.12930095,0.06389195,0.0579199,0.0725293,0.0502715,0.05540783,0.06543262,0.06389195,0.0579199,0.05540783,0.06543262,0.05821384,0.06294789,0.05540783,0.06543262,0.05821384,0.06294789,0.05821384,0.06294789,0.05821384,0.06294789,0.05821384,0.06294789,0.05821384,0.06294789,0.10945872,0.01757037,0.10415068,0.02227066,0.05821384,0.06294789,0.0725293,0.0502715
65,200,133,0.1,0.10573792182236717,9.790100250626567e-08,0.11900000000000001,0.27197495,0.2248112,0.03707914,0.23086002,0.03232368,0.21279085,0.04652929,0.22329766,0.03826907,0.21428072,0.04535798,0.21726805,0.04300941,0.21279085,0.04652929,0.21577004,0.04418712,0.21577004,0.04418712,0.21726805,0.04300941,0.21577004,0.04418712,0.21428072,0.04535798,0.26226863,0.00763089,0.25886557,0.01030631,0.21428072,0.04535798,0.23086002,0.03232368
65,200,133,0.15,0.15580101288914291,4.8950501253132834e-08,0.20400000000000001,0.41319856,0.36882994,0.03139589,0.3749247,0.02708315,0.3552199,0.04102656,0.36709866,0.03262097,0.3560504,0.04043888,0.35940418,0.03806569,0.35356498,0.04219761,0.35772306,0.03925529,0.3552199,0.04102656,0.3602516,0.03746605,0.3560504,0.04043888,0.3552199,0.04102656,0.4071565,0.00427546,0.3991574,0.00993574,0.35688886,0.03984558,0.3740528,0.02770013
