img_index,width,height,noise_std,noise_std_est,avg_mass_loss,t_diff,max_rel_gain,rel_gain_synth_1,rel_error_synth_1,rel_gain_synth_2,rel_error_synth_2,rel_gain_synth_3,rel_error_synth_3,rel_gain_synth_4,rel_error_synth_4,rel_gain_synth_5,rel_error_synth_5,rel_gain_synth_6,rel_error_synth_6,rel_gain_synth_7,rel_error_synth_7,rel_gain_synth_8,rel_error_synth_8,rel_gain_synth_9,rel_error_synth_9,rel_gain_synth_10,rel_error_synth_10
65,200,133,0.05,0.056828751703293164,0.0006453221213752685,0.056,0.13885578703307364,0.07493454427093699,0.056127600605747556,0.08461653628064954,0.04762609223221073,0.06851913879585766,0.06176080328876031,0.07815552999572425,0.05329933581448849,0.06851913879585766,0.06176080328876031,0.07171760357527988,0.05895231356087756,0.06851913879585766,0.06176080328876031,0.07171760357527988,0.05895231356087756,0.06851913879585766,0.06176080328876031,0.07171760357527988,0.05895231356087756
65,200,133,0.1,0.1058132876581057,0.0012155527630792241,0.108,0.2748540856439394,0.2246388113061554,0.03938903667741698,0.23197843115443306,0.03363181321872572,0.21909301558215155,0.0437391782241671,0.22647842269954793,0.03794603907156679,0.21725105318724358,0.045184019963822014,0.21909301558215155,0.0437391782241671,0.2154006781134314,0.04663546063820913,0.21909301558215155,0.0437391782241671,0.21725105318724358,0.045184019963822014,0.22094538745814446,0.042286171251171234
65,200,133,0.15,0.15562520121279252,0.0018126585863000968,0.163,0.41753848201474597,0.3808389723353966,0.025889603806161517,0.3867032307783897,0.021752673121459256,0.37487934365652864,0.03009381325407545,0.3808389723353966,0.025889603806161517,0.37247344577091507,0.031791049636818364,0.37487934365652864,0.03009381325407545,0.37126873100496594,0.03264091352498375,0.37487934365652864,0.03009381325407545,0.37247344577091507,0.031791049636818364,0.37487934365652864,0.03009381325407545
