img_index,width,height,noise_std,noise_std_est,avg_mass_loss,t_diff,max_rel_gain,rel_gain_synth_1,rel_error_synth_1,rel_gain_synth_2,rel_error_synth_2,rel_gain_synth_3,rel_error_synth_3,rel_gain_synth_4,rel_error_synth_4,rel_gain_synth_5,rel_error_synth_5,rel_gain_synth_6,rel_error_synth_6,rel_gain_synth_7,rel_error_synth_7,rel_gain_synth_8,rel_error_synth_8,rel_gain_synth_9,rel_error_synth_9,rel_gain_synth_10,rel_error_synth_10,rel_gain_synth_11,rel_error_synth_11,rel_gain_synth_12,rel_error_synth_12,rel_gain_synth_13,rel_error_synth_13,rel_gain_synth_14,rel_error_synth_14,rel_gain_synth_15,rel_error_synth_15,rel_gain_synth_16,rel_error_synth_16
65,200,133,0.05,0.05642381000770939,4.8950501253132834e-08,0.057,0.12864962,0.06312459,0.05805613,0.06938431,0.05250993,0.05383384,0.06628787,0.06312459,0.05805613,0.05383384,0.06628787,0.05691224,0.06356037,0.05383384,0.06628787,0.05383384,0.06628787,0.05383384,0.06628787,0.05691224,0.06356037,0.05383384,0.06628787,0.05383384,0.06628787,0.10614452,0.01993985,0.10330541,0.02245534,0.05691224,0.06356037,0.06938431,0.05250993
65,200,133,0.1,0.10509334098317707,4.8950501253132834e-08,0.11,0.27037358,0.22174196,0.03828135,0.22692011,0.03420527,0.21310759,0.04507807,0.22174196,0.03828135,0.21310759,0.04507807,0.21483131,0.04372121,0.21137942,0.04643843,0.21483131,0.04372121,0.21310759,0.04507807,0.2165641,0.04235721,0.21310759,0.04507807,0.21310759,0.04507807,0.25972787,0.00838,0.25846893,0.00937099,0.21483131,0.04372121,0.22863796,0.03285303
65,200,133,0.15,0.15648294024829826,4.8950501253132834e-08,0.17500000000000002,0.41356087,0.3695338,0.0311462,0.37504882,0.02724469,0.36075172,0.03735895,0.36843202,0.03192564,0.36184138,0.03658808,0.3629366,0.03581329,0.35966226,0.03812965,0.36184138,0.03658808,0.36184138,0.03658808,0.3640319,0.03503842,0.36075172,0.03735895,0.35966226,0.03812965,0.4062503,0.00517172,0.4031732,0.00734857,0.36075172,0.03735895,0.37504882,0.02724469
