img_index,width,height,noise_std,noise_std_est,avg_mass_loss,t_diff,max_rel_gain,rel_gain_synth_1,rel_error_synth_1,rel_gain_synth_2,rel_error_synth_2,rel_gain_synth_3,rel_error_synth_3,rel_gain_synth_4,rel_error_synth_4,rel_gain_synth_5,rel_error_synth_5,rel_gain_synth_6,rel_error_synth_6,rel_gain_synth_7,rel_error_synth_7,rel_gain_synth_8,rel_error_synth_8,rel_gain_synth_9,rel_error_synth_9,rel_gain_synth_10,rel_error_synth_10,rel_gain_synth_11,rel_error_synth_11,rel_gain_synth_12,rel_error_synth_12,rel_gain_synth_13,rel_error_synth_13,rel_gain_synth_14,rel_error_synth_14,rel_gain_synth_15,rel_error_synth_15,rel_gain_synth_16,rel_error_synth_16
47,488,325,0.05,0.050862130604431975,3.283942833123161e-08,0.07200000000000001,0.40692234,0.38003704,0.0191093,0.38373896,0.01647809,0.37071368,0.0257361,0.3781653,0.02043969,0.37258077,0.02440901,0.37630978,0.02175854,0.37258077,0.02440901,0.3781653,0.02043969,0.37071368,0.0257361,0.37258077,0.02440901,0.37258077,0.02440901,0.3744347,0.02309129,0.40401313,0.00206779,0.39034924,0.01177969,0.37630978,0.02175854,0.38556814,0.01517797
47,488,325,0.1,0.10129246104424469,3.283942833123161e-08,0.165,0.68174076,0.6516654,0.01788346,0.6585262,0.01380389,0.6388079,0.02552882,0.6486857,0.01965527,0.6397953,0.02494167,0.64471775,0.02201468,0.6417634,0.02377142,0.64769673,0.02024332,0.6378312,0.02610956,0.6388079,0.02552882,0.6397953,0.02494167,0.63684547,0.0266957,0.6750919,0.00395352,0.6444469,0.02217574,0.6388079,0.02552882,0.6575539,0.01438204
47,488,325,0.15,0.15167937022124076,1.3135771332492644e-07,0.303,0.9442234,0.9060778,0.01961997,0.9182366,0.01336616,0.8959239,0.02484256,0.8959239,0.02484256,0.8930336,0.02632917,0.8959239,0.02484256,0.90535504,0.01999172,0.90100706,0.02222807,0.8944774,0.02558655,0.8872804,0.02928829,0.8901522,0.02781122,0.8697355,0.03831244,0.929413,0.00761762,0.8988871,0.02331845,0.87110776,0.0376066,0.91040504,0.01739429
