img_index,width,height,noise_std,noise_std_est,avg_mass_loss,t_diff,max_rel_gain,rel_gain_synth_1,rel_error_synth_1,rel_gain_synth_2,rel_error_synth_2,rel_gain_synth_3,rel_error_synth_3,rel_gain_synth_4,rel_error_synth_4,rel_gain_synth_5,rel_error_synth_5,rel_gain_synth_6,rel_error_synth_6,rel_gain_synth_7,rel_error_synth_7,rel_gain_synth_8,rel_error_synth_8,rel_gain_synth_9,rel_error_synth_9,rel_gain_synth_10,rel_error_synth_10
47,488,325,0.05,0.050814027183162684,0.0003165294311973224,0.068,0.42009658919769405,0.39709576611745107,0.016196661026583892,0.40451137680402266,0.010974755176671808,0.39328203896282576,0.018882201702926135,0.39897787594898415,0.014871321718082043,0.3913564126048911,0.02023818436817748,0.3951906821012824,0.01753817823792017,0.39328203896282576,0.018882201702926135,0.39897787594898415,0.014871321718082043,0.3913564126048911,0.02023818436817748,0.39328203896282576,0.018882201702926135
47,488,325,0.1,0.10114554185603483,0.0007173811144927509,0.16,0.682703457292878,0.6525562174015221,0.017915955280591415,0.6605989602565824,0.01313629976838411,0.6433731904165869,0.023373260871268026,0.6535738982037264,0.017311166125500852,0.6423537626969719,0.02397908818754103,0.6484767091007457,0.020340332721010768,0.6433731904165869,0.023373260871268026,0.651538847266438,0.018520559811874077,0.6403143815798976,0.025191055220850134,0.6423537626969719,0.02397908818754103
47,488,325,0.15,0.15145389015789057,0.001142834999290232,0.267,0.934292628449429,0.8990338987129156,0.018228229388837357,0.9094966561015105,0.012819142245191466,0.8844912415650219,0.02574656293051633,0.8982852522463897,0.018615268276084826,0.8837120362793122,0.02614940026456251,0.8913952263976694,0.02217730731163831,0.8837120362793122,0.02614940026456251,0.8944621075179205,0.020591776210943564,0.876017260960812,0.030127482590538428,0.8790915210309918,0.02853813668446207
