img_index,width,height,noise_std,noise_std_est,t_diff,max_rel_gain,rel_gain_synth_1,rel_error_synth_1,rel_gain_synth_2,rel_error_synth_2,rel_gain_synth_3,rel_error_synth_3,rel_gain_synth_4,rel_error_synth_4,rel_gain_synth_5,rel_error_synth_5,rel_gain_synth_6,rel_error_synth_6,rel_gain_synth_7,rel_error_synth_7,rel_gain_synth_8,rel_error_synth_8,rel_gain_synth_9,rel_error_synth_9,rel_gain_synth_10,rel_error_synth_10
47,640,427,0.05,0.0507311593247548,0.79,0.2692553186325202,0.2677968845437681,0.001149047057233,0.2688529830532938,0.000316985537362,0.2686654069551146,0.0004647699077922,0.2692382044538213,1.3483637568922497e-05,0.2675779670180438,0.0013215241960013,0.2671108187961188,0.0016895732520639,0.2685538076157847,0.0005526949593492,0.2692553186325202,0.0,0.2683843778765273,0.0006861824750368,0.2673490069077889,0.0015019135210598
47,640,427,0.1,0.101284126694356,2.44,0.5054597132940334,0.5054261331606815,2.2305567565388883e-05,0.5054513518823366,5.554058752298914e-06,0.5054594325987557,1.8645153719401787e-07,0.5051995938835191,0.0001727840394647,0.5054583809678913,8.849962110492554e-07,0.505417057148164,2.833429914645362e-05,0.5051597861234435,0.0001992263014024,0.5052497852101633,0.0001394445045698,0.5051732463695845,0.0001902853473389,0.5053514237552358,7.19312100094158e-05
47,640,427,0.15,0.1512991859890581,50.0,0.7027200153041695,0.7026907256429261,1.7201689637831278e-05,0.7026907256429261,1.7201689637831278e-05,0.7026907256429261,1.7201689637831278e-05,0.7026907256429261,1.7201689637831278e-05,0.7026907256429261,1.7201689637831278e-05,0.7026907256429261,1.7201689637831278e-05,0.7026907256429261,1.7201689637831278e-05,0.7026907256429261,1.7201689637831278e-05,0.7026907256429261,1.7201689637831278e-05,0.702026656002685,0.0004072068779673
