img_index,width,height,noise_std,noise_std_est,avg_mass_loss,t_diff,max_rel_gain,rel_gain_synth_1,rel_error_synth_1,rel_gain_synth_2,rel_error_synth_2,rel_gain_synth_3,rel_error_synth_3,rel_gain_synth_4,rel_error_synth_4,rel_gain_synth_5,rel_error_synth_5,rel_gain_synth_6,rel_error_synth_6,rel_gain_synth_7,rel_error_synth_7,rel_gain_synth_8,rel_error_synth_8,rel_gain_synth_9,rel_error_synth_9,rel_gain_synth_10,rel_error_synth_10,rel_gain_synth_11,rel_error_synth_11,rel_gain_synth_12,rel_error_synth_12,rel_gain_synth_13,rel_error_synth_13,rel_gain_synth_14,rel_error_synth_14,rel_gain_synth_15,rel_error_synth_15,rel_gain_synth_16,rel_error_synth_16
47,488,325,0.05,0.05091623651644015,1.6419714165615805e-08,0.075,0.40744087,0.38096282,0.01881289,0.38607916,0.01517769,0.37070206,0.02610326,0.37924048,0.02003663,0.37239426,0.02490093,0.37581232,0.02247238,0.37239426,0.02490093,0.37753218,0.02125039,0.37239426,0.02490093,0.37581232,0.02247238,0.37410793,0.02368336,0.37581232,0.02247238,0.40331495,0.00293151,0.39240655,0.01068202,0.37410793,0.02368336,0.38777775,0.01397083
47,488,325,0.1,0.10109426307841941,3.283942833123161e-08,0.184,0.67895406,0.6553118,0.01408154,0.6641748,0.00880267,0.6342214,0.02664317,0.6503811,0.01701832,0.63738066,0.02476149,0.64383054,0.02091989,0.63738066,0.02476149,0.64627427,0.01946435,0.6342214,0.02664317,0.64220405,0.02188863,0.63499933,0.02617982,0.6334304,0.02711429,0.66646105,0.00744093,0.64530313,0.0200428,0.6318717,0.02804268,0.6585829,0.01213323
47,488,325,0.15,0.1510119080383572,4.9259142496847415e-08,0.342,0.9373609,0.92040634,0.00875138,0.93052965,0.00352605,0.8901601,0.02436347,0.914402,0.0118506,0.89197713,0.02342556,0.90356606,0.01744375,0.89197713,0.02342556,0.90545017,0.01647123,0.88132465,0.02892402,0.89106554,0.02389609,0.8942533,0.02225067,0.88132465,0.02892402,0.9058433,0.01626832,0.8957917,0.0214566,0.89151454,0.02366433,0.92443,0.00667449
