img_index,width,height,noise_std,noise_std_est,avg_mass_loss,t_diff,max_rel_gain,rel_gain_synth_1,rel_error_synth_1
9,360,480,0.05,0.054491913578222376,0.0003698702057721518,0.165,0.1610822246665252,0.11728982167366525,0.037716883492413804
9,360,480,0.1,0.10280413295777664,0.0006425474022318421,0.33,0.3451834076073139,0.322132734241047,0.017135710443579834
9,360,480,0.15,0.1529155573566693,0.0009484760622123119,0.5730000000000001,0.5358714812511262,0.5209991605535563,0.009683310667019366
