img_index,width,height,noise_std,noise_std_est,avg_mass_loss,t_diff,max_rel_gain,rel_gain_synth_2,rel_error_synth_2,rel_gain_synth_3,rel_error_synth_3,rel_gain_synth_4,rel_error_synth_4,rel_gain_synth_8,rel_error_synth_8
9,360,480,0.05,0.05457586151442457,0.00046476766196272725,0.383,0.13171028212216418,0.1216791609564151,0.008863682979833752,0.1228735082730136,0.00780833574524038,0.12135008781729699,0.009154458052143806,0.12222464944860634,0.008381679325004037
9,360,480,0.1,0.10306607682771647,0.0007019428306874729,0.764,0.3132569056041736,0.3131726326160584,6.417098418106183e-05,0.3132569056041736,0.0,0.31320249655460114,4.143062133562256e-05,0.3132569056041736,0.0
9,360,480,0.15,0.15278758893266667,0.000998963739115885,2.604,0.4828974861212849,0.476477055388988,0.00432965244892984,0.47906800256384763,0.0025824331036218904,0.47661907141766047,0.004233883166156336,0.478575487684416,0.002914563196255531
