img_index,width,height,noise_std,noise_std_est,avg_mass_loss,t_diff,max_rel_gain,rel_gain_synth_1,rel_error_synth_1,rel_gain_synth_2,rel_error_synth_2,rel_gain_synth_3,rel_error_synth_3,rel_gain_synth_4,rel_error_synth_4,rel_gain_synth_5,rel_error_synth_5,rel_gain_synth_6,rel_error_synth_6,rel_gain_synth_7,rel_error_synth_7,rel_gain_synth_8,rel_error_synth_8,rel_gain_synth_9,rel_error_synth_9,rel_gain_synth_10,rel_error_synth_10
9,360,480,0.05,0.05457060160560417,0.0002278549637200437,0.053,0.1762758014497821,0.12325695367277728,0.04507348337155121,0.1262300123616081,0.04254596500794425,0.12325695367277728,0.04507348337155121,0.12325695367277728,0.04507348337155121,0.12325695367277728,0.04507348337155121,0.12325695367277728,0.04507348337155121,0.12325695367277728,0.04507348337155121,0.12325695367277728,0.04507348337155121,0.12325695367277728,0.04507348337155121,0.12325695367277728,0.04507348337155121
9,360,480,0.1,0.10289465669101856,0.0004267742843681103,0.10400000000000001,0.3574619693769894,0.326702546481101,0.02265950987194545,0.3281720800001712,0.021576950248013847,0.32522205294626794,0.023750143398505685,0.326702546481101,0.02265950987194545,0.32522205294626794,0.023750143398505685,0.326702546481101,0.02265950987194545,0.32522205294626794,0.023750143398505685,0.326702546481101,0.02265950987194545,0.32522205294626794,0.023750143398505685,0.32522205294626794,0.023750143398505685
9,360,480,0.15,0.1534486162217238,0.0006656766094239949,0.169,0.5478309222630757,0.5200384792596738,0.017955735735507024,0.5219677155706014,0.016709322911484328,0.5180936174943703,0.01921224362492167,0.5200384792596738,0.017955735735507024,0.5180936174943703,0.01921224362492167,0.5190650691308207,0.018584622337300658,0.5180936174943703,0.01921224362492167,0.5190650691308207,0.018584622337300658,0.5171150147461036,0.019844484998440673,0.5180936174943703,0.01921224362492167
