img_index,width,height,noise_std,noise_std_est,avg_mass_loss,t_diff,psnr_start,max_rel_gain,rel_gain_synth_2,rel_error_synth_2,rel_gain_synth_3,rel_error_synth_3,rel_gain_synth_4,rel_error_synth_4,rel_gain_synth_8,rel_error_synth_8
9,360,480,0.05,0.0545758615144245,0.0004647676619627,0.383,26.012458624157095,0.1317102821221641,0.1216791609564151,0.0088636829798337,0.1228735082730136,0.0078083357452403,0.1213500878172969,0.0091544580521438,0.1222246494486063,0.008381679325004
9,360,480,0.1,0.1030660768277164,0.0007019428306874,0.764,19.99658436546465,0.3132569056041736,0.3131726326160584,6.417098418106183e-05,0.3132569056041736,0.0,0.3132024965546011,4.143062133562256e-05,0.3132569056041736,0.0
9,360,480,0.15,0.1527875889326666,0.0009989637391158,2.604,16.471771105694486,0.4828974861212849,0.476477055388988,0.0043296524489298,0.4790680025638476,0.0025824331036218,0.4766190714176604,0.0042338831661563,0.478575487684416,0.0029145631962555
