img_index,width,height,noise_std,noise_std_est,avg_mass_loss,t_diff,psnr_start,max_rel_gain,rel_gain_synth_1,rel_error_synth_1
9,360,480,0.05,0.0544919135782223,0.0003698702057721,0.165,26.011301876086396,0.1610822246665252,0.1172898216736652,0.0377168834924138
9,360,480,0.1,0.1028041329577766,0.0006425474022318,0.33,20.001750893066138,0.3451834076073139,0.322132734241047,0.0171357104435798
9,360,480,0.15,0.1529155573566693,0.0009484760622123,0.5730000000000001,16.473907970471803,0.5358714812511262,0.5209991605535563,0.0096833106670193
