img_index,width,height,noise_std,noise_std_est,t_diff,max_rel_gain,rel_gain_synth_1,rel_error_synth_1,rel_gain_synth_2,rel_error_synth_2,rel_gain_synth_3,rel_error_synth_3,rel_gain_synth_4,rel_error_synth_4,rel_gain_synth_5,rel_error_synth_5,rel_gain_synth_6,rel_error_synth_6,rel_gain_synth_7,rel_error_synth_7,rel_gain_synth_8,rel_error_synth_8,rel_gain_synth_9,rel_error_synth_9,rel_gain_synth_10,rel_error_synth_10
9,480,640,0.05,0.0555838469064136,0.39,0.1158381967507456,0.0898124119700233,0.0233239773082762,0.0938944982661361,0.0196656634882263,0.0979514368702322,0.0160298867099178,0.0938944982661361,0.0196656634882263,0.0898124119700233,0.0233239773082762,0.0898124119700233,0.0233239773082762,0.091852884315847,0.0214953319439524,0.0959301233487221,0.0178413621795656,0.091852884315847,0.0214953319439524,0.0877791618695277,0.025146150188194
9,480,640,0.1,0.1035115090711186,0.6900000000000001,0.2910463464443867,0.2863648579764939,0.0036261196050675,0.2859372900864875,0.0039572989552,0.2863648579764939,0.0036261196050675,0.2859372900864875,0.0039572989552,0.2863648579764939,0.0036261196050675,0.2863648579764939,0.0036261196050675,0.2859372900864875,0.0039572989552,0.2863648579764939,0.0036261196050675,0.2859372900864875,0.0039572989552,0.2867847190197503,0.003300909712787
9,480,640,0.15,0.1528891726518997,1.02,0.4741237607263739,0.473563872809495,0.0003798106589117,0.474109762979732,9.49563870742345e-06,0.474109762979732,9.49563870742345e-06,0.4740628389260272,4.13274665057012e-05,0.473563872809495,0.0003798106589117,0.473563872809495,0.0003798106589117,0.4737425526367624,0.0002585997863732,0.4740895737369776,2.3191397023173508e-05,0.4737425526367624,0.0002585997863732,0.473342129921541,0.0005302341809128
