img_index,width,height,noise_std,noise_std_est,avg_mass_loss,t_diff,max_rel_gain,rel_gain_synth_1,rel_error_synth_1,rel_gain_synth_2,rel_error_synth_2,rel_gain_synth_3,rel_error_synth_3,rel_gain_synth_4,rel_error_synth_4,rel_gain_synth_5,rel_error_synth_5,rel_gain_synth_6,rel_error_synth_6,rel_gain_synth_7,rel_error_synth_7,rel_gain_synth_8,rel_error_synth_8,rel_gain_synth_9,rel_error_synth_9,rel_gain_synth_10,rel_error_synth_10,rel_gain_synth_11,rel_error_synth_11,rel_gain_synth_12,rel_error_synth_12,rel_gain_synth_13,rel_error_synth_13,rel_gain_synth_14,rel_error_synth_14,rel_gain_synth_15,rel_error_synth_15,rel_gain_synth_16,rel_error_synth_16
9,360,480,0.05,0.05441116994616315,3.014081790123457e-08,0.056,0.16555378,0.1112433,0.04659629,0.11390212,0.04431512,0.10860471,0.0488601,0.1112433,0.04659629,0.10860471,0.0488601,0.1112433,0.04659629,0.10860471,0.0488601,0.1112433,0.04659629,0.10860471,0.0488601,0.1112433,0.04659629,0.10860471,0.0488601,0.1112433,0.04659629,0.132911,0.02800624,0.14094122,0.02111662,0.10860471,0.0488601,0.11390212,0.04431512
9,360,480,0.1,0.10337834617921099,6.028163580246914e-08,0.11900000000000001,0.34923,0.3157211,0.02483558,0.3157211,0.02483558,0.31093776,0.02838079,0.31452093,0.02572509,0.3121277,0.02749886,0.3133257,0.02661096,0.3121277,0.02749886,0.3133257,0.02661096,0.31093776,0.02838079,0.3133257,0.02661096,0.3121277,0.02749886,0.3121277,0.02749886,0.33434606,0.01103144,0.34042564,0.00652547,0.3121277,0.02749886,0.3157211,0.02483558
9,360,480,0.15,0.15263205430444587,6.028163580246914e-08,0.202,0.5388387,0.5122952,0.01724905,0.5129734,0.01680831,0.5068559,0.02078373,0.51093614,0.01813223,0.50753343,0.02034344,0.50957566,0.01901631,0.50753343,0.02034344,0.50957566,0.01901631,0.5061748,0.02122633,0.50753343,0.02034344,0.50753343,0.02034344,0.5061748,0.02122633,0.53171235,0.00463098,0.53366923,0.00335932,0.50753343,0.02034344,0.51161563,0.01769068
