img_index,width,height,noise_std,noise_std_est,avg_mass_loss,t_diff,max_rel_gain,rel_gain_synth_1,rel_error_synth_1,rel_gain_synth_2,rel_error_synth_2,rel_gain_synth_3,rel_error_synth_3,rel_gain_synth_4,rel_error_synth_4,rel_gain_synth_5,rel_error_synth_5,rel_gain_synth_6,rel_error_synth_6,rel_gain_synth_7,rel_error_synth_7,rel_gain_synth_8,rel_error_synth_8,rel_gain_synth_9,rel_error_synth_9,rel_gain_synth_10,rel_error_synth_10,rel_gain_synth_11,rel_error_synth_11,rel_gain_synth_12,rel_error_synth_12,rel_gain_synth_13,rel_error_synth_13,rel_gain_synth_14,rel_error_synth_14,rel_gain_synth_15,rel_error_synth_15,rel_gain_synth_16,rel_error_synth_16
9,360,480,0.05,0.0542336453591973,6.028163580246914e-08,0.054,0.16491596,0.11113559,0.04616674,0.11398871,0.04371754,0.108302,0.04859919,0.11113559,0.04616674,0.11113559,0.04616674,0.11113559,0.04616674,0.11113559,0.04616674,0.11113559,0.04616674,0.108302,0.04859919,0.11113559,0.04616674,0.11113559,0.04616674,0.11113559,0.04616674,0.13135228,0.02881212,0.14265352,0.01911077,0.11113559,0.04616674,0.11398871,0.04371754
9,360,480,0.1,0.10315746252990331,6.028163580246914e-08,0.108,0.34911105,0.31680134,0.0239489,0.3181854,0.022923,0.31402338,0.02600799,0.31540856,0.02498125,0.31540856,0.02498125,0.31540856,0.02498125,0.31540856,0.02498125,0.31540856,0.02498125,0.31540856,0.02498125,0.31540856,0.02498125,0.31402338,0.02600799,0.31402338,0.02600799,0.33287826,0.01203221,0.341936,0.00531836,0.31402338,0.02600799,0.3181854,0.022923
9,360,480,0.15,0.1529983732121118,9.04224537037037e-08,0.17400000000000002,0.54084164,0.5157789,0.01626563,0.51664555,0.01570315,0.51403934,0.01739457,0.5149106,0.01682917,0.5149106,0.01682917,0.51403934,0.01739457,0.5157789,0.01626563,0.51403934,0.01739457,0.5157789,0.01626563,0.51403934,0.01739457,0.51403934,0.01739457,0.51229095,0.01852927,0.53183085,0.00584796,0.53723097,0.00234332,0.51229095,0.01852927,0.5157789,0.01626563
