img_index,width,height,noise_std,noise_std_est,t_diff,max_rel_gain,rel_gain_synth_1,rel_error_synth_1,rel_gain_synth_2,rel_error_synth_2,rel_gain_synth_3,rel_error_synth_3,rel_gain_synth_4,rel_error_synth_4,rel_gain_synth_5,rel_error_synth_5,rel_gain_synth_6,rel_error_synth_6,rel_gain_synth_7,rel_error_synth_7,rel_gain_synth_8,rel_error_synth_8,rel_gain_synth_9,rel_error_synth_9,rel_gain_synth_10,rel_error_synth_10
74,640,413,0.05,0.0513875047426818,0.64,0.2258509775301532,0.2202647863154181,0.0045569904638736,0.2251240726407747,0.0005929798178593,0.2253724538869698,0.0003903603716559,0.224136346839586,0.0013987268615813,0.2196972969756551,0.0050199254781332,0.2196972969756551,0.0050199254781332,0.2218760916457001,0.0032425522818945,0.224136346839586,0.0013987268615813,0.2213559670907219,0.0036668490067919,0.2196972969756551,0.0050199254781332
74,640,413,0.1,0.1015861617573739,1.43,0.445040247358035,0.4435812618863802,0.0010096504054625,0.4439622315890257,0.0007460108955305,0.443870568335964,0.0008094439059462,0.443058111177914,0.0013716823346234,0.443870568335964,0.0008094439059462,0.4441376487000937,0.0006246183520434,0.443058111177914,0.0013716823346234,0.4431663534074442,0.0012967763036474,0.443058111177914,0.0013716823346234,0.444221134397824,0.0005668443918489
74,640,413,0.15,0.1516947243826122,50.0,0.6413439323781641,0.6409683682534365,0.0002288150078232,0.6353050962040474,0.0036792021799885,0.6353050962040474,0.0036792021799885,0.6364691711687203,0.0029699815579668,0.6408284447505251,0.0003140643575488,0.6407890098681693,0.0003380903289359,0.6413016804753837,2.5742260319067302e-05,0.6371354113033523,0.0025640702060013,0.6413263513160483,1.0711382160113936e-05,0.6404014598920119,0.0005742077985974
