img_index,width,height,noise_std,noise_std_est,avg_mass_loss,t_diff,max_rel_gain,rel_gain_synth_1,rel_error_synth_1,rel_gain_synth_2,rel_error_synth_2,rel_gain_synth_3,rel_error_synth_3,rel_gain_synth_4,rel_error_synth_4,rel_gain_synth_5,rel_error_synth_5,rel_gain_synth_6,rel_error_synth_6,rel_gain_synth_7,rel_error_synth_7,rel_gain_synth_8,rel_error_synth_8,rel_gain_synth_9,rel_error_synth_9,rel_gain_synth_10,rel_error_synth_10
74,540,348,0.05,0.05114821537319255,0.000317394578126856,0.07200000000000001,0.3400020046788398,0.29499504106469004,0.033587236031737584,0.29971410022177475,0.030065555362151032,0.2926289239765268,0.03535299241113222,0.2973553150289996,0.03182584018600881,0.2926289239765268,0.03535299241113222,0.29499504106469004,0.033587236031737584,0.2926289239765268,0.03535299241113222,0.29499504106469004,0.033587236031737584,0.2902676525510278,0.03711513262976933,0.2926289239765268,0.03535299241113222
74,540,348,0.1,0.10125885422435861,0.0005981664306320732,0.14400000000000002,0.5687013773251506,0.5151459640362687,0.03413996702176756,0.5199964822801721,0.031047907364005117,0.510283058388825,0.0372399232771356,0.5151459640362687,0.03413996702176756,0.5086546807410623,0.03827796510670251,0.5135301757820822,0.03516998349114911,0.5086546807410623,0.03827796510670251,0.5135301757820822,0.03516998349114911,0.5086546807410623,0.03827796510670251,0.510283058388825,0.0372399232771356
74,540,348,0.15,0.15148247323047728,0.0008696154186758334,0.221,0.7820172852375891,0.7184397554070943,0.03567728010114011,0.7238930638933357,0.03261709177894077,0.7116183315609631,0.03950520248025535,0.7184397554070943,0.03567728010114011,0.7102553627498585,0.04027004849067045,0.7143466766931807,0.037974159456812484,0.7116183315609631,0.03950520248025535,0.7157111521886405,0.03720846795271589,0.7075249964316204,0.041802225726467586,0.7088887243585148,0.04103695372928123
