img_index,width,height,noise_std,noise_std_est,avg_mass_loss,t_diff,max_rel_gain,rel_gain_synth_1,rel_error_synth_1,rel_gain_synth_2,rel_error_synth_2,rel_gain_synth_3,rel_error_synth_3,rel_gain_synth_4,rel_error_synth_4,rel_gain_synth_5,rel_error_synth_5,rel_gain_synth_6,rel_error_synth_6,rel_gain_synth_7,rel_error_synth_7,rel_gain_synth_8,rel_error_synth_8,rel_gain_synth_9,rel_error_synth_9,rel_gain_synth_10,rel_error_synth_10,rel_gain_synth_11,rel_error_synth_11,rel_gain_synth_12,rel_error_synth_12,rel_gain_synth_13,rel_error_synth_13,rel_gain_synth_14,rel_error_synth_14,rel_gain_synth_15,rel_error_synth_15,rel_gain_synth_16,rel_error_synth_16
74,540,348,0.05,0.05099472752824308,2.771569462182489e-08,0.073,0.3270621,0.28228667,0.03374028,0.28459224,0.03200293,0.27538472,0.0389412,0.27998775,0.03547261,0.27768204,0.03721007,0.27998775,0.03547261,0.27768204,0.03721007,0.27998775,0.03547261,0.27538472,0.0389412,0.27538472,0.0389412,0.27768204,0.03721007,0.27768204,0.03721007,0.32124552,0.00438307,0.3270621,0.,0.27998775,0.03547261,0.28459224,0.03200293
74,540,348,0.1,0.10119623986803043,5.543138924364978e-08,0.148,0.5602741,0.50666684,0.03435762,0.5112635,0.03141155,0.5005361,0.0382869,0.5051333,0.03534047,0.50206757,0.03730532,0.50359863,0.03632405,0.50206757,0.03730532,0.5051333,0.03534047,0.5005361,0.0382869,0.5005361,0.0382869,0.50206757,0.03730532,0.49900377,0.03926896,0.5541183,0.00394536,0.5595119,0.00048851,0.5005361,0.0382869,0.50973225,0.03239295
74,540,348,0.15,0.15148926773266128,5.543138924364978e-08,0.23700000000000002,0.77598417,0.7087127,0.03787843,0.71365744,0.03509419,0.70747846,0.03857337,0.7037739,0.0406593,0.7037739,0.0406593,0.7050087,0.03996404,0.7111847,0.03648654,0.70747846,0.03857337,0.7050087,0.03996404,0.70130897,0.04204724,0.7037739,0.0406593,0.69395286,0.04618923,0.7678803,0.00456304,0.7759624,1.22465435e-05,0.6951743,0.04550148,0.7087127,0.03787843
