img_index,width,height,noise_std,noise_std_est,avg_mass_loss,t_diff,max_rel_gain,rel_gain_synth_1,rel_error_synth_1,rel_gain_synth_2,rel_error_synth_2,rel_gain_synth_3,rel_error_synth_3,rel_gain_synth_4,rel_error_synth_4,rel_gain_synth_5,rel_error_synth_5,rel_gain_synth_6,rel_error_synth_6,rel_gain_synth_7,rel_error_synth_7,rel_gain_synth_8,rel_error_synth_8,rel_gain_synth_9,rel_error_synth_9,rel_gain_synth_10,rel_error_synth_10,rel_gain_synth_11,rel_error_synth_11,rel_gain_synth_12,rel_error_synth_12,rel_gain_synth_13,rel_error_synth_13,rel_gain_synth_14,rel_error_synth_14,rel_gain_synth_15,rel_error_synth_15,rel_gain_synth_16,rel_error_synth_16
74,540,348,0.05,0.05101236702711075,5.543138924364978e-08,0.077,0.326698,0.27789268,0.03678707,0.28215528,0.03357413,0.2715389,0.04157623,0.27789268,0.03678707,0.27364716,0.03998712,0.2757724,0.03838524,0.27364716,0.03998712,0.2757724,0.03838524,0.27364716,0.03998712,0.2757724,0.03838524,0.27364716,0.03998712,0.2757724,0.03838524,0.32212877,0.00344406,0.32666454,2.5230813e-05,0.27364716,0.03998712,0.28215528,0.03357413
74,540,348,0.1,0.10115727323173061,5.543138924364978e-08,0.167,0.5583535,0.50266266,0.03573699,0.50780416,0.03243767,0.49120203,0.04309129,0.500098,0.03738274,0.4924636,0.04228175,0.49627405,0.03983656,0.4924636,0.04228175,0.49754336,0.03902204,0.48993945,0.0439015,0.49373356,0.04146681,0.4924636,0.04228175,0.48993945,0.0439015,0.55430984,0.00259482,0.55816454,0.00012125,0.49120203,0.04309129,0.5039503,0.03491069
74,540,348,0.15,0.1517220572649111,5.543138924364978e-08,0.306,0.7701769,0.6907751,0.0448553,0.69932234,0.04002683,0.6744462,0.05407971,0.68659234,0.0472182,0.6744462,0.05407971,0.68003684,0.05092148,0.6744462,0.05407971,0.68165946,0.05000485,0.66823167,0.05759041,0.6713164,0.05584779,0.6736606,0.05452353,0.66976744,0.05672284,0.7643825,0.00327336,0.76797533,0.0012437,0.6744462,0.05407971,0.69331765,0.04341896
