img_index,width,height,noise_std,noise_std_est,avg_mass_loss,t_diff,max_rel_gain,rel_gain_synth_1,rel_error_synth_1,rel_gain_synth_2,rel_error_synth_2,rel_gain_synth_3,rel_error_synth_3,rel_gain_synth_4,rel_error_synth_4,rel_gain_synth_5,rel_error_synth_5,rel_gain_synth_6,rel_error_synth_6,rel_gain_synth_7,rel_error_synth_7,rel_gain_synth_8,rel_error_synth_8,rel_gain_synth_9,rel_error_synth_9,rel_gain_synth_10,rel_error_synth_10
23,390,242,0.05,0.05165451090270525,0.0002833655207332253,0.06,0.31856420798569474,0.29808859308020136,0.015528720392595018,0.30645808299751726,0.009181293497016282,0.2946790967795625,0.018114484726246546,0.29979164005944126,0.014237128395083155,0.2946790967795625,0.018114484726246546,0.2963895924841671,0.016817243610307547,0.2946790967795625,0.018114484726246546,0.2963895924841671,0.016817243610307547,0.2946790967795625,0.018114484726246546,0.2963895924841671,0.016817243610307547
23,390,242,0.1,0.10219410053032262,0.0005668973484477344,0.145,0.5900540549104157,0.5687328816609342,0.013409087058164713,0.5790703552698002,0.006907752353887325,0.5605289901233149,0.018568591863856048,0.5696358941985162,0.01284117395181885,0.5605289901233149,0.018568591863856048,0.563275432589114,0.01684132827975496,0.5614432396496856,0.017993611709220873,0.563275432589114,0.01684132827975496,0.558697980179289,0.01972013129634984,0.5623575812876767,0.01741857362471844
23,390,242,0.15,0.15174590759517553,0.0008781034664639973,0.247,0.845003389327171,0.8150750726215125,0.016221280068527504,0.8306968961134126,0.007754182619130933,0.8010024934211972,0.023848680257449226,0.8150750726215125,0.016221280068527504,0.8003014174278283,0.024228666547677403,0.8045191510857643,0.02194263624424579,0.8010024934211972,0.023848680257449226,0.805923885527971,0.021181263961499452,0.7989045240272046,0.02498578895119405,0.8045191510857643,0.02194263624424579
