img_index,width,height,noise_std,noise_std_est,avg_mass_loss,t_diff,max_rel_gain,rel_gain_synth_1,rel_error_synth_1,rel_gain_synth_2,rel_error_synth_2,rel_gain_synth_3,rel_error_synth_3,rel_gain_synth_4,rel_error_synth_4,rel_gain_synth_5,rel_error_synth_5,rel_gain_synth_6,rel_error_synth_6,rel_gain_synth_7,rel_error_synth_7,rel_gain_synth_8,rel_error_synth_8,rel_gain_synth_9,rel_error_synth_9,rel_gain_synth_10,rel_error_synth_10,rel_gain_synth_11,rel_error_synth_11,rel_gain_synth_12,rel_error_synth_12,rel_gain_synth_13,rel_error_synth_13,rel_gain_synth_14,rel_error_synth_14,rel_gain_synth_15,rel_error_synth_15,rel_gain_synth_16,rel_error_synth_16
23,390,242,0.05,0.05184816286707068,2.7592357137811683e-08,0.067,0.30458128,0.2825702,0.01687214,0.28875405,0.01213204,0.2733675,0.0239263,0.28101042,0.01806777,0.276401,0.02160101,0.276401,0.02160101,0.276401,0.02160101,0.276401,0.02160101,0.276401,0.02160101,0.27947092,0.01924785,0.276401,0.02160101,0.276401,0.02160101,0.30450523,5.831537e-05,0.30349186,0.00083508,0.276401,0.02160101,0.29026866,0.01097107
23,390,242,0.1,0.10154490033976829,1.3796178568905841e-08,0.171,0.5778427,0.5585013,0.01225813,0.5687627,0.00575468,0.54015946,0.02388275,0.55563474,0.01407489,0.5442849,0.02126818,0.5477737,0.01905701,0.543575,0.02171809,0.5470818,0.01949553,0.54567915,0.02038449,0.55204874,0.01634762,0.543575,0.02171809,0.5442849,0.02126818,0.5697281,0.00514288,0.5638749,0.00885248,0.5408276,0.02345934,0.5674743,0.00657124
23,390,242,0.15,0.15280551875144024,2.7592357137811683e-08,0.47200000000000003,0.83590055,0.78857964,0.0257753,0.8149658,0.011403,0.7453089,0.04934453,0.7817205,0.02951141,0.7515212,0.04596072,0.7607466,0.04093573,0.74930835,0.04716606,0.75908816,0.04183906,0.75053436,0.04649827,0.7695628,0.03613361,0.7522578,0.0455595,0.74552673,0.04922589,0.819959,0.00868322,0.8221323,0.00749945,0.7467,0.04858681,0.80649424,0.01601736
