img_index,width,height,noise_std,noise_std_est,avg_mass_loss,t_diff,max_rel_gain,rel_gain_synth_1,rel_error_synth_1,rel_gain_synth_2,rel_error_synth_2,rel_gain_synth_3,rel_error_synth_3,rel_gain_synth_4,rel_error_synth_4,rel_gain_synth_5,rel_error_synth_5,rel_gain_synth_6,rel_error_synth_6,rel_gain_synth_7,rel_error_synth_7,rel_gain_synth_8,rel_error_synth_8,rel_gain_synth_9,rel_error_synth_9,rel_gain_synth_10,rel_error_synth_10,rel_gain_synth_11,rel_error_synth_11,rel_gain_synth_12,rel_error_synth_12,rel_gain_synth_13,rel_error_synth_13,rel_gain_synth_14,rel_error_synth_14,rel_gain_synth_15,rel_error_synth_15,rel_gain_synth_16,rel_error_synth_16
23,390,242,0.05,0.051471271473590346,2.7592357137811683e-08,0.062,0.3035419,0.28277948,0.01592769,0.28775468,0.012111,0.27617764,0.02099223,0.28277948,0.01592769,0.2778244,0.01972893,0.27946827,0.01846785,0.2778244,0.01972893,0.27946827,0.01846785,0.2778244,0.01972893,0.27946827,0.01846785,0.2778244,0.01972893,0.27946827,0.01846785,0.30343354,8.3130944e-05,0.3022563,0.00098624,0.27946827,0.01846785,0.28937465,0.01086826
23,390,242,0.1,0.10155447050965978,1.3796178568905841e-08,0.14200000000000002,0.57876223,0.5644445,0.00906897,0.57175815,0.00443644,0.55468285,0.01525205,0.5636621,0.00956455,0.5571739,0.01367422,0.5588249,0.01262846,0.5571739,0.01367422,0.5588249,0.01262846,0.5571739,0.01367422,0.5588249,0.01262846,0.55551666,0.01472393,0.55551666,0.01472393,0.57154745,0.0045699,0.55715716,0.01368483,0.55634373,0.01420006,0.57108617,0.00486209
23,390,242,0.15,0.15218192269895772,1.9314649996468179e-07,0.296,0.8359911,0.80108416,0.01901258,0.81963503,0.00890857,0.78050256,0.03022266,0.7962656,0.02163707,0.7845095,0.02804024,0.78623545,0.02710016,0.7891506,0.02551236,0.78739303,0.02646966,0.78566474,0.027411,0.7885542,0.02583722,0.78050256,0.03022266,0.77270514,0.03446965,0.82460177,0.00620336,0.81172127,0.01321893,0.77270514,0.03446965,0.8155609,0.01112762
