img_index,width,height,noise_std,noise_std_est,t_diff,max_rel_gain,rel_gain_synth_1,rel_error_synth_1,rel_gain_synth_2,rel_error_synth_2,rel_gain_synth_3,rel_error_synth_3,rel_gain_synth_4,rel_error_synth_4,rel_gain_synth_5,rel_error_synth_5,rel_gain_synth_6,rel_error_synth_6,rel_gain_synth_7,rel_error_synth_7,rel_gain_synth_8,rel_error_synth_8,rel_gain_synth_9,rel_error_synth_9,rel_gain_synth_10,rel_error_synth_10
23,640,398,0.05,0.0522785239799756,0.6900000000000001,0.2159205438507339,0.2145646378069907,0.001115127177183,0.2159054842297381,1.2385366027437791e-05,0.2159054842297381,1.2385366027437791e-05,0.2158283952689823,7.578503564042623e-05,0.2143897300340458,0.0012589752056003,0.2142095726202132,0.0014071406550153,0.2150503551844486,0.0007156624424894,0.2158283952689823,7.578503564042623e-05,0.2150503551844486,0.0007156624424894,0.2142095726202132,0.0014071406550153
23,640,398,0.1,0.1019525457857077,2.32,0.4692539107401594,0.4685755197899898,0.0004617247878059,0.4675692162195951,0.0011466326604607,0.4679899319516611,0.0008602861488124,0.4692319707531662,1.4932740238301405e-05,0.4678913143992638,0.0009274069859097,0.467267694102035,0.0013518539059894,0.4692319707531662,1.4932740238301405e-05,0.4690386575362356,0.0001465051087155,0.4691866674645883,4.5766953607877e-05,0.4671378091541853,0.0014402558812371
23,640,398,0.15,0.1519202344355081,50.0,0.6807461738435612,0.6807461202028903,3.1914795799430075e-08,0.6807461202028903,3.1914795799430075e-08,0.6807461202028903,3.1914795799430075e-08,0.6807461202028903,3.1914795799430075e-08,0.6803617334030115,0.0002287320039946,0.6803166994072204,0.000255526053264,0.6807461202028903,3.1914795799430075e-08,0.6807461202028903,3.1914795799430075e-08,0.6807461202028903,3.1914795799430075e-08,0.6782499022448758,0.0014852162911528
