img_index,width,height,noise_std,noise_std_est,avg_mass_loss,t_diff,max_rel_gain,rel_gain_synth_1,rel_error_synth_1,rel_gain_synth_2,rel_error_synth_2,rel_gain_synth_3,rel_error_synth_3,rel_gain_synth_4,rel_error_synth_4,rel_gain_synth_5,rel_error_synth_5,rel_gain_synth_6,rel_error_synth_6,rel_gain_synth_7,rel_error_synth_7,rel_gain_synth_8,rel_error_synth_8,rel_gain_synth_9,rel_error_synth_9,rel_gain_synth_10,rel_error_synth_10,rel_gain_synth_11,rel_error_synth_11,rel_gain_synth_12,rel_error_synth_12,rel_gain_synth_13,rel_error_synth_13,rel_gain_synth_14,rel_error_synth_14,rel_gain_synth_15,rel_error_synth_15,rel_gain_synth_16,rel_error_synth_16
62,500,333,0.05,0.060893721203853377,6.256256256256256e-08,0.054,0.08218381,0.00845465,0.08375514,0.00845465,0.08375514,0.00845465,0.08375514,0.00845465,0.08375514,0.00845465,0.08375514,0.00845465,0.08375514,0.00845465,0.08375514,0.00845465,0.08375514,0.00845465,0.08375514,0.00845465,0.08375514,0.00845465,0.08375514,0.00845465,0.08375514,0.00841117,0.06817015,0.01884334,0.05853023,0.00845465,0.08375514,0.00845465,0.08375514
62,500,333,0.1,0.10655011869575287,9.384384384384384e-08,0.097,0.20743088,0.15515128,0.04329821,0.15515128,0.04329821,0.15330665,0.04482594,0.15330665,0.04482594,0.15330665,0.04482594,0.15330665,0.04482594,0.15330665,0.04482594,0.15330665,0.04482594,0.15330665,0.04482594,0.15330665,0.04482594,0.15330665,0.04482594,0.15330665,0.04482594,0.1680246,0.03263646,0.17696714,0.0252302,0.15330665,0.04482594,0.15515128,0.04329821
62,500,333,0.15,0.1557725438538037,6.256256256256256e-08,0.15,0.34437677,0.30257636,0.03109276,0.30257636,0.03109276,0.30134228,0.03201073,0.30134228,0.03201073,0.30134228,0.03201073,0.30134228,0.03201073,0.30257636,0.03109276,0.30134228,0.03201073,0.30134228,0.03201073,0.30134228,0.03201073,0.30134228,0.03201073,0.30010277,0.03293272,0.31353015,0.02294492,0.3205176,0.01774738,0.30010277,0.03293272,0.30257636,0.03109276
