img_index,width,height,noise_std,noise_std_est,avg_mass_loss,t_diff,max_rel_gain,rel_gain_synth_1,rel_error_synth_1,rel_gain_synth_2,rel_error_synth_2,rel_gain_synth_3,rel_error_synth_3,rel_gain_synth_4,rel_error_synth_4,rel_gain_synth_5,rel_error_synth_5,rel_gain_synth_6,rel_error_synth_6,rel_gain_synth_7,rel_error_synth_7,rel_gain_synth_8,rel_error_synth_8,rel_gain_synth_9,rel_error_synth_9,rel_gain_synth_10,rel_error_synth_10
62,500,333,0.05,0.06109329303299017,0.0002516574353453129,0.054,0.0905665211032101,9.970665781589267e-07,0.08304447485240647,0.003460454772708445,0.07987230915761628,9.970665781589267e-07,0.08304447485240647,0.003460454772708445,0.07987230915761628,9.970665781589267e-07,0.08304447485240647,9.970665781589267e-07,0.08304447485240647,9.970665781589267e-07,0.08304447485240647,9.970665781589267e-07,0.08304447485240647,9.970665781589267e-07,0.08304447485240647,9.970665781589267e-07,0.08304447485240647
62,500,333,0.1,0.10730206032143556,0.00043607459368679005,0.096,0.21414658998448702,0.16010243822991327,0.04451204838063605,0.16010243822991327,0.04451204838063605,0.15814157046495436,0.0461270656949654,0.16010243822991327,0.04451204838063605,0.15814157046495436,0.0461270656949654,0.15814157046495436,0.0461270656949654,0.15814157046495436,0.0461270656949654,0.16010243822991327,0.04451204838063605,0.15814157046495436,0.0461270656949654,0.15814157046495436,0.0461270656949654
62,500,333,0.15,0.15582310282458292,0.000634165487111988,0.145,0.35140303789587574,0.30833517163793095,0.03186900210391798,0.30967611577014414,0.030876741398110304,0.30833517163793095,0.03186900210391798,0.30833517163793095,0.03186900210391798,0.3069866581497708,0.03286686391889492,0.30833517163793095,0.03186900210391798,0.30833517163793095,0.03186900210391798,0.30833517163793095,0.03186900210391798,0.3069866581497708,0.03286686391889492,0.3069866581497708,0.03286686391889492
