img_index,width,height,noise_std,noise_std_est,t_diff,max_rel_gain,rel_gain_synth_1,rel_error_synth_1,rel_gain_synth_2,rel_error_synth_2,rel_gain_synth_3,rel_error_synth_3,rel_gain_synth_4,rel_error_synth_4,rel_gain_synth_5,rel_error_synth_5,rel_gain_synth_6,rel_error_synth_6,rel_gain_synth_7,rel_error_synth_7,rel_gain_synth_8,rel_error_synth_8,rel_gain_synth_9,rel_error_synth_9,rel_gain_synth_10,rel_error_synth_10
62,640,427,0.05,0.0669400833034863,0.25,0.0451088001271113,0.0384012639845051,0.0799056175792028,0.0266371334186342,0.0686492483242122,0.0266371334186342,0.0686492483242122,0.0266371334186342,0.0686492483242122,0.0384012639845051,0.0799056175792028,0.0384012639845051,0.0799056175792028,0.0325969459392034,0.0743518244769002,0.0266371334186342,0.0686492483242122,0.0325969459392034,0.0743518244769002,0.0384012639845051,0.0799056175792028
62,640,427,0.1,0.1109153747338953,0.4,0.1511357286010927,0.115307720468058,0.0311240518757718,0.115307720468058,0.0311240518757718,0.115307720468058,0.0311240518757718,0.115307720468058,0.0311240518757718,0.115307720468058,0.0311240518757718,0.115307720468058,0.0311240518757718,0.115307720468058,0.0311240518757718,0.115307720468058,0.0311240518757718,0.115307720468058,0.0311240518757718,0.117755966143151,0.0289972430084384
62,640,427,0.15,0.1583114617727521,0.55,0.2797862614823435,0.2667223535638692,0.0102078826063835,0.2644902482731925,0.011952006104077,0.2644902482731925,0.011952006104077,0.2644902482731925,0.011952006104077,0.2667223535638692,0.0102078826063835,0.2667223535638692,0.0102078826063835,0.2656097750812815,0.0110772297122815,0.2644902482731925,0.011952006104077,0.2656097750812815,0.0110772297122815,0.2667223535638692,0.0102078826063835
