img_index,width,height,noise_std,noise_std_est,avg_mass_loss,t_diff,max_rel_gain,rel_gain_synth_1,rel_error_synth_1,rel_gain_synth_2,rel_error_synth_2,rel_gain_synth_3,rel_error_synth_3,rel_gain_synth_4,rel_error_synth_4,rel_gain_synth_5,rel_error_synth_5,rel_gain_synth_6,rel_error_synth_6,rel_gain_synth_7,rel_error_synth_7,rel_gain_synth_8,rel_error_synth_8,rel_gain_synth_9,rel_error_synth_9,rel_gain_synth_10,rel_error_synth_10,rel_gain_synth_11,rel_error_synth_11,rel_gain_synth_12,rel_error_synth_12,rel_gain_synth_13,rel_error_synth_13,rel_gain_synth_14,rel_error_synth_14,rel_gain_synth_15,rel_error_synth_15,rel_gain_synth_16,rel_error_synth_16
62,500,333,0.05,0.06087538046803546,9.384384384384384e-08,0.056,0.08245448,0.00520341,0.08098067,0.00520341,0.08098067,0.00827155,0.08381511,0.00827155,0.08381511,0.00827155,0.08381511,0.00827155,0.08381511,0.00827155,0.08381511,0.00827155,0.08381511,0.00827155,0.08381511,0.00827155,0.08381511,0.00827155,0.08381511,0.00827155,0.08381511,0.01059722,0.06638363,0.02038245,0.05734377,0.00827155,0.08381511,0.00520341,0.08098067
62,500,333,0.1,0.10701309019401313,6.256256256256256e-08,0.105,0.20725895,0.15235785,0.04547584,0.15396619,0.04414361,0.15075745,0.04680148,0.15235785,0.04547584,0.15075745,0.04680148,0.15235785,0.04547584,0.15075745,0.04680148,0.15235785,0.04547584,0.15075745,0.04680148,0.15075745,0.04680148,0.15075745,0.04680148,0.15075745,0.04680148,0.1668567,0.0334661,0.1732304,0.02818663,0.15075745,0.04680148,0.15396619,0.04414361
62,500,333,0.15,0.1560017749507139,6.256256256256256e-08,0.17300000000000001,0.34321564,0.29821828,0.03349973,0.2991847,0.03278024,0.29532182,0.03565608,0.29725137,0.03421957,0.29532182,0.03565608,0.29628575,0.03493847,0.29532182,0.03565608,0.29628575,0.03493847,0.2943586,0.03637318,0.29532182,0.03565608,0.29532182,0.03565608,0.2943586,0.03637318,0.31360555,0.02204417,0.31548998,0.02064125,0.29532182,0.03565608,0.29821828,0.03349973
