energy,prior,fidelity,mass,psnr,ssim_indices
6726.060942624689,6726.060942624689,0.0,0.0,26.01807636658571,0.611211481297631
3925.317748839208,3767.234602077309,158.0831467618992,59.696454384713434,28.56575088323261,0.7118839299544847
3074.435043251945,2701.4526092945216,372.9824339574232,113.18271783704404,29.521253508656308,0.7674994559546543
2741.8315880847476,2194.4619673585303,547.3696207262172,161.1173712842865,29.618850953778754,0.7979483654179312
2588.6541365475096,1905.7443238215594,682.9098127259504,204.0858196556801,29.375053511027986,0.814868007131822
2511.69982942365,1721.5259283891885,790.1739010344618,242.60940857231617,29.033435588511797,0.8242790362280662
