img_index,width,height,noise_std,noise_std_est,avg_mass_loss,t_diff,max_rel_gain,rel_gain_synth_1,rel_error_synth_1,rel_gain_synth_2,rel_error_synth_2,rel_gain_synth_3,rel_error_synth_3,rel_gain_synth_4,rel_error_synth_4,rel_gain_synth_5,rel_error_synth_5,rel_gain_synth_6,rel_error_synth_6,rel_gain_synth_7,rel_error_synth_7,rel_gain_synth_8,rel_error_synth_8,rel_gain_synth_9,rel_error_synth_9,rel_gain_synth_10,rel_error_synth_10
86,213,320,0.05,0.05463325606461778,0.00028616003606723084,0.055,0.15950936839009885,0.10713832205996034,0.045166557302466825,0.10713832205996034,0.045166557302466825,0.10413299744041546,0.047758450651045434,0.10713832205996034,0.045166557302466825,0.10413299744041546,0.047758450651045434,0.10713832205996034,0.045166557302466825,0.10413299744041546,0.047758450651045434,0.10713832205996034,0.045166557302466825,0.10114647727037138,0.05033412640793101,0.10413299744041546,0.047758450651045434
86,213,320,0.1,0.10398826211920872,0.0005060862385842395,0.109,0.31449830127636086,0.2747242626676824,0.03025796120851458,0.2747242626676824,0.03025796120851458,0.27314784682664994,0.03145721406376876,0.2747242626676824,0.03025796120851458,0.27157449250373406,0.032654137879789075,0.2747242626676824,0.03025796120851458,0.27157449250373406,0.032654137879789075,0.27629699165719207,0.029061513112703004,0.26999567488907356,0.033855217875957556,0.27157449250373406,0.032654137879789075
86,213,320,0.15,0.15301034986914078,0.0007680896403393011,0.167,0.4735376317027698,0.4402742979041237,0.022573793219117295,0.4402742979041237,0.022573793219117295,0.4380989676457874,0.024050057015531204,0.4402742979041237,0.022573793219117295,0.43700659114068713,0.02479138623685415,0.4402742979041237,0.022573793219117295,0.43700659114068713,0.02479138623685415,0.4413592311700159,0.021837515269677685,0.4359098317138921,0.02553568987946128,0.43700659114068713,0.02479138623685415
