energy,prior,fidelity,mass,psnr,ssim_indices
2741.2389846805063,2741.2389846805063,0.0,0.0,26.009510915530754,0.6851312898899277
1712.3892333342158,1653.3996494362516,58.989583897964195,19.07769089633075,27.96351398702879,0.7542281384541326
1372.7292979832857,1229.1568885539414,143.57240942934428,36.26417892232712,27.874152717019626,0.7852262843191121
1232.3626175636043,1017.4833739923868,214.8792435712175,51.751616850429855,27.256259798562972,0.7980903801635826
1164.7735821990022,893.45799722971,271.31558496929216,65.71038281799702,26.64300934125238,0.8026339561337097
