energy,prior,fidelity,mass,psnr,ssim_indices
5803.124180309715,5803.124180309715,0.0,0.0,19.991220923939814,0.503598445253907
3081.2611812936216,2930.906038867563,150.3551424260588,19.21597882464266,22.57052170853646,0.5780740164296594
2287.6289995631937,1943.2325832037302,344.3964163594637,36.46819529590721,23.721038684086274,0.6193155138576912
1989.8992279037202,1499.9783072143691,489.92092068935114,51.97066395184811,24.120616119367885,0.6423941524050433
1855.1800782408923,1262.0630946769852,593.116983563907,65.91010505974555,24.187750392751223,0.6555156080384866
1786.0788085698398,1118.5049449210796,667.5738636487602,78.45037935559958,24.119916278043156,0.6629608919895965
1747.6541861547962,1024.6759725751199,722.9782135796763,89.7360930842915,24.00315204398673,0.6670630944722653
1725.1565788884648,959.7453025073863,765.4112763810784,99.89547928891261,23.87448619411131,0.6691602529797721
1711.5503287490228,912.8809973032526,798.6693314457701,109.04270042636199,23.749683926504346,0.6700535852799145
