img_index,width,height,noise_std,noise_std_est,avg_mass_loss,t_diff,max_rel_gain,rel_gain_synth_1,rel_error_synth_1,rel_gain_synth_2,rel_error_synth_2,rel_gain_synth_3,rel_error_synth_3,rel_gain_synth_4,rel_error_synth_4,rel_gain_synth_5,rel_error_synth_5,rel_gain_synth_6,rel_error_synth_6,rel_gain_synth_7,rel_error_synth_7,rel_gain_synth_8,rel_error_synth_8,rel_gain_synth_9,rel_error_synth_9,rel_gain_synth_10,rel_error_synth_10
100,286,430,0.05,0.051987670059541705,0.0002468980089652077,0.057,0.2527016469376524,0.22236344666551106,0.02421821696036398,0.2246241743943999,0.022413535267468136,0.22008809022696393,0.026034576381707003,0.22236344666551106,0.02421821696036398,0.22008809022696393,0.026034576381707003,0.22236344666551106,0.02421821696036398,0.22008809022696393,0.026034576381707003,0.22236344666551106,0.02421821696036398,0.22008809022696393,0.026034576381707003,0.22008809022696393,0.026034576381707003
100,286,430,0.1,0.10189013500594724,0.0005059372149595736,0.121,0.4678055469094974,0.44178676620440416,0.017726313107261703,0.4442563066302123,0.016043841998600313,0.43928744672451114,0.019429072362501843,0.4430259210035018,0.016882090381910426,0.43928744672451114,0.019429072362501843,0.44178676620440416,0.017726313107261703,0.43928744672451114,0.019429072362501843,0.44178676620440416,0.017726313107261703,0.43802934055960563,0.020286206447840693,0.43928744672451114,0.019429072362501843
100,286,430,0.15,0.15250238857732284,0.0007791767939395907,0.199,0.6772436357321677,0.6473527966206447,0.017821405593513962,0.6501235304753809,0.016169448897594498,0.6436195489882709,0.020047228695680135,0.6473527966206447,0.017821405593513962,0.6426840233480697,0.02060500433439511,0.6464285514464942,0.01837245563446229,0.6426840233480697,0.02060500433439511,0.6473527966206447,0.017821405593513962,0.639843977084598,0.0222982862184143,0.6417334296836845,0.02117176377478511
