energy,prior,fidelity,mass,psnr,ssim_indices
2753.6368350884186,2753.6368350884186,0.0,0.0,26.015688810771856,0.5758228088245132
1516.5271037312552,1447.7295921841744,68.79751154708084,-76.94903238490224,28.5846762524967,0.6766044123026278
1150.8261971551974,991.5642323282897,159.26196482690776,-146.2425334524305,29.6714032187966,0.7303416751394106
1011.9594172337169,782.8138632414466,229.14555399227027,-208.6286558440479,29.966547613026787,0.7595624810859182
949.1467372307881,668.6393204067624,280.50741682402565,-264.7870520304132,29.920421723402697,0.7762899662904666
917.561919901793,598.574241822013,318.9876780797799,-315.33346228982555,29.748417673798528,0.7862808068051076
900.7712764034017,552.0875622717235,348.68371413167813,-360.8246978583047,29.542015810519157,0.7924441583691847
891.6877970400413,519.4818837780949,372.2059132619464,-401.7636300405429,29.338121831536903,0.7963314356133541
886.8717336789537,495.658362860452,391.21337081850163,-438.60399111307925,29.150614321049307,0.7988069674926553
