energy,prior,fidelity,mass,psnr,ssim_indices
2274.435994276484,2274.435994276484,0.0,0.0,19.976805046267266,0.48875260283166666
1173.3019382913135,1112.9077529984665,60.39418529284683,7.391928061377257,22.628804629347993,0.5847442140161422
855.501599923064,717.8359631468909,137.66563677617307,14.006680618855171,23.964467535298954,0.6373081325034471
736.8434397838173,541.5748928610799,195.26854692273744,19.929120551689266,24.54478048380806,0.6655089621173148
683.3100465636375,447.31943763601566,235.99060892762182,25.234164183901157,24.740892980165977,0.6806288820100638
655.9439612718315,390.6278021602657,265.3161591115659,29.987915733068803,24.754828017583968,0.688530006945045
640.774454501895,353.68811422918617,287.0863402727088,34.24877347423535,24.688236349266035,0.6923996377987299
631.8980085190029,328.20225117018293,303.69575734882,38.068449336951744,24.59073474755664,0.6939741249123678
