energy,prior,fidelity,mass,psnr,ssim_indices
945.0342069187931,945.0342069187931,0.0,0.0,26.015907063941462,0.7225506547637098
575.0788810601584,554.0676349161251,21.01124614403332,7.317307674282347,28.25188568525778,0.79867558679842
454.8941884155209,403.9779963655473,50.91619204997357,13.845939733222622,28.604109888380247,0.8280881647655716
405.25799359746844,329.0005871170117,76.25740648045674,19.66885774473849,28.225007414769536,0.83711281242713
381.343085755884,284.77458213426894,96.56850362161502,24.86348795059166,27.700369940702068,0.8375424513035471
368.7554073212491,255.82490063428335,112.93050668696573,29.499709299649112,27.208292309971007,0.8343555773966235
361.8100126045207,235.5262435823584,126.28376902216226,33.63964373300041,26.787479400916716,0.8298098427970175
357.89711795831295,220.6002572513594,137.2968607069535,37.33818618290752,26.437703979390076,0.8249515560544337
