energy,prior,fidelity,mass,psnr,ssim_indices
5202.051548188486,5202.051548188486,0.0,0.0,26.00892144040927,0.4794288848171471
2761.9507898606244,2627.4724565138545,134.47833334676977,7.880660594390065,28.549848186842432,0.6051845895390577
2027.8021693231822,1716.5401038980274,311.2620654251547,14.935720030131051,29.57090342149522,0.6769790412384472
1744.6707910917426,1298.2615192112994,446.4092718804431,21.27274410000973,29.82652579576065,0.7164339335701674
1614.203613595384,1070.6520884864458,543.5515251089383,26.97479767240293,29.782353779995987,0.7387940527762442
1546.5691368509013,932.5523716102496,614.0167652406517,32.10960120733216,29.64149214977194,0.7519759339806393
1508.67178197068,842.3718003500078,666.2999816206722,36.73468526137003,29.481729336781385,0.7600288119414701
1486.282103430443,780.3267895585622,705.9553138718809,40.90032715671259,29.330830708982756,0.7651026505068059
