img_index,width,height,noise_std,noise_std_est,avg_mass_loss,t_diff,max_rel_gain,rel_gain_synth_1,rel_error_synth_1,rel_gain_synth_2,rel_error_synth_2,rel_gain_synth_3,rel_error_synth_3,rel_gain_synth_4,rel_error_synth_4,rel_gain_synth_5,rel_error_synth_5,rel_gain_synth_6,rel_error_synth_6,rel_gain_synth_7,rel_error_synth_7,rel_gain_synth_8,rel_error_synth_8,rel_gain_synth_9,rel_error_synth_9,rel_gain_synth_10,rel_error_synth_10,rel_gain_synth_11,rel_error_synth_11,rel_gain_synth_12,rel_error_synth_12,rel_gain_synth_13,rel_error_synth_13,rel_gain_synth_14,rel_error_synth_14,rel_gain_synth_15,rel_error_synth_15,rel_gain_synth_16,rel_error_synth_16
59,380,253,0.05,0.0528876437073318,1.3543616947507107e-08,0.073,0.26833668,0.21095681,0.04524024,0.21812868,0.03958569,0.201551,0.0526561,0.20858182,0.04711277,0.20387931,0.05082038,0.20387931,0.05082038,0.20387931,0.05082038,0.20387931,0.05082038,0.20387931,0.05082038,0.20622872,0.04896803,0.20387931,0.05082038,0.20387931,0.05082038,0.26096132,0.00581498,0.26532915,0.00237123,0.20387931,0.05082038,0.22053905,0.03768528
59,380,253,0.1,0.10230400086326781,2.7087233895014215e-08,0.14400000000000002,0.4508465,0.40821332,0.02938504,0.4173553,0.0230839,0.39642707,0.03750874,0.40558788,0.03119463,0.39903748,0.03570952,0.40034258,0.03480997,0.39772847,0.03661174,0.40034258,0.03480997,0.39903748,0.03570952,0.40296215,0.03300442,0.39772847,0.03661174,0.39772847,0.03661174,0.4481361,0.00186815,0.45058858,0.00017776,0.39642707,0.03750874,0.41605633,0.02397921
59,380,253,0.15,0.15267318253688195,1.3543616947507107e-08,0.23900000000000002,0.6325834,0.5896192,0.02631665,0.6008877,0.0194144,0.57396156,0.0359074,0.5869884,0.02792813,0.57568306,0.03485294,0.5800089,0.03220322,0.57568306,0.03485294,0.5791466,0.0327314,0.57568306,0.03485294,0.58262676,0.03059971,0.5765397,0.03432821,0.57396156,0.0359074,0.63182026,0.0004674,0.63158774,0.00060983,0.57396156,0.0359074,0.59658855,0.02204776
