img_index,width,height,noise_std,noise_std_est,t_diff,max_rel_gain,rel_gain_synth_1,rel_error_synth_1,rel_gain_synth_2,rel_error_synth_2,rel_gain_synth_3,rel_error_synth_3,rel_gain_synth_4,rel_error_synth_4,rel_gain_synth_5,rel_error_synth_5,rel_gain_synth_6,rel_error_synth_6,rel_gain_synth_7,rel_error_synth_7,rel_gain_synth_8,rel_error_synth_8,rel_gain_synth_9,rel_error_synth_9,rel_gain_synth_10,rel_error_synth_10
59,640,427,0.05,0.0516475205756903,0.44,0.1630856642804778,0.1489739989941227,0.012132954364187,0.1558982351385598,0.0061796214695539,0.1558982351385598,0.0061796214695539,0.1546099680699814,0.0072872501749385,0.1489739989941227,0.012132954364187,0.1489739989941227,0.012132954364187,0.1504401847982929,0.0108723543506211,0.1546099680699814,0.0072872501749385,0.1504401847982929,0.0108723543506211,0.1489739989941227,0.012132954364187
59,640,427,0.1,0.1014437509000724,0.81,0.3528769383852179,0.3488170569782085,0.0030009243943911,0.349206381878859,0.0027131488476254,0.3488170569782085,0.0030009243943911,0.3484167631075419,0.0032968078256989,0.3488170569782085,0.0030009243943911,0.349206381878859,0.0027131488476254,0.3484167631075419,0.0032968078256989,0.3484167631075419,0.0032968078256989,0.3484167631075419,0.0032968078256989,0.349206381878859,0.0027131488476254
59,640,427,0.15,0.1515234714791633,1.24,0.5341258247206218,0.5341169777044212,5.766812642085581e-06,0.5333256205414393,0.0005216027044771,0.5331205557479396,0.0006552715275915,0.5334214326479405,0.0004591488268633,0.5341169777044212,5.766812642085581e-06,0.5341169777044212,5.766812642085581e-06,0.5340695349927138,3.669172828002744e-05,0.5334214326479405,0.0004591488268633,0.5340964969102016,1.9116952434860144e-05,0.5340685521329089,3.733239268250833e-05
