img_index,width,height,noise_std,noise_std_est,avg_mass_loss,t_diff,max_rel_gain,rel_gain_synth_1,rel_error_synth_1,rel_gain_synth_2,rel_error_synth_2,rel_gain_synth_3,rel_error_synth_3,rel_gain_synth_4,rel_error_synth_4,rel_gain_synth_5,rel_error_synth_5,rel_gain_synth_6,rel_error_synth_6,rel_gain_synth_7,rel_error_synth_7,rel_gain_synth_8,rel_error_synth_8,rel_gain_synth_9,rel_error_synth_9,rel_gain_synth_10,rel_error_synth_10
59,380,253,0.05,0.05286063165864874,0.00036998690090007025,0.067,0.2811459175332112,0.22628191166186687,0.042824166334606534,0.23447544667083928,0.036428692644342835,0.22084648703704132,0.04706679361885158,0.22628191166186687,0.042824166334606534,0.22084648703704132,0.04706679361885158,0.2235584077972113,0.04495000057985749,0.22084648703704132,0.04706679361885158,0.2235584077972113,0.04495000057985749,0.22084648703704132,0.04706679361885158,0.2235584077972113,0.04495000057985749
59,380,253,0.1,0.10249781822320175,0.0006321186620673276,0.125,0.46152302914056037,0.41826588095479506,0.029597308645353645,0.42678021868588795,0.023771647631924582,0.41307460032473475,0.03314927500274522,0.41826588095479506,0.029597308645353645,0.41307460032473475,0.03314927500274522,0.41481125486628306,0.031961025138102596,0.41307460032473475,0.03314927500274522,0.41481125486628306,0.031961025138102596,0.41133774271875995,0.034337663807673,0.41307460032473475,0.03314927500274522
59,380,253,0.15,0.15274004497660748,0.0008595870181741422,0.187,0.6397739656420773,0.5993107554454806,0.024676090146822673,0.6070151218078186,0.019977658214271995,0.592733145825423,0.028687380579453733,0.5993107554454806,0.024676090146822673,0.592733145825423,0.028687380579453733,0.5953769122235636,0.02707510568453833,0.592733145825423,0.028687380579453733,0.5953769122235636,0.02707510568453833,0.5914102154741937,0.02949415662234041,0.5940606001041632,0.027877845663938465
