img_index,width,height,noise_std,noise_std_est,avg_mass_loss,t_diff,max_rel_gain,rel_gain_synth_1,rel_error_synth_1,rel_gain_synth_2,rel_error_synth_2,rel_gain_synth_3,rel_error_synth_3,rel_gain_synth_4,rel_error_synth_4,rel_gain_synth_5,rel_error_synth_5,rel_gain_synth_6,rel_error_synth_6,rel_gain_synth_7,rel_error_synth_7,rel_gain_synth_8,rel_error_synth_8,rel_gain_synth_9,rel_error_synth_9,rel_gain_synth_10,rel_error_synth_10,rel_gain_synth_11,rel_error_synth_11,rel_gain_synth_12,rel_error_synth_12,rel_gain_synth_13,rel_error_synth_13,rel_gain_synth_14,rel_error_synth_14,rel_gain_synth_15,rel_error_synth_15,rel_gain_synth_16,rel_error_synth_16
59,380,253,0.05,0.05278627127984244,2.7087233895014215e-08,0.07,0.26635182,0.20691042,0.04693909,0.21208751,0.0428509,0.19924045,0.05299583,0.20433775,0.04897065,0.19924045,0.05299583,0.20178573,0.0509859,0.19924045,0.05299583,0.20178573,0.0509859,0.19924045,0.05299583,0.20178573,0.0509859,0.19924045,0.05299583,0.20178573,0.0509859,0.25649247,0.00778564,0.2631047,0.00256416,0.20178573,0.0509859,0.21468207,0.04080206
59,380,253,0.1,0.10226931421351246,1.3543616947507107e-08,0.127,0.4535349,0.41430077,0.02699222,0.4220944,0.02163037,0.40634295,0.03246702,0.4127233,0.02807748,0.40793955,0.03136861,0.4095416,0.03026642,0.4095416,0.03026642,0.4095416,0.03026642,0.40793955,0.03136861,0.4095416,0.03026642,0.40793955,0.03136861,0.40793955,0.03136861,0.44970897,0.00263216,0.4535349,0.,0.40793955,0.03136861,0.420553,0.02269083
59,380,253,0.15,0.1530586567293772,4.0630850842521326e-08,0.20400000000000001,0.6277434,0.5811184,0.02864393,0.5893686,0.02357547,0.5727656,0.03377548,0.57873636,0.03010734,0.573958,0.03304293,0.57515705,0.03230627,0.5763495,0.03157372,0.57515705,0.03230627,0.57515705,0.03230627,0.57515705,0.03230627,0.5727656,0.03377548,0.5703728,0.03524546,0.62306875,0.00287186,0.62677383,0.00059564,0.5703728,0.03524546,0.5870331,0.02501027
