img_index,width,height,noise_std,noise_std_est,avg_mass_loss,t_diff,max_rel_gain,rel_gain_synth_1,rel_error_synth_1,rel_gain_synth_2,rel_error_synth_2,rel_gain_synth_3,rel_error_synth_3,rel_gain_synth_4,rel_error_synth_4,rel_gain_synth_5,rel_error_synth_5,rel_gain_synth_6,rel_error_synth_6,rel_gain_synth_7,rel_error_synth_7,rel_gain_synth_8,rel_error_synth_8,rel_gain_synth_9,rel_error_synth_9,rel_gain_synth_10,rel_error_synth_10,rel_gain_synth_11,rel_error_synth_11,rel_gain_synth_12,rel_error_synth_12,rel_gain_synth_13,rel_error_synth_13,rel_gain_synth_14,rel_error_synth_14,rel_gain_synth_15,rel_error_synth_15,rel_gain_synth_16,rel_error_synth_16
20,640,480,0.05,0.05208637921820333,1.3563368055555556e-07,0.083,0.35018134,0.30431756,0.0339686,0.31406665,0.02674803,0.29797477,0.03866634,0.30271834,0.03515304,0.3011271,0.03633159,0.29954585,0.03750272,0.3011271,0.03633159,0.29954585,0.03750272,0.29954585,0.03750272,0.30431756,0.0339686,0.29954585,0.03750272,0.30271834,0.03515304,0.34954914,0.00046824,0.34931114,0.0006445,0.3011271,0.03633159,0.31243002,0.02796017
20,640,480,0.1,0.10165644720341412,6.781684027777778e-08,0.17200000000000001,0.5884643,0.5557485,0.02059587,0.56539017,0.0145261,0.5452096,0.02723055,0.5522225,0.02281567,0.5487046,0.02503029,0.5487046,0.02503029,0.5487046,0.02503029,0.54695386,0.02613247,0.54695386,0.02613247,0.5487046,0.02503029,0.5452096,0.02723055,0.5452096,0.02723055,0.5873618,0.00069409,0.5812338,0.00455192,0.54346967,0.02832588,0.56451994,0.01507392
20,640,480,0.15,0.15163417984706418,1.3563368055555556e-07,0.315,0.8100171,0.76978445,0.02222778,0.78417957,0.01427473,0.7541119,0.03088658,0.7657969,0.02443082,0.75684994,0.02937385,0.75906163,0.02815191,0.7579534,0.02876421,0.75684994,0.02937385,0.7492575,0.03356853,0.75850546,0.0284592,0.74713194,0.03474284,0.7497907,0.03327394,0.8070406,0.00164446,0.8060642,0.00218391,0.75356793,0.03118708,0.7749566,0.01937027
