img_index,width,height,noise_std,noise_std_est,avg_mass_loss,t_diff,max_rel_gain,rel_gain_synth_1,rel_error_synth_1,rel_gain_synth_2,rel_error_synth_2,rel_gain_synth_3,rel_error_synth_3,rel_gain_synth_4,rel_error_synth_4,rel_gain_synth_5,rel_error_synth_5,rel_gain_synth_6,rel_error_synth_6,rel_gain_synth_7,rel_error_synth_7,rel_gain_synth_8,rel_error_synth_8,rel_gain_synth_9,rel_error_synth_9,rel_gain_synth_10,rel_error_synth_10
20,640,480,0.05,0.052079850720518066,0.00026094199993255846,0.075,0.36530100871060145,0.32058197543530476,0.03275397365854845,0.3320811334588138,0.024331539374720546,0.3186849274423708,0.03414344600261823,0.3224842320670329,0.031360686303165436,0.3186849274423708,0.03414344600261823,0.3186849274423708,0.03414344600261823,0.3186849274423708,0.03414344600261823,0.3186849274423708,0.03414344600261823,0.32058197543530476,0.03275397365854845,0.3224842320670329,0.031360686303165436
20,640,480,0.1,0.1016232530036454,0.0004833854305061575,0.14200000000000002,0.5956931710561093,0.5651600397074646,0.019134713303583496,0.5744220189588831,0.013330352277654875,0.5603826689082607,0.022128628979766987,0.566338078954263,0.018396451544890426,0.56277865253149,0.020627097440565498,0.5615758162995961,0.021380899144872966,0.56277865253149,0.020627097440565498,0.5615758162995961,0.021380899144872966,0.5639680998117966,0.01988168641676608,0.566338078954263,0.018396451544890426
20,640,480,0.15,0.15176620474457694,0.0007516602710556223,0.227,0.812499805538428,0.7702211318199623,0.02332616731283244,0.7818750785393007,0.016896402915767366,0.7632625901759199,0.027165363114552987,0.7702211318199623,0.02332616731283244,0.7652596916534216,0.026063513905301122,0.7652596916534216,0.026063513905301122,0.7662535036274615,0.02551520379183068,0.7652596916534216,0.026063513905301122,0.7642575203783865,0.02661643604740166,0.7672505268092757,0.024965121977329193
