img_index,width,height,noise_std,noise_std_est,t_diff,max_rel_gain,rel_gain_synth_1,rel_error_synth_1,rel_gain_synth_2,rel_error_synth_2,rel_gain_synth_3,rel_error_synth_3,rel_gain_synth_4,rel_error_synth_4,rel_gain_synth_5,rel_error_synth_5,rel_gain_synth_6,rel_error_synth_6,rel_gain_synth_7,rel_error_synth_7,rel_gain_synth_8,rel_error_synth_8,rel_gain_synth_9,rel_error_synth_9,rel_gain_synth_10,rel_error_synth_10
20,640,480,0.05,0.0521771225676983,0.48,0.1702857004502461,0.1572505743330125,0.011138413561935,0.1639940529756763,0.0053761636770826,0.1639940529756763,0.0053761636770826,0.1618710735458352,0.0071902330355515,0.1572505743330125,0.011138413561935,0.1572505743330125,0.011138413561935,0.1596093227308771,0.0091228814598533,0.1618710735458352,0.0071902330355515,0.1584397930611553,0.0101222354374947,0.1572505743330125,0.011138413561935
20,640,480,0.1,0.1016026280854503,0.89,0.3683454027939174,0.3664369490977118,0.0013947163430438,0.366651262728735,0.0012380938772646,0.366651262728735,0.0012380938772646,0.3662143906074871,0.0015573642313403,0.366651262728735,0.0012380938772646,0.366651262728735,0.0012380938772646,0.3662143906074871,0.0015573642313403,0.3662143906074871,0.0015573642313403,0.3662143906074871,0.0015573642313403,0.3668566939095129,0.0010879627916787
20,640,480,0.15,0.1520506349371002,1.47,0.5601640614824005,0.5593547960004708,0.0005187053733059,0.5601550272585742,5.790560139976076e-06,0.5600277987132615,8.733874372774457e-05,0.5601455834304593,1.1843659521113078e-05,0.5595376451786049,0.000401506687188,0.5595376451786049,0.000401506687188,0.5599286080167266,0.0001509158373063,0.5600541273811429,7.046316728587026e-05,0.5598784039390626,0.000183094554214,0.5591420376804019,0.0006550745701881
