energy,prior,fidelity,mass,psnr,ssim_indices
6715.439953560448,6715.439953560448,0.0,0.0,26.019184195511986,0.40113133674153967
3582.5230450509557,3409.3228083377207,173.2002367132351,-29.572246439754963,28.592728840806917,0.5295706629276689
2662.242189367882,2263.410944914468,398.8312444534141,-56.266786594176665,29.686338973013953,0.6145537303092086
2314.7383600384032,1744.1851991636279,570.5531608747752,-80.34480528323911,30.006470289900456,0.6682222239235666
2157.6015129334223,1463.20468466075,694.3968282726723,-102.05127899500076,29.99778617063062,0.702859443450064
2077.8668022535967,1292.6409563644886,785.2258458891083,-121.61289148486685,29.867188817865124,0.7259664385359385
2034.4914940283902,1180.704946709851,853.7865473185392,-139.2375450405525,29.70125589752422,0.7418625503585341
2009.9579322375484,1103.0419204637008,906.9160117738478,-155.11476974922698,29.534802918559784,0.753086329369296
