img_index,width,height,noise_std,noise_std_est,avg_mass_loss,t_diff,max_rel_gain,rel_gain_synth_1,rel_error_synth_1,rel_gain_synth_2,rel_error_synth_2,rel_gain_synth_3,rel_error_synth_3,rel_gain_synth_4,rel_error_synth_4,rel_gain_synth_5,rel_error_synth_5,rel_gain_synth_6,rel_error_synth_6,rel_gain_synth_7,rel_error_synth_7,rel_gain_synth_8,rel_error_synth_8,rel_gain_synth_9,rel_error_synth_9,rel_gain_synth_10,rel_error_synth_10,rel_gain_synth_11,rel_error_synth_11,rel_gain_synth_12,rel_error_synth_12,rel_gain_synth_13,rel_error_synth_13,rel_gain_synth_14,rel_error_synth_14,rel_gain_synth_15,rel_error_synth_15,rel_gain_synth_16,rel_error_synth_16
20,640,480,0.05,0.051998211215290815,6.781684027777778e-08,0.077,0.34963274,0.30557725,0.03264258,0.31285325,0.02725147,0.3001927,0.0366322,0.30377153,0.03398051,0.30197957,0.03530823,0.30197957,0.03530823,0.30197957,0.03530823,0.3001927,0.0366322,0.30197957,0.03530823,0.30197957,0.03530823,0.3001927,0.0366322,0.30377153,0.03398051,0.348177,0.00107863,0.3487566,0.00064915,0.30377153,0.03398051,0.31285325,0.02725147
20,640,480,0.1,0.10186422996434556,1.3563368055555556e-07,0.152,0.58786976,0.5524424,0.02231128,0.5612709,0.01675131,0.5490875,0.02442405,0.5502105,0.02371687,0.5502105,0.02371687,0.54797196,0.02512664,0.5524424,0.02231128,0.546848,0.02583447,0.55132353,0.0230159,0.5502105,0.02371687,0.54797196,0.02512664,0.546848,0.02583447,0.587795,4.706581e-05,0.57901675,0.00557542,0.54572916,0.02653909,0.5601791,0.01743887
20,640,480,0.15,0.15161193824781222,6.781684027777778e-08,0.222,0.8071117,0.78475106,0.0123737,0.7923988,0.00814165,0.7909312,0.00895379,0.7815123,0.0141659,0.7894287,0.00978521,0.7831446,0.01326267,0.79589266,0.00620827,0.7831446,0.01326267,0.79311776,0.00774382,0.7863354,0.01149695,0.7863354,0.01149695,0.7756764,0.0173953,0.8053804,0.00095803,0.79836726,0.00483892,0.7739822,0.01833283,0.7886654,0.01020761
