img_index,width,height,noise_std,noise_std_est,avg_mass_loss,t_diff,max_rel_gain,rel_gain_synth_1,rel_error_synth_1,rel_gain_synth_2,rel_error_synth_2,rel_gain_synth_3,rel_error_synth_3,rel_gain_synth_4,rel_error_synth_4,rel_gain_synth_5,rel_error_synth_5,rel_gain_synth_6,rel_error_synth_6,rel_gain_synth_7,rel_error_synth_7,rel_gain_synth_8,rel_error_synth_8,rel_gain_synth_9,rel_error_synth_9,rel_gain_synth_10,rel_error_synth_10,rel_gain_synth_11,rel_error_synth_11,rel_gain_synth_12,rel_error_synth_12,rel_gain_synth_13,rel_error_synth_13,rel_gain_synth_14,rel_error_synth_14,rel_gain_synth_15,rel_error_synth_15,rel_gain_synth_16,rel_error_synth_16
61,500,333,0.05,0.0526446226715894,3.128128128128128e-08,0.056,0.263714,0.23397833,0.02353036,0.23631464,0.02168159,0.22927815,0.0272497,0.23397833,0.02353036,0.23160447,0.02540884,0.23160447,0.02540884,0.23160447,0.02540884,0.23160447,0.02540884,0.23160447,0.02540884,0.23160447,0.02540884,0.23160447,0.02540884,0.23160447,0.02540884,0.25773254,0.00473323,0.26278907,0.00073189,0.23160447,0.02540884,0.23631464,0.02168159
61,500,333,0.1,0.10215240260007871,4.692192192192192e-08,0.121,0.50003296,0.4912883,0.00582964,0.49340126,0.00442103,0.48749733,0.0083569,0.4905468,0.00632396,0.48827565,0.00783803,0.48904043,0.00732818,0.48827565,0.00783803,0.48980418,0.00681903,0.48749733,0.0083569,0.48904043,0.00732818,0.48749733,0.0083569,0.48749733,0.0083569,0.49975017,0.00018853,0.49599013,0.00269515,0.48671892,0.00887583,0.49200687,0.00535059
61,500,333,0.15,0.15250234352065575,3.128128128128128e-08,0.232,0.74421996,0.7390847,0.00294416,0.74132603,0.00165916,0.7331014,0.00637451,0.73783666,0.00365969,0.7331014,0.00637451,0.7355153,0.00499059,0.7331014,0.00637451,0.73619354,0.00460173,0.7306508,0.00777953,0.7327497,0.00657616,0.7334458,0.00617708,0.731004,0.00757702,0.7379902,0.00357166,0.73507315,0.00524407,0.7331014,0.00637451,0.7399745,0.00243404
