img_index,width,height,noise_std,noise_std_est,t_diff,max_rel_gain,rel_gain_synth_1,rel_error_synth_1,rel_gain_synth_2,rel_error_synth_2,rel_gain_synth_3,rel_error_synth_3,rel_gain_synth_4,rel_error_synth_4,rel_gain_synth_5,rel_error_synth_5,rel_gain_synth_6,rel_error_synth_6,rel_gain_synth_7,rel_error_synth_7,rel_gain_synth_8,rel_error_synth_8,rel_gain_synth_9,rel_error_synth_9,rel_gain_synth_10,rel_error_synth_10
61,640,427,0.05,0.0542167083651374,0.5,0.1496539060980858,0.1365070318035112,0.0114355061334893,0.1418388052850349,0.0067977856393106,0.1427009558846741,0.0060478637758122,0.1409633527707109,0.0075592778672588,0.1356184481345866,0.0122084201941569,0.1356184481345866,0.0122084201941569,0.1373994517281092,0.0106592551940854,0.140078486423754,0.0083289585009376,0.1373994517281092,0.0106592551940854,0.1356184481345866,0.0122084201941569
61,640,427,0.1,0.103165802361097,1.04,0.3673778318747252,0.3672087317909322,0.0001236674164602,0.3670775121247861,0.000219631869801,0.3671451032321399,0.0001702006842294,0.3673249080273753,3.870462582924381e-05,0.3670775121247861,0.000219631869801,0.3670057421362295,0.0002721191830246,0.3673249080273753,3.870462582924381e-05,0.3673249080273753,3.870462582924381e-05,0.3673249080273753,3.870462582924381e-05,0.3669295643257186,0.0003278300543983
61,640,427,0.15,0.1526528239474083,2.25,0.5834904220686401,0.5721020270775556,0.0071919569783105,0.5821969806162426,0.0008168293501313,0.5834265189087884,4.035588656624928e-05,0.5815998265479436,0.0011939418731858,0.5721020270775556,0.0071919569783105,0.5718471093299673,0.0073529416890707,0.5753956233095638,0.0051119972980331,0.5815998265479436,0.0011939418731858,0.5752033744224061,0.005233405602421,0.5707752889945388,0.0080298136931516
