img_index,width,height,noise_std,noise_std_est,avg_mass_loss,t_diff,max_rel_gain,rel_gain_synth_1,rel_error_synth_1,rel_gain_synth_2,rel_error_synth_2,rel_gain_synth_3,rel_error_synth_3,rel_gain_synth_4,rel_error_synth_4,rel_gain_synth_5,rel_error_synth_5,rel_gain_synth_6,rel_error_synth_6,rel_gain_synth_7,rel_error_synth_7,rel_gain_synth_8,rel_error_synth_8,rel_gain_synth_9,rel_error_synth_9,rel_gain_synth_10,rel_error_synth_10,rel_gain_synth_11,rel_error_synth_11,rel_gain_synth_12,rel_error_synth_12,rel_gain_synth_13,rel_error_synth_13,rel_gain_synth_14,rel_error_synth_14,rel_gain_synth_15,rel_error_synth_15,rel_gain_synth_16,rel_error_synth_16
61,500,333,0.05,0.05268237217963673,3.128128128128128e-08,0.054,0.26354304,0.23243965,0.02461602,0.2349524,0.02262737,0.22993022,0.02660204,0.23243965,0.02461602,0.22993022,0.02660204,0.22993022,0.02660204,0.22993022,0.02660204,0.23243965,0.02461602,0.22993022,0.02660204,0.22993022,0.02660204,0.22993022,0.02660204,0.22993022,0.02660204,0.25764644,0.00466673,0.26277468,0.0006081,0.22993022,0.02660204,0.2349524,0.02262737
61,500,333,0.1,0.10179304233356232,3.128128128128128e-08,0.11,0.49714658,0.48934394,0.00521168,0.49089506,0.00417563,0.48770508,0.00630634,0.48934394,0.00521168,0.48770508,0.00630634,0.48852795,0.0057567,0.48770508,0.00630634,0.48852795,0.0057567,0.48770508,0.00630634,0.48770508,0.00630634,0.48770508,0.00630634,0.4868501,0.00687741,0.49699855,9.887634e-05,0.49109542,0.00404179,0.48770508,0.00630634,0.4901251,0.00468992
61,500,333,0.15,0.15238799426861713,3.128128128128128e-08,0.191,0.7407187,0.73715854,0.00204524,0.73809546,0.001507,0.73611253,0.00264614,0.73611253,0.00264614,0.73575795,0.00284982,0.73611253,0.00264614,0.73715854,0.00204524,0.7368159,0.00224203,0.73611253,0.00264614,0.73501134,0.00327875,0.73575795,0.00284982,0.7330203,0.00442253,0.7371069,0.00207488,0.7277116,0.00747225,0.7334383,0.00418239,0.737478,0.00186168
