img_index,width,height,noise_std,noise_std_est,avg_mass_loss,t_diff,max_rel_gain,rel_gain_synth_1,rel_error_synth_1,rel_gain_synth_2,rel_error_synth_2,rel_gain_synth_3,rel_error_synth_3,rel_gain_synth_4,rel_error_synth_4,rel_gain_synth_5,rel_error_synth_5,rel_gain_synth_6,rel_error_synth_6,rel_gain_synth_7,rel_error_synth_7,rel_gain_synth_8,rel_error_synth_8,rel_gain_synth_9,rel_error_synth_9,rel_gain_synth_10,rel_error_synth_10
61,500,333,0.05,0.052857612664906545,0.00022441192735832565,0.054,0.2765773676565215,0.24618441502947516,0.023808155617579436,0.24879549970945955,0.02176277650767269,0.2435809925039601,0.02584753262008285,0.24618441502947516,0.023808155617579436,0.2435809925039601,0.02584753262008285,0.24618441502947516,0.023808155617579436,0.2435809925039601,0.02584753262008285,0.24618441502947516,0.023808155617579436,0.2435809925039601,0.02584753262008285,0.2435809925039601,0.02584753262008285
61,500,333,0.1,0.10237934436210595,0.00040607605037886325,0.11,0.5071702394192831,0.4957158314999882,0.007599943005581297,0.49755540847884605,0.006379392777913156,0.49382147462283427,0.00885683942484966,0.4966391662964827,0.006987314934547815,0.49382147462283427,0.00885683942484966,0.4957158314999882,0.007599943005581297,0.49382147462283427,0.00885683942484966,0.4957158314999882,0.007599943005581297,0.49382147462283427,0.00885683942484966,0.49382147462283427,0.00885683942484966
61,500,333,0.15,0.1522599172072275,0.000618226569537465,0.183,0.7493567544506131,0.7443152003852951,0.0028819473515002943,0.7459051684522319,0.001973060091716554,0.7421063193299766,0.004144629219963539,0.7443152003852951,0.0028819473515002943,0.7416425700538816,0.004409726247722519,0.7430142690653392,0.0036256100244491554,0.7421063193299766,0.004144629219963539,0.7434573703132619,0.0033723162084248284,0.7406990111386793,0.004949101028082099,0.7411722709031721,0.004678567437212912
