img_index,width,height,noise_std,noise_std_est,t_diff,max_rel_gain,rel_gain_synth_1,rel_error_synth_1,rel_gain_synth_2,rel_error_synth_2,rel_gain_synth_3,rel_error_synth_3,rel_gain_synth_4,rel_error_synth_4,rel_gain_synth_5,rel_error_synth_5,rel_gain_synth_6,rel_error_synth_6,rel_gain_synth_7,rel_error_synth_7,rel_gain_synth_8,rel_error_synth_8,rel_gain_synth_9,rel_error_synth_9,rel_gain_synth_10,rel_error_synth_10
14,427,640,0.05,0.051041262530854,0.93,0.2912255659525745,0.2909972466663278,0.0001768237032065,0.2901348855025182,0.0008446862258738,0.2876333664309763,0.0027820077423483,0.2903263094727398,0.0006964363962009,0.291150481814929,5.814951285453491e-05,0.2911842224278641,3.201882444127083e-05,0.2911968487542284,2.2240264678155942e-05,0.2884438973331336,0.0021542855816897,0.2911968487542284,2.2240264678155942e-05,0.2906895581951933,0.0004151155084864
14,427,640,0.1,0.1008631276251086,50.0,0.5335791380929205,0.533552418834552,1.7422810277522386e-05,0.5320664498877933,0.0009863776622628,0.5335787002255876,2.85519880927073e-07,0.5320664498877933,0.0009863776622628,0.5332217187302548,0.0002330622227361,0.5332415367400074,0.0002201395053749,0.5322264869635862,0.0008820223852395,0.5333776095361036,0.0001314106013906,0.5320664498877933,0.0009863776622628,0.5335685069701102,6.932229675225608e-06
14,427,640,0.15,0.151372560667058,50.0,0.7280546118397961,0.7280524524968973,1.249580241262104e-06,0.7280524524968973,1.249580241262104e-06,0.7280524524968973,1.249580241262104e-06,0.7280524524968973,1.249580241262104e-06,0.7280524524968973,1.249580241262104e-06,0.7280524524968973,1.249580241262104e-06,0.7280524524968973,1.249580241262104e-06,0.7280524524968973,1.249580241262104e-06,0.7280524524968973,1.249580241262104e-06,0.7280524524968973,1.249580241262104e-06
