img_index,width,height,noise_std,noise_std_est,avg_mass_loss,t_diff,max_rel_gain,rel_gain_synth_1,rel_error_synth_1,rel_gain_synth_2,rel_error_synth_2,rel_gain_synth_3,rel_error_synth_3,rel_gain_synth_4,rel_error_synth_4,rel_gain_synth_5,rel_error_synth_5,rel_gain_synth_6,rel_error_synth_6,rel_gain_synth_7,rel_error_synth_7,rel_gain_synth_8,rel_error_synth_8,rel_gain_synth_9,rel_error_synth_9,rel_gain_synth_10,rel_error_synth_10,rel_gain_synth_11,rel_error_synth_11,rel_gain_synth_12,rel_error_synth_12,rel_gain_synth_13,rel_error_synth_13,rel_gain_synth_14,rel_error_synth_14,rel_gain_synth_15,rel_error_synth_15,rel_gain_synth_16,rel_error_synth_16
14,170,254,0.05,0.05158059362153646,1.5077389223405898e-08,0.10300000000000001,0.41094524,0.3679685,0.03045954,0.3582136,0.03737327,0.3411582,0.04946119,0.3646677,0.03279895,0.33666357,0.05264673,0.35983738,0.03622244,0.3337402,0.05471867,0.36306855,0.03393235,0.33232367,0.05572263,0.33816883,0.05157989,0.34418073,0.047319,0.33963835,0.05053839,0.40058836,0.00734038,0.37925774,0.02245836,0.3534656,0.04073839,0.36306855,0.03393235
14,170,254,0.1,0.10224654058120364,9.046433534043539e-08,0.219,0.67521274,0.6350467,0.02397666,0.6259577,0.02940226,0.5968184,0.04679667,0.6310111,0.02638568,0.5894373,0.05120271,0.62294084,0.03120314,0.5839756,0.05446301,0.62797457,0.02819832,0.5822016,0.05552199,0.5894373,0.05120271,0.60053486,0.04457815,0.5866895,0.05284302,0.65560925,0.01170208,0.6153042,0.03576178,0.6024183,0.04345385,0.62797457,0.02819832
14,170,254,0.15,0.151766083055894,9.951076887447892e-07,0.423,0.9122742,0.8549323,0.02998623,0.83985764,0.03786934,0.79463446,0.06151824,0.84342843,0.03600204,0.7821856,0.06802821,0.82871634,0.04369553,0.77570426,0.07141754,0.83704114,0.03934218,0.7746392,0.07197451,0.7778493,0.0702958,0.7993413,0.05905684,0.7653248,0.07684536,0.8846494,0.01444605,0.84519196,0.03507982,0.7900283,0.06392698,0.8335584,0.04116347
