img_index,width,height,noise_std,noise_std_est,avg_mass_loss,t_diff,psnr_start,max_rel_gain,rel_gain_synth_2,rel_error_synth_2,rel_gain_synth_3,rel_error_synth_3,rel_gain_synth_4,rel_error_synth_4,rel_gain_synth_8,rel_error_synth_8
14,170,254,0.05,0.0513236280450329,1.3018662899753383e-06,0.643,26.014482933991488,0.2415111553374564,0.2407302619326903,0.0006289862168446,0.2381701795143974,0.0026910558223303,0.2405540313755866,0.0007709346450532,0.2386646460357129,0.0022927778695389
14,170,254,0.1,0.1013979419987368,1.3712910867285023e-05,50.0,20.0044379599608,0.434871986048966,0.4344764442718959,0.0002756634605148,0.4344764442718959,0.0002756634605148,0.4344764442718959,0.0002756634605148,0.4344764442718959,0.0002756634605148
14,170,254,0.15,0.1530435505343471,1.8642824416028143e-05,50.0,16.450021630068935,0.58152312283996,0.5815231071506919,9.920353267292553e-09,0.5815231071506919,9.920353267292553e-09,0.5815231071506919,9.920353267292553e-09,0.5815231071506919,9.920353267292553e-09
