img_index,width,height,noise_std,noise_std_est,avg_mass_loss,t_diff,max_rel_gain,rel_gain_synth_1,rel_error_synth_1,rel_gain_synth_2,rel_error_synth_2,rel_gain_synth_3,rel_error_synth_3,rel_gain_synth_4,rel_error_synth_4,rel_gain_synth_5,rel_error_synth_5,rel_gain_synth_6,rel_error_synth_6,rel_gain_synth_7,rel_error_synth_7,rel_gain_synth_8,rel_error_synth_8,rel_gain_synth_9,rel_error_synth_9,rel_gain_synth_10,rel_error_synth_10,rel_gain_synth_11,rel_error_synth_11,rel_gain_synth_12,rel_error_synth_12,rel_gain_synth_13,rel_error_synth_13,rel_gain_synth_14,rel_error_synth_14,rel_gain_synth_15,rel_error_synth_15,rel_gain_synth_16,rel_error_synth_16
14,170,254,0.05,0.051936089302273544,7.538694611702949e-09,0.111,0.4106919,0.3683657,0.03000384,0.359453,0.03632181,0.33861664,0.05109212,0.36384392,0.03320921,0.33340865,0.05478393,0.359453,0.03632181,0.32962176,0.05746833,0.36238396,0.03424414,0.33340865,0.05478393,0.33861664,0.05109212,0.34668574,0.04537216,0.3412698,0.04921139,0.39785492,0.00909977,0.38073528,0.02123539,0.34808978,0.04437688,0.36534896,0.03214233
14,170,254,0.1,0.10204825747955501,1.5077389223405898e-08,0.273,0.6786374,0.6398755,0.02309131,0.6274498,0.03049354,0.5875184,0.05428152,0.6315281,0.02806402,0.57792497,0.05999654,0.6194402,0.03526502,0.57012814,0.06464126,0.6258234,0.03146243,0.57610756,0.06107919,0.58233476,0.05736951,0.5921692,0.05151094,0.5773237,0.06035474,0.65208566,0.01581741,0.62633234,0.03115923,0.5956174,0.04945675,0.63318926,0.02707439
14,170,254,0.15,0.1529166952439254,1.5077389223405898e-08,0.9470000000000001,0.91188115,0.8405708,0.0372985,0.81938463,0.04837982,0.7607857,0.07902973,0.82454115,0.04568276,0.74221116,0.08874504,0.80494905,0.0559303,0.72995055,0.0951579,0.81239194,0.05203732,0.7410061,0.08937535,0.7594878,0.07970858,0.7670958,0.07572927,0.7505155,0.08440147,0.87860006,0.01740748,0.86835724,0.02276497,0.7624582,0.07815491,0.8179478,0.04913136
