img_index,width,height,noise_std,noise_std_est,avg_mass_loss,t_diff,max_rel_gain,rel_gain_synth_1,rel_error_synth_1,rel_gain_synth_2,rel_error_synth_2,rel_gain_synth_3,rel_error_synth_3,rel_gain_synth_4,rel_error_synth_4,rel_gain_synth_5,rel_error_synth_5,rel_gain_synth_6,rel_error_synth_6,rel_gain_synth_7,rel_error_synth_7,rel_gain_synth_8,rel_error_synth_8,rel_gain_synth_9,rel_error_synth_9,rel_gain_synth_10,rel_error_synth_10
14,170,254,0.05,0.051576377703504955,2.0574796232347515e-05,0.09,0.4296610570190981,0.3961271390043237,0.023455851895899,0.3961271390043237,0.023455851895899,0.383647471339392,0.032184961221260626,0.4032745259639172,0.01845649423381362,0.3697172844304502,0.04192866014944347,0.3979187644932083,0.02220266990560253,0.3697172844304502,0.04192866014944347,0.4015034177539772,0.019695325075043145,0.3663110400453068,0.044311213950164303,0.3714335665416614,0.04072817832699691
14,170,254,0.1,0.10227465765352581,8.057115374548128e-05,0.209,0.6850048616423091,0.6466935775315927,0.022736601527295213,0.6423992833816738,0.025285136696347115,0.6252480199527413,0.035463898680580176,0.6520375050693509,0.019565140328928348,0.6064600387232902,0.04661400373792647,0.6434830025632587,0.024641981767685,0.6054577937363957,0.04720880616829906,0.6488323062936876,0.021467329959728148,0.593383946530189,0.05437427345035715,0.6013909450830788,0.04962235923624282
14,170,254,0.15,0.1527943858288114,0.00017679004530929892,0.356,0.9377426590159577,0.860992461610469,0.03960804446781629,0.8515238861305132,0.04449443917864142,0.8291756754970824,0.05602755505935385,0.8618594453645014,0.039160625018180684,0.8019757818476876,0.07006445181798104,0.8506750089455062,0.044932514472621976,0.801258952875942,0.07043438173019638,0.8575422375052744,0.04138858229575818,0.801258952875942,0.07043438173019638,0.8114708150637411,0.06516440321148788
