img_index,width,height,noise_std,noise_std_est,avg_mass_loss,t_diff,psnr_start,max_rel_gain,rel_gain_synth_1,rel_error_synth_1
14,170,254,0.05,0.0517441329348046,1.0679027625659354e-05,0.237,25.999273833545562,0.3466331938136617,0.3361264701326659,0.0078022164679015
14,170,254,0.1,0.1023647078647688,2.165512510691601e-05,0.595,19.99164937157427,0.5770458100522418,0.5608910327292683,0.0102436956618515
14,170,254,0.15,0.1541014306695034,1.947326967510718e-05,50.0,16.456571607747797,0.8029996265018395,0.7525805358249859,0.0279640050589895
