img_index,width,height,noise_std,noise_std_est,avg_mass_loss,t_diff,max_rel_gain,rel_gain_synth_2,rel_error_synth_2,rel_gain_synth_3,rel_error_synth_3,rel_gain_synth_4,rel_error_synth_4,rel_gain_synth_8,rel_error_synth_8
14,170,254,0.05,0.051323628045032973,1.3018662899753385e-06,0.643,0.2415111553374564,0.2407302619326903,0.000628986216844629,0.2381701795143974,0.002691055822330398,0.24055403137558667,0.000770934645053253,0.23866464603571294,0.002292777869538965
14,170,254,0.1,0.10139794199873689,1.3712910867285025e-05,50.0,0.434871986048966,0.4344764442718959,0.00027566346051485996,0.4344764442718959,0.00027566346051485996,0.4344764442718959,0.00027566346051485996,0.4344764442718959,0.00027566346051485996
14,170,254,0.15,0.15304355053434718,1.8642824416028146e-05,50.0,0.58152312283996,0.5815231071506919,9.920353267292553e-09,0.5815231071506919,9.920353267292553e-09,0.5815231071506919,9.920353267292553e-09,0.5815231071506919,9.920353267292553e-09
