img_index,width,height,noise_std,noise_std_est,avg_mass_loss,t_diff,max_rel_gain,rel_gain_synth_1,rel_error_synth_1
14,170,254,0.05,0.051744132934804614,1.0679027625659354e-05,0.23700000000000002,0.3466331938136617,0.3361264701326659,0.007802216467901525
14,170,254,0.1,0.10236470786476883,2.165512510691601e-05,0.595,0.5770458100522418,0.5608910327292683,0.01024369566185159
14,170,254,0.15,0.1541014306695034,1.947326967510718e-05,50.0,0.8029996265018395,0.7525805358249859,0.02796400505898956
