img_index,width,height,noise_std,noise_std_est,avg_mass_loss,t_diff,max_rel_gain,rel_gain_synth_1,rel_error_synth_1,rel_gain_synth_2,rel_error_synth_2,rel_gain_synth_3,rel_error_synth_3,rel_gain_synth_4,rel_error_synth_4,rel_gain_synth_5,rel_error_synth_5,rel_gain_synth_6,rel_error_synth_6,rel_gain_synth_7,rel_error_synth_7,rel_gain_synth_8,rel_error_synth_8,rel_gain_synth_9,rel_error_synth_9,rel_gain_synth_10,rel_error_synth_10
76,210,140,0.05,0.054113215267050326,0.0006997412577041931,0.063,0.21569548436946423,0.16182400569927338,0.04431329996930274,0.17329462580780325,0.03487786136151745,0.15327870171406446,0.05134244838276505,0.1646983354681348,0.04194894984559373,0.1504497424650356,0.05366947787773446,0.15611014020950176,0.04901337952313541,0.1504497424650356,0.05366947787773446,0.15611014020950176,0.04901337952313541,0.1504497424650356,0.05366947787773446,0.15611014020950176,0.04901337952313541
76,210,140,0.1,0.10485580842279885,0.0013496218981003897,0.126,0.3968943251611803,0.3513815776801288,0.032581381899307274,0.36080976618112537,0.025831989099026016,0.3419626369663752,0.03932415445131602,0.35293615601780864,0.03146850005156943,0.33883588748626753,0.04156251237416525,0.3435118552722477,0.03821510970972917,0.33726417318316504,0.0426876614099888,0.3419626369663752,0.03932415445131602,0.3403792128364699,0.040457686244941574,0.3435118552722477,0.03821510970972917
76,210,140,0.15,0.15495942450686162,0.002077662250550616,0.202,0.569843825548015,0.5231280425201795,0.02975823598983012,0.5337238848120024,0.023008620442484886,0.5104175446731737,0.03785489990005621,0.5241892113255258,0.02908226505050706,0.5072769607968997,0.0398554708009085,0.5125229514629527,0.036513743056607796,0.5062266547503365,0.04052452209726695,0.5114736721625797,0.03718214030944067,0.5062266547503365,0.04052452209726695,0.5125229514629527,0.036513743056607796
