img_index,width,height,noise_std,noise_std_est,t_diff,max_rel_gain,rel_gain_synth_1,rel_error_synth_1,rel_gain_synth_2,rel_error_synth_2,rel_gain_synth_3,rel_error_synth_3,rel_gain_synth_4,rel_error_synth_4,rel_gain_synth_5,rel_error_synth_5,rel_gain_synth_6,rel_error_synth_6,rel_gain_synth_7,rel_error_synth_7,rel_gain_synth_8,rel_error_synth_8,rel_gain_synth_9,rel_error_synth_9,rel_gain_synth_10,rel_error_synth_10
76,640,427,0.05,0.0519180722788009,0.53,0.1863104010052612,0.1767047389617951,0.0080970899650937,0.1825311380895443,0.0031857285517469,0.1832243507021581,0.0026013851859412,0.1810164534642962,0.0044625315064918,0.1767047389617951,0.0080970899650937,0.1757832305470336,0.0088738752094789,0.1784987622994974,0.0065848185256947,0.1810164534642962,0.0044625315064918,0.1776109355108868,0.0073332118533249,0.1757832305470336,0.0088738752094789
76,640,427,0.1,0.101547229072156,1.02,0.3942637768455486,0.3934235418737071,0.000602637023062,0.3936427996312704,0.0004453800095725,0.3935363255605576,0.0005217458109948,0.3933048340699407,0.0006877771563264,0.3936427996312704,0.0004453800095725,0.3937425576653136,0.0003738311135173,0.3931805678461748,0.0007769039240368,0.3933048340699407,0.0006877771563264,0.3933048340699407,0.0006877771563264,0.3937425576653136,0.0003738311135173
76,640,427,0.15,0.1516756344633829,1.88,0.5897012358251978,0.5876333947385547,0.0013007734032299,0.5897012358251978,0.0,0.5896670872787835,2.14811095599952e-05,0.5896949170683732,3.9748077703208125e-06,0.5875082723113396,0.0013794815430963,0.5875082723113396,0.0013794815430963,0.5887687060285056,0.0005866069520969,0.5896949170683732,3.9748077703208125e-06,0.5886210109599609,0.0006795143898068,0.5869512937262302,0.0017298483746477
