img_index,width,height,noise_std,noise_std_est,avg_mass_loss,t_diff,max_rel_gain,rel_gain_synth_1,rel_error_synth_1,rel_gain_synth_2,rel_error_synth_2,rel_gain_synth_3,rel_error_synth_3,rel_gain_synth_4,rel_error_synth_4,rel_gain_synth_5,rel_error_synth_5,rel_gain_synth_6,rel_error_synth_6,rel_gain_synth_7,rel_error_synth_7,rel_gain_synth_8,rel_error_synth_8,rel_gain_synth_9,rel_error_synth_9,rel_gain_synth_10,rel_error_synth_10,rel_gain_synth_11,rel_error_synth_11,rel_gain_synth_12,rel_error_synth_12,rel_gain_synth_13,rel_error_synth_13,rel_gain_synth_14,rel_error_synth_14,rel_gain_synth_15,rel_error_synth_15,rel_gain_synth_16,rel_error_synth_16
76,210,140,0.05,0.05440995714074199,4.428854875283447e-08,0.067,0.20545514,0.1451777,0.05000388,0.15340383,0.0431798,0.12917915,0.06327568,0.14245398,0.05226338,0.1317817,0.06111671,0.13442841,0.05892109,0.12917915,0.06327568,0.13442841,0.05892109,0.1317817,0.06111671,0.13707934,0.05672198,0.1317817,0.06111671,0.1317817,0.06111671,0.19892873,0.00541407,0.19707851,0.00694894,0.13442841,0.05892109,0.15617478,0.04088113
76,210,140,0.1,0.10461448187009179,4.428854875283447e-08,0.136,0.38708988,0.33288473,0.03907833,0.343231,0.03161936,0.3170403,0.05050113,0.33141527,0.04013771,0.31986493,0.04846475,0.32271528,0.04640983,0.3170403,0.05050113,0.32129312,0.04743511,0.31986493,0.04846475,0.3241589,0.04536907,0.31986493,0.04846475,0.31845203,0.04948335,0.3852971,0.00129249,0.3846887,0.0017311,0.32129312,0.04743511,0.3447135,0.03055057
76,210,140,0.15,0.15464675835802844,4.428854875283447e-08,0.20700000000000002,0.56892884,0.52807903,0.02603676,0.5379205,0.01976404,0.5114742,0.0366203,0.52610266,0.02729645,0.5133994,0.0353932,0.51630616,0.03354052,0.5105175,0.0372301,0.51436675,0.03477665,0.5133994,0.0353932,0.5182482,0.03230271,0.5124368,0.03600675,0.5095571,0.03784218,0.5688566,4.60435e-05,0.5686635,0.00016912,0.5124368,0.03600675,0.5379205,0.01976404
