img_index,width,height,noise_std,noise_std_est,avg_mass_loss,t_diff,max_rel_gain,rel_gain_synth_1,rel_error_synth_1,rel_gain_synth_2,rel_error_synth_2,rel_gain_synth_3,rel_error_synth_3,rel_gain_synth_4,rel_error_synth_4,rel_gain_synth_5,rel_error_synth_5,rel_gain_synth_6,rel_error_synth_6,rel_gain_synth_7,rel_error_synth_7,rel_gain_synth_8,rel_error_synth_8,rel_gain_synth_9,rel_error_synth_9,rel_gain_synth_10,rel_error_synth_10,rel_gain_synth_11,rel_error_synth_11,rel_gain_synth_12,rel_error_synth_12,rel_gain_synth_13,rel_error_synth_13,rel_gain_synth_14,rel_error_synth_14,rel_gain_synth_15,rel_error_synth_15,rel_gain_synth_16,rel_error_synth_16
76,210,140,0.05,0.05421087440815181,4.428854875283447e-08,0.068,0.20509607,0.14847784,0.04698234,0.1585857,0.03859475,0.13379651,0.05916503,0.14599185,0.04904523,0.13619268,0.05717668,0.13860835,0.05517213,0.13379651,0.05916503,0.13619268,0.05717668,0.13860835,0.05517213,0.14105293,0.05314359,0.13619268,0.05717668,0.13860835,0.05517213,0.19998157,0.00424406,0.19838081,0.00557238,0.13860835,0.05517213,0.1585857,0.03859475
76,210,140,0.1,0.1056988920941476,8.857709750566894e-08,0.16,0.38604593,0.32703948,0.04257179,0.33797318,0.03468338,0.30562356,0.05802288,0.32466742,0.04428316,0.30883703,0.05570443,0.31321955,0.05254254,0.30456677,0.05878533,0.31101552,0.05413271,0.30991882,0.05492394,0.31321955,0.05254254,0.30883703,0.05570443,0.30775627,0.05648417,0.38392875,0.00152749,0.3813319,0.00340108,0.30883703,0.05570443,0.33921888,0.03378464
76,210,140,0.15,0.1543235359824742,8.857709750566894e-08,0.268,0.56371516,0.51526827,0.0309819,0.5283924,0.022589,0.48905382,0.04774611,0.5124138,0.03280732,0.49156258,0.04614175,0.49801365,0.04201629,0.48598862,0.04970631,0.49411085,0.04451213,0.49030018,0.04694907,0.50001407,0.040737,0.49156258,0.04614175,0.49030018,0.04694907,0.5636932,1.4028196e-05,0.56074584,0.00189887,0.4922076,0.04572928,0.5261765,0.02400606
