img_index,width,height,noise_std,noise_std_est,avg_mass_loss,t_diff,max_rel_gain,rel_gain_synth_1,rel_error_synth_1,rel_gain_synth_2,rel_error_synth_2,rel_gain_synth_3,rel_error_synth_3,rel_gain_synth_4,rel_error_synth_4,rel_gain_synth_5,rel_error_synth_5,rel_gain_synth_6,rel_error_synth_6,rel_gain_synth_7,rel_error_synth_7,rel_gain_synth_8,rel_error_synth_8,rel_gain_synth_9,rel_error_synth_9,rel_gain_synth_10,rel_error_synth_10,rel_gain_synth_11,rel_error_synth_11,rel_gain_synth_12,rel_error_synth_12,rel_gain_synth_13,rel_error_synth_13,rel_gain_synth_14,rel_error_synth_14,rel_gain_synth_15,rel_error_synth_15,rel_gain_synth_16,rel_error_synth_16
84,320,213,0.05,0.06134872940761143,7.641334115805946e-08,0.062,0.11948005,0.03240897,0.07777815,0.03765284,0.07309395,0.02732162,0.08232253,0.03240897,0.07777815,0.02984489,0.08006857,0.02984489,0.08006857,0.02984489,0.08006857,0.02984489,0.08006857,0.02984489,0.08006857,0.02984489,0.08006857,0.02984489,0.08006857,0.02984489,0.08006857,0.06913202,0.04497448,0.0721608,0.04226895,0.02984489,0.08006857,0.03765284,0.07309395
84,320,213,0.1,0.10758895869292039,7.641334115805946e-08,0.111,0.27821493,0.23413159,0.03448821,0.23966217,0.03016141,0.23001617,0.03770787,0.23413159,0.03448821,0.23138489,0.03663707,0.23138489,0.03663707,0.23138489,0.03663707,0.23138489,0.03663707,0.23138489,0.03663707,0.23275748,0.03556323,0.23138489,0.03663707,0.23138489,0.03663707,0.26002586,0.01423006,0.26494858,0.01037881,0.23138489,0.03663707,0.23966217,0.03016141
84,320,213,0.15,0.15637843175699204,3.820667057902973e-08,0.17,0.45175877,0.42120332,0.0210472,0.42576927,0.01790209,0.41659528,0.0242213,0.4202806,0.02168279,0.4175177,0.02358594,0.418441,0.02294995,0.418441,0.02294995,0.4175177,0.02358594,0.4175177,0.02358594,0.418441,0.02294995,0.4175177,0.02358594,0.41659528,0.0242213,0.443859,0.00544151,0.4458043,0.00410155,0.41659528,0.0242213,0.42486423,0.01852548
