img_index,width,height,noise_std,noise_std_est,t_diff,max_rel_gain,rel_gain_synth_1,rel_error_synth_1,rel_gain_synth_2,rel_error_synth_2,rel_gain_synth_3,rel_error_synth_3,rel_gain_synth_4,rel_error_synth_4,rel_gain_synth_5,rel_error_synth_5,rel_gain_synth_6,rel_error_synth_6,rel_gain_synth_7,rel_error_synth_7,rel_gain_synth_8,rel_error_synth_8,rel_gain_synth_9,rel_error_synth_9,rel_gain_synth_10,rel_error_synth_10
84,640,426,0.05,0.0582993509646527,0.34,0.0893896126397375,0.0483049911177312,0.0377134324077615,0.0569227516400647,0.0298028002314077,0.0598370609307707,0.0271276239153382,0.0569227516400647,0.0298028002314077,0.0483049911177312,0.0377134324077615,0.0483049911177312,0.0377134324077615,0.0511478348832203,0.0351038575297704,0.0540230853246401,0.032464535098145,0.0511478348832203,0.0351038575297704,0.0483049911177312,0.0377134324077615
84,640,426,0.1,0.1052661804782395,0.59,0.2443709745652368,0.2336616875538426,0.0086061851572324,0.2336616875538426,0.0086061851572324,0.2336616875538426,0.0086061851572324,0.2336616875538426,0.0086061851572324,0.2336616875538426,0.0086061851572324,0.2344211894594682,0.0079958350918984,0.2336616875538426,0.0086061851572324,0.2336616875538426,0.0086061851572324,0.2336616875538426,0.0086061851572324,0.2344211894594682,0.0079958350918984
84,640,426,0.15,0.1541874729140613,0.86,0.4148875574769318,0.414757887795083,9.164663380039526e-05,0.4142233971390158,0.0004694085649465,0.4141046171191656,0.0005533587129442,0.4142233971390158,0.0004694085649465,0.414757887795083,9.164663380039526e-05,0.414757887795083,9.164663380039526e-05,0.4146183139725315,0.0001902932165722,0.4142233971390158,0.0004694085649465,0.4146183139725315,0.0001902932165722,0.414810408957388,5.452625485052887e-05
