img_index,width,height,noise_std,noise_std_est,avg_mass_loss,t_diff,max_rel_gain,rel_gain_synth_1,rel_error_synth_1,rel_gain_synth_2,rel_error_synth_2,rel_gain_synth_3,rel_error_synth_3,rel_gain_synth_4,rel_error_synth_4,rel_gain_synth_5,rel_error_synth_5,rel_gain_synth_6,rel_error_synth_6,rel_gain_synth_7,rel_error_synth_7,rel_gain_synth_8,rel_error_synth_8,rel_gain_synth_9,rel_error_synth_9,rel_gain_synth_10,rel_error_synth_10
84,320,213,0.05,0.061338230017659166,0.00044216211276676496,0.06,0.12907873126929775,0.04726134240912881,0.07246384737775614,0.052924840518003106,0.06744781266553775,0.04448390902997168,0.07492375854447768,0.04726134240912881,0.07246384737775614,0.04448390902997168,0.07492375854447768,0.04448390902997168,0.07492375854447768,0.041764300100756394,0.07733245587788501,0.04448390902997168,0.07492375854447768,0.041764300100756394,0.07733245587788501,0.04448390902997168,0.07492375854447768
84,320,213,0.1,0.10757041205852859,0.0007644779273895963,0.107,0.28651799024085667,0.24385635135952174,0.033160545911486206,0.2483807998550666,0.029643728789715697,0.24084489279528054,0.03550132823018305,0.24385635135952174,0.033160545911486206,0.24084489279528054,0.03550132823018305,0.24084489279528054,0.03550132823018305,0.24084489279528054,0.03550132823018305,0.24084489279528054,0.03550132823018305,0.2393460815986734,0.03666634201776837,0.24084489279528054,0.03550132823018305
84,320,213,0.15,0.1572043783813498,0.0011808327486688627,0.171,0.45341934857254346,0.4160775897790204,0.025692350132945317,0.42109721432818864,0.02223868443481201,0.4120635491903281,0.028454141210403166,0.4160775897790204,0.025692350132945317,0.411064283377414,0.029141668739120552,0.4130710351939942,0.0277609579218667,0.4120635491903281,0.028454141210403166,0.4130710351939942,0.0277609579218667,0.4120635491903281,0.028454141210403166,0.4130710351939942,0.0277609579218667
