energy,prior,fidelity,mass,psnr,ssim_indices
7114.045183978934,7114.045183978934,0.0,0.0,26.009982282596965,0.6377629664954104
4007.6846805211903,3842.0678590548478,165.61682146634257,-33.787967714481056,28.274530804295004,0.723911327793144
2986.334057502178,2593.099793547323,393.234263954855,-64.29050814721268,28.7110589499612,0.7607885005415409
2559.1893697468345,1983.4290738055554,575.760295941279,-91.81162324495381,28.470790319173407,0.7747731272702599
2348.70288251995,1636.1514195106806,712.5514630092692,-116.63194864522666,28.098645252408552,0.7788065498965685
2233.1340656568823,1418.0560912821297,815.0779743747526,-139.0092389486963,27.75183805158293,0.7785684019316316
