energy,prior,fidelity,mass,psnr,ssim_indices
4372.194016092674,4372.194016092674,0.0,0.0,26.01299326653466,0.5542478325782385
2498.243092874514,2395.4241921315047,102.81890074300917,-8.86469130954356,28.546890647501183,0.6609409835939731
1913.676721060844,1671.6257062273487,242.0510148334955,-16.774974141910207,29.491312698011484,0.7211018948518255
1678.3790077551653,1324.6019766842285,353.7770310709367,-23.851443242660025,29.601582168887454,0.7540640942335427
1566.1475280017057,1127.092001462907,439.0555265387986,-30.195409268926596,29.390475283300937,0.7723777782120479
1506.8920251398713,1001.8637384003317,505.0282867395397,-35.89257707589422,29.09096965832248,0.7826856673192847
1473.7088358484916,916.5423628364787,557.1664730120128,-41.016059315385064,28.791426264697556,0.7884891536160841
