energy,prior,fidelity,mass,psnr,ssim_indices
3120.2029349741215,3120.2029349741215,0.0,0.0,26.01643940155816,0.6107868596361431
1703.6869882622968,1625.6400123749952,78.04697588730174,-3.877669820038136,28.3638768748432,0.7068362845771244
1270.173320208328,1087.9761844324278,182.1971357759003,-7.322696558811003,29.01801581071295,0.7525604109234433
1101.162390992872,837.9140332103065,263.2483577825654,-10.403052841807948,28.97633315897645,0.77377690455328
1022.8115119968313,700.137783495707,322.67372850112423,-13.1704854760319,28.738908030787066,0.7836149729878752
982.1049021567661,615.3855322012023,366.7193699555638,-15.665306022710865,28.474696019087318,0.7879817867295217
959.3256311221023,559.184430063975,400.14120105812736,-17.919749145396054,28.232611197747417,0.7896235989017085
945.9276829808101,519.8653736969429,426.0623092838672,-19.960281042265706,28.023678421002444,0.7898904516243629
