img_index,width,height,noise_std,noise_std_est,avg_mass_loss,t_diff,max_rel_gain,rel_gain_synth_1,rel_error_synth_1,rel_gain_synth_2,rel_error_synth_2,rel_gain_synth_3,rel_error_synth_3,rel_gain_synth_4,rel_error_synth_4,rel_gain_synth_5,rel_error_synth_5,rel_gain_synth_6,rel_error_synth_6,rel_gain_synth_7,rel_error_synth_7,rel_gain_synth_8,rel_error_synth_8,rel_gain_synth_9,rel_error_synth_9,rel_gain_synth_10,rel_error_synth_10
25,427,640,0.05,0.052185543757843476,0.0001538186170259774,0.055,0.24491517843523417,0.2060875871842957,0.03118894517756772,0.2060875871842957,0.03118894517756772,0.2060875871842957,0.03118894517756772,0.2060875871842957,0.03118894517756772,0.2060875871842957,0.03118894517756772,0.2060875871842957,0.03118894517756772,0.2060875871842957,0.03118894517756772,0.20884832629919536,0.028971332955689537,0.2060875871842957,0.03118894517756772,0.2060875871842957,0.03118894517756772
25,427,640,0.1,0.10170941238620908,0.00026233666152640804,0.111,0.4466949559716326,0.4195944947706378,0.018732671382540034,0.4195944947706378,0.018732671382540034,0.418134963697618,0.019741544101004396,0.4195944947706378,0.018732671382540034,0.418134963697618,0.019741544101004396,0.4195944947706378,0.018732671382540034,0.4195944947706378,0.018732671382540034,0.42104384076571566,0.017730838902862638,0.418134963697618,0.019741544101004396,0.418134963697618,0.019741544101004396
25,427,640,0.15,0.1514152943400821,0.0003532807990266741,0.17400000000000002,0.6489191576023134,0.6252333302769078,0.014364456387205246,0.6252333302769078,0.014364456387205246,0.6242359540547993,0.01496932304638024,0.6252333302769078,0.014364456387205246,0.6242359540547993,0.01496932304638024,0.6262191047938405,0.01376662567343875,0.6242359540547993,0.01496932304638024,0.6262191047938405,0.01376662567343875,0.6232364330476348,0.015575490427331713,0.6232364330476348,0.015575490427331713
