img_index,width,height,noise_std,noise_std_est,avg_mass_loss,t_diff,max_rel_gain,rel_gain_synth_1,rel_error_synth_1,rel_gain_synth_2,rel_error_synth_2,rel_gain_synth_3,rel_error_synth_3,rel_gain_synth_4,rel_error_synth_4,rel_gain_synth_5,rel_error_synth_5,rel_gain_synth_6,rel_error_synth_6,rel_gain_synth_7,rel_error_synth_7,rel_gain_synth_8,rel_error_synth_8,rel_gain_synth_9,rel_error_synth_9,rel_gain_synth_10,rel_error_synth_10,rel_gain_synth_11,rel_error_synth_11,rel_gain_synth_12,rel_error_synth_12,rel_gain_synth_13,rel_error_synth_13,rel_gain_synth_14,rel_error_synth_14,rel_gain_synth_15,rel_error_synth_15,rel_gain_synth_16,rel_error_synth_16
25,427,640,0.05,0.05197872771753741,1.9058596799375488e-08,0.057,0.23250057,0.19480386,0.03058554,0.19230299,0.03261465,0.19230299,0.03261465,0.19230299,0.03261465,0.19230299,0.03261465,0.19480386,0.03058554,0.19230299,0.03261465,0.19480386,0.03058554,0.19230299,0.03261465,0.19230299,0.03261465,0.19230299,0.03261465,0.19230299,0.03261465,0.21206932,0.01657706,0.22484978,0.00620753,0.19230299,0.03261465,0.19230299,0.03261465
25,427,640,0.1,0.10161746771032755,1.9058596799375488e-08,0.124,0.4363669,0.40837237,0.01948981,0.4071919,0.02031164,0.40482333,0.02196065,0.4071919,0.02031164,0.40600777,0.02113605,0.40837237,0.01948981,0.40600777,0.02113605,0.40837237,0.01948981,0.40600777,0.02113605,0.40600777,0.02113605,0.40600777,0.02113605,0.40482333,0.02196065,0.424057,0.00857015,0.43494466,0.00099016,0.40482333,0.02196065,0.4071919,0.02031164
25,427,640,0.15,0.15185865572687968,1.9058596799375488e-08,0.222,0.63822496,0.6068166,0.01917221,0.6061076,0.01960501,0.60257876,0.02175904,0.60540336,0.02003486,0.60257876,0.02175904,0.6061076,0.01960501,0.6032817,0.02132996,0.6068166,0.01917221,0.6004647,0.02304951,0.6018717,0.02219065,0.6004647,0.02304951,0.6018717,0.02219065,0.62820506,0.00611633,0.63511723,0.00189704,0.6018717,0.02219065,0.6032817,0.02132996
