img_index,width,height,noise_std,noise_std_est,avg_mass_loss,t_diff,max_rel_gain,rel_gain_synth_1,rel_error_synth_1,rel_gain_synth_2,rel_error_synth_2,rel_gain_synth_3,rel_error_synth_3,rel_gain_synth_4,rel_error_synth_4,rel_gain_synth_5,rel_error_synth_5,rel_gain_synth_6,rel_error_synth_6,rel_gain_synth_7,rel_error_synth_7,rel_gain_synth_8,rel_error_synth_8,rel_gain_synth_9,rel_error_synth_9,rel_gain_synth_10,rel_error_synth_10,rel_gain_synth_11,rel_error_synth_11,rel_gain_synth_12,rel_error_synth_12,rel_gain_synth_13,rel_error_synth_13,rel_gain_synth_14,rel_error_synth_14,rel_gain_synth_15,rel_error_synth_15,rel_gain_synth_16,rel_error_synth_16
25,427,640,0.05,0.051889722212088756,1.9058596799375488e-08,0.055,0.23218636,0.19268331,0.03205932,0.19268331,0.03205932,0.19268331,0.03205932,0.19268331,0.03205932,0.19268331,0.03205932,0.19268331,0.03205932,0.19268331,0.03205932,0.19534878,0.02989611,0.19268331,0.03205932,0.19268331,0.03205932,0.19268331,0.03205932,0.19268331,0.03205932,0.21103892,0.01716254,0.2245494,0.0061979,0.19268331,0.03205932,0.19268331,0.03205932
25,427,640,0.1,0.10189089494965291,1.9058596799375488e-08,0.115,0.43826246,0.40851521,0.02068277,0.40851521,0.02068277,0.4071223,0.02165122,0.40851521,0.02068277,0.40851521,0.02068277,0.40851521,0.02068277,0.40851521,0.02068277,0.4099008,0.01971939,0.40851521,0.02068277,0.4071223,0.02165122,0.40851521,0.02068277,0.4071223,0.02165122,0.42311758,0.01053,0.43699035,0.00088447,0.4071223,0.02165122,0.40851521,0.02068277
25,427,640,0.15,0.1514527974345772,3.8117193598750976e-08,0.178,0.64216566,0.6220786,0.01223207,0.6220786,0.01223207,0.6238352,0.01116239,0.6211922,0.01277184,0.6247049,0.01063277,0.6220786,0.01223207,0.625559,0.01011268,0.6229648,0.01169243,0.625559,0.01011268,0.6220786,0.01223207,0.6229648,0.01169243,0.61939114,0.01386862,0.6341264,0.00489552,0.64189345,0.0001658,0.61939114,0.01386862,0.6202913,0.01332044
