img_index,width,height,noise_std,noise_std_est,t_diff,max_rel_gain,rel_gain_synth_1,rel_error_synth_1,rel_gain_synth_2,rel_error_synth_2,rel_gain_synth_3,rel_error_synth_3,rel_gain_synth_4,rel_error_synth_4,rel_gain_synth_5,rel_error_synth_5,rel_gain_synth_6,rel_error_synth_6,rel_gain_synth_7,rel_error_synth_7,rel_gain_synth_8,rel_error_synth_8,rel_gain_synth_9,rel_error_synth_9,rel_gain_synth_10,rel_error_synth_10
25,427,640,0.05,0.0521266647770171,0.5,0.1768689268922211,0.1658138609292633,0.0093936255009732,0.170650471916458,0.005283897665804,0.1731682812494942,0.0031444841121765,0.170650471916458,0.005283897665804,0.1668236585933184,0.0085355880076037,0.1668236585933184,0.0085355880076037,0.1678161477829645,0.0076922577377944,0.172373558976003,0.0038197694012442,0.1678161477829645,0.0076922577377944,0.1658138609292633,0.0093936255009732
25,427,640,0.1,0.1016154754533272,0.96,0.3819525348498306,0.3813166159491231,0.00046015972667,0.380808122658254,0.0008281125166871,0.3813166159491231,0.00046015972667,0.380808122658254,0.0008281125166871,0.3812000110230593,0.0005445366666323,0.3812000110230593,0.0005445366666323,0.3809452999580317,0.0007288491220925,0.3812000110230593,0.0005445366666323,0.3809452999580317,0.0007288491220925,0.3813166159491231,0.00046015972667
25,427,640,0.15,0.1514247374090765,1.65,0.5764733676295867,0.5737276122409265,0.0017417074370172,0.5762839155299352,0.0001201746274574,0.5764598423413254,8.579458771081414e-06,0.5761020167111292,0.0002355580031243,0.5738810275745191,0.0016443919119074,0.5743035935797285,0.0013763467841646,0.5749975607507113,0.0009361445040422,0.576364994777177,6.874385234476367e-05,0.5748946417241629,0.0010014288460816,0.5730449528149723,0.0021747369064467
