img_index,width,height,noise_std,noise_std_est,avg_mass_loss,t_diff,psnr_start,max_rel_gain,rel_gain_synth_2,rel_error_synth_2,rel_gain_synth_3,rel_error_synth_3,rel_gain_synth_4,rel_error_synth_4,rel_gain_synth_8,rel_error_synth_8
11,406,610,0.05,0.0518240252532099,0.0002497295298602,0.399,26.014232797696565,0.1564468569914394,0.1502221058916309,0.0053826520969606,0.1513240397015954,0.0044297904904781,0.1501277071217088,0.0054642803787544,0.1509633758495424,0.0047416628864058
11,406,610,0.1,0.1017301037017089,0.0003630842177278,0.766,19.991447474629336,0.3359315842875913,0.3359282703476194,2.480621021919865e-06,0.3358512217923937,6.01546487430396e-05,0.3359310717931362,3.8362327911206587e-07,0.3358722084002495,4.444530546327207e-05
11,406,610,0.15,0.1515793843160261,0.0004783804917537,1.547,16.47714055833142,0.4961977702599562,0.4912456732534425,0.0033097877198769,0.493164615813547,0.0020272416566174,0.4913278135590173,0.0032548883561648,0.4927622507444237,0.0022961667125968
