img_index,width,height,noise_std,noise_std_est,t_diff,max_rel_gain,rel_gain_synth_1,rel_error_synth_1,rel_gain_synth_2,rel_error_synth_2,rel_gain_synth_3,rel_error_synth_3,rel_gain_synth_4,rel_error_synth_4,rel_gain_synth_5,rel_error_synth_5,rel_gain_synth_6,rel_error_synth_6,rel_gain_synth_7,rel_error_synth_7,rel_gain_synth_8,rel_error_synth_8,rel_gain_synth_9,rel_error_synth_9,rel_gain_synth_10,rel_error_synth_10
11,427,640,0.05,0.0536528546865318,0.38,0.1266459943234053,0.1041260588658131,0.0199884751475251,0.1102806697054371,0.0145257025724359,0.1122648191270723,0.012764590890832,0.1102806697054371,0.0145257025724359,0.1041260588658131,0.0199884751475251,0.1062014806263255,0.01814635102782,0.1062014806263255,0.01814635102782,0.1122648191270723,0.012764590890832,0.1062014806263255,0.01814635102782,0.1041260588658131,0.0199884751475251
11,427,640,0.1,0.1027130268197207,0.6900000000000001,0.3024317489373176,0.2958307819039426,0.0050681865201465,0.2952421353741951,0.0055201461182043,0.2958307819039426,0.0050681865201465,0.2952421353741951,0.0055201461182043,0.2958307819039426,0.0050681865201465,0.2958307819039426,0.0050681865201465,0.2952421353741951,0.0055201461182043,0.2958307819039426,0.0050681865201465,0.2952421353741951,0.0055201461182043,0.2964083270744951,0.0046247504851882
11,427,640,0.15,0.1522976564595306,1.01,0.4786792580516809,0.4786064891193527,4.921211407538696e-05,0.4778006736594514,0.0005941683346442,0.4776695448144205,0.0006828480427802,0.4780415735309969,0.0004312527664208,0.4786064891193527,4.921211407538696e-05,0.4785569261253568,8.273053514339717e-05,0.4784241503267635,0.0001725240436884,0.4778006736594514,0.0005941683346442,0.4784241503267635,0.0001725240436884,0.4786684236069845,7.327109403451925e-06
