img_index,width,height,noise_std,noise_std_est,avg_mass_loss,t_diff,psnr_start,max_rel_gain,rel_gain_synth_1,rel_error_synth_1
11,406,610,0.05,0.0518921943002875,0.0002745405231814,0.174,26.015119534154657,0.2127997765210754,0.1802027422285708,0.0268775068428932
11,406,610,0.1,0.1017345295391086,0.000475902826758,0.351,20.015174275767155,0.3979234782636825,0.3701694973393686,0.0198537197177532
11,406,610,0.15,0.1516352493317131,0.0006447395237422,0.561,16.48997753600426,0.5781162012747404,0.5570258449967672,0.0133642606678374
