img_index,width,height,noise_std,noise_std_est,avg_mass_loss,t_diff,max_rel_gain,rel_gain_synth_1,rel_error_synth_1,rel_gain_synth_2,rel_error_synth_2,rel_gain_synth_3,rel_error_synth_3,rel_gain_synth_4,rel_error_synth_4,rel_gain_synth_5,rel_error_synth_5,rel_gain_synth_6,rel_error_synth_6,rel_gain_synth_7,rel_error_synth_7,rel_gain_synth_8,rel_error_synth_8,rel_gain_synth_9,rel_error_synth_9,rel_gain_synth_10,rel_error_synth_10
11,406,610,0.05,0.051978964712553276,0.0002246228646166109,0.058,0.2576454381966486,0.21660146224590718,0.03263557017277846,0.21660146224590718,0.03263557017277846,0.21371291403699,0.03493236076350257,0.21660146224590718,0.03263557017277846,0.21371291403699,0.03493236076350257,0.21660146224590718,0.03263557017277846,0.21371291403699,0.03493236076350257,0.21660146224590718,0.03263557017277846,0.21371291403699,0.03493236076350257,0.21371291403699,0.03493236076350257
11,406,610,0.1,0.1015425283710624,0.00041963243744426893,0.113,0.4418333361271812,0.41004877265850975,0.02204454750231114,0.41004877265850975,0.02204454750231114,0.40671799077947046,0.024354649367472544,0.41004877265850975,0.02204454750231114,0.4083905364377215,0.023194636197889768,0.4083905364377215,0.023194636197889768,0.4083905364377215,0.023194636197889768,0.41004877265850975,0.02204454750231114,0.40671799077947046,0.024354649367472544,0.4083905364377215,0.023194636197889768
11,406,610,0.15,0.15187849222703326,0.0006235847245603782,0.177,0.6225127287501522,0.5891581498367622,0.020557360396847864,0.5903776541056663,0.01980574578865709,0.5866920770209529,0.022077270085142837,0.5891581498367622,0.020557360396847864,0.5866920770209529,0.022077270085142837,0.5879273168524981,0.021315957209343893,0.5866920770209529,0.022077270085142837,0.5891581498367622,0.020557360396847864,0.5854463482506721,0.02284504758741267,0.5866920770209529,0.022077270085142837
