img_index,width,height,noise_std,noise_std_est,avg_mass_loss,t_diff,max_rel_gain,rel_gain_synth_1,rel_error_synth_1,rel_gain_synth_2,rel_error_synth_2,rel_gain_synth_3,rel_error_synth_3,rel_gain_synth_4,rel_error_synth_4,rel_gain_synth_5,rel_error_synth_5,rel_gain_synth_6,rel_error_synth_6,rel_gain_synth_7,rel_error_synth_7,rel_gain_synth_8,rel_error_synth_8,rel_gain_synth_9,rel_error_synth_9,rel_gain_synth_10,rel_error_synth_10,rel_gain_synth_11,rel_error_synth_11,rel_gain_synth_12,rel_error_synth_12,rel_gain_synth_13,rel_error_synth_13,rel_gain_synth_14,rel_error_synth_14,rel_gain_synth_15,rel_error_synth_15,rel_gain_synth_16,rel_error_synth_16
11,406,610,0.05,0.05181684829447329,2.103017577862123e-08,0.059000000000000004,0.24568741,0.20188098,0.03516647,0.20188098,0.03516647,0.19908683,0.03740953,0.20188098,0.03516647,0.19908683,0.03740953,0.20188098,0.03516647,0.19908683,0.03740953,0.20188098,0.03516647,0.19908683,0.03740953,0.19908683,0.03740953,0.19908683,0.03740953,0.20188098,0.03516647,0.22618419,0.0156566,0.23932363,0.00510865,0.20188098,0.03516647,0.20188098,0.03516647
11,406,610,0.1,0.10165704620124141,6.309052733586369e-08,0.116,0.4327554,0.40062636,0.02242467,0.40062636,0.02242467,0.39753315,0.02458358,0.39908588,0.02349986,0.39908588,0.02349986,0.39908588,0.02349986,0.39908588,0.02349986,0.39908588,0.02349986,0.39908588,0.02349986,0.39753315,0.02458358,0.39753315,0.02458358,0.39753315,0.02458358,0.41924736,0.00942803,0.43144226,0.00091653,0.39753315,0.02458358,0.39908588,0.02349986
11,406,610,0.15,0.1516478047667294,6.309052733586369e-08,0.182,0.6171427,0.58642083,0.01899762,0.58752954,0.01831204,0.58642083,0.01899762,0.58530617,0.0196869,0.58752954,0.01831204,0.58530617,0.0196869,0.58863175,0.01763044,0.58530617,0.0196869,0.5897261,0.01695375,0.58530617,0.0196869,0.58530617,0.0196869,0.5819248,0.02177786,0.6056038,0.00713537,0.61501426,0.00131618,0.5819248,0.02177786,0.58530617,0.0196869
