img_index,width,height,noise_std,noise_std_est,avg_mass_loss,t_diff,max_rel_gain,rel_gain_synth_2,rel_error_synth_2,rel_gain_synth_3,rel_error_synth_3,rel_gain_synth_4,rel_error_synth_4,rel_gain_synth_8,rel_error_synth_8
11,406,610,0.05,0.05182402525320999,0.0002497295298602944,0.399,0.15644685699143943,0.15022210589163093,0.005382652096960646,0.15132403970159547,0.004429790490478101,0.15012770712170884,0.005464280378754476,0.1509633758495424,0.00474166288640589
11,406,610,0.1,0.10173010370170897,0.00036308421772789426,0.766,0.3359315842875913,0.3359282703476194,2.4806210219198654e-06,0.3358512217923937,6.01546487430396e-05,0.33593107179313625,3.8362327911206587e-07,0.33587220840024956,4.444530546327207e-05
11,406,610,0.15,0.15157938431602613,0.0004783804917537232,1.547,0.4961977702599562,0.49124567325344254,0.003309787719876967,0.49316461581354704,0.0020272416566174834,0.49132781355901733,0.0032548883561648078,0.4927622507444237,0.002296166712596835
