img_index,width,height,noise_std,noise_std_est,avg_mass_loss,t_diff,max_rel_gain,rel_gain_synth_1,rel_error_synth_1
11,406,610,0.05,0.051892194300287534,0.0002745405231814544,0.17400000000000002,0.21279977652107543,0.1802027422285708,0.026877506842893265
11,406,610,0.1,0.10173452953910864,0.0004759028267580749,0.35100000000000003,0.3979234782636825,0.3701694973393686,0.019853719717753255
11,406,610,0.15,0.15163524933171313,0.0006447395237422735,0.561,0.5781162012747404,0.5570258449967672,0.01336426066783747
