img_index,width,height,noise_std,noise_std_est,avg_mass_loss,t_diff,max_rel_gain,rel_gain_synth_1,rel_error_synth_1,rel_gain_synth_2,rel_error_synth_2,rel_gain_synth_3,rel_error_synth_3,rel_gain_synth_4,rel_error_synth_4,rel_gain_synth_5,rel_error_synth_5,rel_gain_synth_6,rel_error_synth_6,rel_gain_synth_7,rel_error_synth_7,rel_gain_synth_8,rel_error_synth_8,rel_gain_synth_9,rel_error_synth_9,rel_gain_synth_10,rel_error_synth_10,rel_gain_synth_11,rel_error_synth_11,rel_gain_synth_12,rel_error_synth_12,rel_gain_synth_13,rel_error_synth_13,rel_gain_synth_14,rel_error_synth_14,rel_gain_synth_15,rel_error_synth_15,rel_gain_synth_16,rel_error_synth_16
11,406,610,0.05,0.0518273381230209,2.103017577862123e-08,0.061,0.2459951,0.20473684,0.03311269,0.20473684,0.03311269,0.19956234,0.0372656,0.20214586,0.03519214,0.20214586,0.03519214,0.20214586,0.03519214,0.20214586,0.03519214,0.20214586,0.03519214,0.19956234,0.0372656,0.20214586,0.03519214,0.20214586,0.03519214,0.20214586,0.03519214,0.22734657,0.01496677,0.23966148,0.00508317,0.20214586,0.03519214,0.20214586,0.03519214
11,406,610,0.1,0.1013689790015508,4.206035155724246e-08,0.125,0.43256432,0.40097108,0.02205362,0.40229338,0.02113059,0.39697826,0.02484081,0.40097108,0.02205362,0.39831305,0.02390906,0.3996454,0.02297903,0.39831305,0.02390906,0.3996454,0.02297903,0.39831305,0.02390906,0.39831305,0.02390906,0.39831305,0.02390906,0.39697826,0.02484081,0.42273358,0.00686235,0.43065798,0.00133072,0.39697826,0.02484081,0.40097108,0.02205362
11,406,610,0.15,0.15185484038736993,2.103017577862123e-08,0.22,0.61521465,0.5765253,0.02395308,0.5765253,0.02395308,0.570499,0.027684,0.574803,0.02501936,0.570499,0.027684,0.5739441,0.0255511,0.5713571,0.02715275,0.574803,0.02501936,0.5687794,0.02874864,0.570499,0.027684,0.5687794,0.02874864,0.570499,0.027684,0.60383344,0.00704625,0.6099105,0.00328387,0.570499,0.027684,0.574803,0.02501936
