energy,prior,fidelity,mass,psnr,ssim_indices
1571.8154512763651,1571.8154512763651,0.0,0.0,26.009369800211335,0.6242973121697345
926.0357188680624,889.604900419168,36.43081844889441,17.948109286437102,28.55277236964083,0.7200687825650958
730.3372536523045,644.1337684880864,86.20348516421808,34.10567438285943,29.519993416323107,0.7706693897841488
653.9503115028814,526.889338887965,127.06097261491642,48.64625691614492,29.614097902363614,0.7968096114107078
618.8756619006292,459.5436723976764,159.33198950295275,61.72945999429794,29.348800859683486,0.8101562677514655
601.3838062581401,416.0605579424592,185.32324831568087,73.50055165991944,28.97721636299543,0.8166180757496374
592.4561335297711,385.72182869318954,206.73430483658163,84.09099450108624,28.60208746303007,0.8192703269300808
588.0436167294279,363.38878977818274,224.65482695124507,93.61937134891195,28.259843265996516,0.8198009172575255
586.1094962888194,346.3125885454794,239.79690774333997,102.19245281073381,27.960278538640534,0.8191657244782528
