img_index,width,height,noise_std,noise_std_est,t_diff,max_rel_gain,rel_gain_synth_1,rel_error_synth_1,rel_gain_synth_2,rel_error_synth_2,rel_gain_synth_3,rel_error_synth_3,rel_gain_synth_4,rel_error_synth_4,rel_gain_synth_5,rel_error_synth_5,rel_gain_synth_6,rel_error_synth_6,rel_gain_synth_7,rel_error_synth_7,rel_gain_synth_8,rel_error_synth_8,rel_gain_synth_9,rel_error_synth_9,rel_gain_synth_10,rel_error_synth_10
41,640,427,0.05,0.0509404508851172,0.65,0.2344796934313676,0.229639027957965,0.0039212191979824,0.2340727666067077,0.0003296342797901,0.2340727666067077,0.0003296342797901,0.2332455782700139,0.0009997047079189,0.2290924716183611,0.0043639614662531,0.2285314483023804,0.0048184228226981,0.2306815329334144,0.0030767298305213,0.2328919155939141,0.0012861919445917,0.2306815329334144,0.0030767298305213,0.2285314483023804,0.0048184228226981
41,640,427,0.1,0.1009727062894878,1.34,0.452479399979542,0.4521922249638338,0.0001977136582537,0.4523537730847172,8.649134357888917e-05,0.4522800725446423,0.0001372325383083,0.451979052001237,0.000344478536709,0.4523187743926118,0.0001105871704152,0.4523848935169426,6.506561304807343e-05,0.451979052001237,0.000344478536709,0.4520366690276761,0.0003048104860366,0.451979052001237,0.000344478536709,0.452411953248399,4.643558534735644e-05
41,640,427,0.15,0.1512342309340937,50.0,0.6510700295251837,0.6486533332837262,0.001463715165463,0.6495676770229849,0.0009099265781178,0.6482299377447415,0.0017201522222888,0.6500758497862541,0.0006021426839269,0.6484776586409614,0.0015701156449238,0.64838605032255,0.0016255998562372,0.6504216515879562,0.0003927016574905,0.650057447733862,0.0006132882150449,0.6502843982196024,0.0004758316070985,0.6475538038260029,0.0021296647848377
