img_index,width,height,noise_std,noise_std_est,avg_mass_loss,t_diff,max_rel_gain,rel_gain_synth_1,rel_error_synth_1,rel_gain_synth_2,rel_error_synth_2,rel_gain_synth_3,rel_error_synth_3,rel_gain_synth_4,rel_error_synth_4,rel_gain_synth_5,rel_error_synth_5,rel_gain_synth_6,rel_error_synth_6,rel_gain_synth_7,rel_error_synth_7,rel_gain_synth_8,rel_error_synth_8,rel_gain_synth_9,rel_error_synth_9,rel_gain_synth_10,rel_error_synth_10,rel_gain_synth_11,rel_error_synth_11,rel_gain_synth_12,rel_error_synth_12,rel_gain_synth_13,rel_error_synth_13,rel_gain_synth_14,rel_error_synth_14,rel_gain_synth_15,rel_error_synth_15,rel_gain_synth_16,rel_error_synth_16
41,255,170,0.05,0.052898585281146576,6.00730488273741e-08,0.148,0.4034308,0.3216985,0.0582375,0.35421246,0.03507,0.28612816,0.08358276,0.31932122,0.05993139,0.29207137,0.07934798,0.29718882,0.07570162,0.28708667,0.0828998,0.2930701,0.07863636,0.29207137,0.07934798,0.30139172,0.07270686,0.29104605,0.08007857,0.29410136,0.07790154,0.3869784,0.01172299,0.3869784,0.01172299,0.29824206,0.07495113,0.35843638,0.0320603
41,255,170,0.1,0.10312925246491865,6.00730488273741e-08,0.308,0.667947,0.5907382,0.04628971,0.63462645,0.01997698,0.53609,0.07905345,0.5863588,0.04891535,0.5458893,0.07317837,0.5534531,0.06864361,0.53849626,0.07761081,0.5471376,0.07242997,0.5458893,0.07317837,0.5593287,0.06512097,0.54216033,0.07541407,0.54093164,0.07615071,0.6226264,0.02717145,0.6150751,0.03169876,0.5446419,0.07392626,0.63706446,0.01851529
41,255,170,0.15,0.15324137336653887,2.4029219530949636e-06,0.856,0.90863943,0.7531391,0.08147183,0.83041096,0.04098651,0.6522063,0.13435389,0.7386068,0.08908577,0.6684491,0.12584375,0.68130666,0.11910725,0.66080314,0.12984973,0.6731838,0.12336308,0.67293537,0.12349322,0.69545317,0.11169542,0.66173804,0.1293599,0.6455777,0.13782683,0.8520505,0.02964883,0.85776,0.02665742,0.6545292,0.13313685,0.82011026,0.04638338
