img_index,width,height,noise_std,noise_std_est,avg_mass_loss,t_diff,max_rel_gain,rel_gain_synth_1,rel_error_synth_1,rel_gain_synth_2,rel_error_synth_2,rel_gain_synth_3,rel_error_synth_3,rel_gain_synth_4,rel_error_synth_4,rel_gain_synth_5,rel_error_synth_5,rel_gain_synth_6,rel_error_synth_6,rel_gain_synth_7,rel_error_synth_7,rel_gain_synth_8,rel_error_synth_8,rel_gain_synth_9,rel_error_synth_9,rel_gain_synth_10,rel_error_synth_10,rel_gain_synth_11,rel_error_synth_11,rel_gain_synth_12,rel_error_synth_12,rel_gain_synth_13,rel_error_synth_13,rel_gain_synth_14,rel_error_synth_14,rel_gain_synth_15,rel_error_synth_15,rel_gain_synth_16,rel_error_synth_16
41,255,170,0.05,0.05302763622130795,6.00730488273741e-08,0.162,0.40373528,0.33271155,0.05059624,0.36730123,0.02595507,0.29202136,0.07958331,0.32961732,0.05280052,0.29980084,0.07404133,0.3047112,0.07054328,0.2942998,0.07796019,0.30059275,0.07347719,0.30639526,0.06934357,0.31335008,0.06438906,0.30059275,0.07347719,0.30553567,0.06995592,0.37882885,0.01774296,0.38310438,0.01469713,0.30305046,0.07172637,0.37105647,0.02327989
41,255,170,0.1,0.10324719925383449,6.00730488273741e-08,0.531,0.671257,0.58027613,0.05443859,0.6315153,0.02377955,0.513724,0.09426017,0.5721707,0.05928852,0.52416915,0.08801033,0.53561527,0.08116151,0.51521456,0.09336832,0.52773386,0.0858774,0.52727056,0.0861546,0.5409546,0.07796674,0.52504677,0.08748519,0.52119106,0.0897923,0.6258127,0.02719171,0.6291247,0.02520996,0.52416915,0.08801033,0.63337386,0.02266747
41,255,170,0.15,0.15427101013327021,1.201460976547482e-07,3.0660000000000003,0.912123,0.7516177,0.08394087,0.85305667,0.03089047,0.61872095,0.1534431,0.7234669,0.09866317,0.62863165,0.14826001,0.65075266,0.13669118,0.61532414,0.15521955,0.6381906,0.14326087,0.629101,0.14801456,0.6710664,0.12606752,0.62677103,0.14923309,0.6272446,0.1489854,0.8442802,0.03548037,0.87532216,0.01924607,0.6248983,0.15021248,0.84015703,0.0376367
