img_index,width,height,noise_std,noise_std_est,avg_mass_loss,t_diff,max_rel_gain,rel_gain_synth_1,rel_error_synth_1,rel_gain_synth_2,rel_error_synth_2,rel_gain_synth_3,rel_error_synth_3,rel_gain_synth_4,rel_error_synth_4,rel_gain_synth_5,rel_error_synth_5,rel_gain_synth_6,rel_error_synth_6,rel_gain_synth_7,rel_error_synth_7,rel_gain_synth_8,rel_error_synth_8,rel_gain_synth_9,rel_error_synth_9,rel_gain_synth_10,rel_error_synth_10
41,255,170,0.05,0.052926689050226135,0.0011846549472405152,0.127,0.402412269337253,0.3247219932215871,0.055397601557194316,0.3638704523393181,0.02748251554883274,0.3040789798539781,0.07011724842491923,0.33298829931125484,0.04950325346112829,0.3016355899881188,0.07185952487192575,0.3077764764859389,0.06748072226723793,0.2992297641031895,0.07357501605631633,0.3077764764859389,0.06748072226723793,0.3016355899881188,0.07185952487192575,0.31159077924925144,0.06476090667041984
41,255,170,0.1,0.1025885740349637,0.0020743362730268403,0.23,0.6521694198421081,0.5924651376987553,0.03613690062672783,0.6300824185769245,0.013368484490709426,0.5618738156676879,0.054652751158564265,0.5970377737576246,0.03336924495900199,0.5585415744913073,0.05666963946091468,0.5669428374630595,0.051584650675348655,0.5552530950116852,0.058660040348455844,0.5652478704830769,0.052610554532196804,0.556894215040679,0.05766672815584145,0.5703460089501,0.04952483075242228
41,255,170,0.15,0.15288719070662207,0.0034465615692061847,0.4,0.8720601748274477,0.7982787062065155,0.03941191079914555,0.8406944996291181,0.016754629803083444,0.7589394661970293,0.060425786602102634,0.8001346117152445,0.038420540151083975,0.7519256156920997,0.06417238118236293,0.7644675101482121,0.05747286659156276,0.749287865079072,0.06558139070486449,0.7633548840923086,0.0580671990125311,0.7524539424380732,0.06389016442828761,0.7689805869345728,0.05506211246781954
