img_index,width,height,noise_std,noise_std_est,avg_mass_loss,t_diff,max_rel_gain,rel_gain_synth_1,rel_error_synth_1,rel_gain_synth_2,rel_error_synth_2,rel_gain_synth_3,rel_error_synth_3,rel_gain_synth_4,rel_error_synth_4,rel_gain_synth_5,rel_error_synth_5,rel_gain_synth_6,rel_error_synth_6,rel_gain_synth_7,rel_error_synth_7,rel_gain_synth_8,rel_error_synth_8,rel_gain_synth_9,rel_error_synth_9,rel_gain_synth_10,rel_error_synth_10
12,292,439,0.05,0.05099517436178189,0.00042892965377044434,0.082,0.3326627794843375,0.29001101771955773,0.03200491708884038,0.29343993274978586,0.0294319368248047,0.2865806769925001,0.0345789671635224,0.29172310164695586,0.030720208043345274,0.28486179123670863,0.03586878014716148,0.29001101771955773,0.03200491708884038,0.2865806769925001,0.0345789671635224,0.29001101771955773,0.03200491708884038,0.28486179123670863,0.03586878014716148,0.2865806769925001,0.0345789671635224
12,292,439,0.1,0.1012327933490399,0.0008641862556196889,0.17400000000000002,0.56933224978381,0.5060078891357319,0.04035114976882787,0.5110468571090333,0.03714025037260665,0.49971072599052235,0.04436378835831527,0.507270610880081,0.039546526181615575,0.49845406459808067,0.045164550206301765,0.5047456187854673,0.04115548572154823,0.49971072599052235,0.04436378835831527,0.5060078891357319,0.04035114976882787,0.4971955457796422,0.04596649563156899,0.49971072599052235,0.04436378835831527
12,292,439,0.15,0.1519277159827309,0.0012868625986383227,0.279,0.7926838820501907,0.7005498125723411,0.051394487561566705,0.7059916249171742,0.048358920388056136,0.6908249382476858,0.0568192444983745,0.7005498125723411,0.051394487561566705,0.6897511860069904,0.05741820801416594,0.697295750615205,0.053209677618061516,0.6908249382476858,0.0568192444983745,0.6994643972838048,0.05199995699173468,0.6844052631344478,0.060400285850682585,0.6876071700040371,0.058614189092827285
