img_index,width,height,noise_std,noise_std_est,avg_mass_loss,t_diff,max_rel_gain,rel_gain_synth_1,rel_error_synth_1
12,292,439,0.05,0.050977039191034405,0.0004876413562825537,0.26,0.31680628787080223,0.2966040790644422,0.015341822857654926
12,292,439,0.1,0.1015057959142784,0.0009781826336408082,0.7030000000000001,0.5449134131675509,0.5005901636338542,0.028689795270027657
12,292,439,0.15,0.15241650459037037,0.0014828593703649037,2.053,0.7565197234579711,0.674287751896386,0.046815285056804955
