img_index,width,height,noise_std,noise_std_est,avg_mass_loss,t_diff,max_rel_gain,rel_gain_synth_2,rel_error_synth_2,rel_gain_synth_3,rel_error_synth_3,rel_gain_synth_4,rel_error_synth_4,rel_gain_synth_8,rel_error_synth_8
12,292,439,0.05,0.051116878090763235,0.0004946732210979778,0.717,0.2538921596102173,0.25362250336104664,0.00021505537545948806,0.2538711187700585,1.6780422460993104e-05,0.25354443746980326,0.0002773142313308021,0.2538887222884984,2.741321646040578e-06
12,292,439,0.1,0.10107838497127974,0.0007644920774949042,50.0,0.4411073822238143,0.43863544768008755,0.0017153021171206608,0.43863544768008755,0.0017153021171206608,0.43863544768008755,0.0017153021171206608,0.43863544768008755,0.0017153021171206608
12,292,439,0.15,0.1516472758876013,0.0007673006900588126,50.0,0.5843750489544515,0.5843056403574026,4.380818613284466e-05,0.5843056403574026,4.380818613284466e-05,0.5843056403574026,4.380818613284466e-05,0.5843056403574026,4.380818613284466e-05
