img_index,width,height,noise_std,noise_std_est,t_diff,max_rel_gain,rel_gain_synth_1,rel_error_synth_1,rel_gain_synth_2,rel_error_synth_2,rel_gain_synth_3,rel_error_synth_3,rel_gain_synth_4,rel_error_synth_4,rel_gain_synth_5,rel_error_synth_5,rel_gain_synth_6,rel_error_synth_6,rel_gain_synth_7,rel_error_synth_7,rel_gain_synth_8,rel_error_synth_8,rel_gain_synth_9,rel_error_synth_9,rel_gain_synth_10,rel_error_synth_10
12,480,720,0.05,0.0508158528193687,0.85,0.2815368536085389,0.2806473434587999,0.0006940964258923,0.2812945655374278,0.0001890605568063,0.2800763691371426,0.0011396351710712,0.2813913211524201,0.000113560882552,0.280935519274537,0.0004692290606459,0.280935519274537,0.0004692290606459,0.281361020345182,0.0001372049994986,0.2806167848347228,0.0007179417206968,0.281361020345182,0.0001372049994986,0.2801377082484145,0.0010917714587642
12,480,720,0.1,0.1008838632427088,2.53,0.5158087648158305,0.5157833741692737,1.675056058930711e-05,0.5144408233014995,0.0009024499304153,0.5157339388299174,4.936373746476378e-05,0.514474214732274,0.0008804211418573,0.5157213081845409,5.769634885323291e-05,0.5157339388299174,4.936373746476378e-05,0.5153458614450656,0.0003053837538808,0.515510219000228,0.0001969548023023,0.515158802256953,0.0004287892865934,0.5158086214025756,9.461170715251835e-08
12,480,720,0.15,0.1511091003885747,50.0,0.7103094502882192,0.7102981745253598,6.592820297794317e-06,0.7092346164688591,0.0006284440626688,0.7092346164688591,0.0006284440626688,0.7092346164688591,0.0006284440626688,0.710224171094097,4.986185050192816e-05,0.7099314045700728,0.0002210393669301,0.7092346164688591,0.0006284440626688,0.7092346164688591,0.0006284440626688,0.7092346164688591,0.0006284440626688,0.7096270483709326,0.0003989932448608
