img_index,width,height,noise_std,noise_std_est,avg_mass_loss,t_diff,max_rel_gain,rel_gain_synth_1,rel_error_synth_1,rel_gain_synth_2,rel_error_synth_2,rel_gain_synth_3,rel_error_synth_3,rel_gain_synth_4,rel_error_synth_4,rel_gain_synth_5,rel_error_synth_5,rel_gain_synth_6,rel_error_synth_6,rel_gain_synth_7,rel_error_synth_7,rel_gain_synth_8,rel_error_synth_8,rel_gain_synth_9,rel_error_synth_9,rel_gain_synth_10,rel_error_synth_10,rel_gain_synth_11,rel_error_synth_11,rel_gain_synth_12,rel_error_synth_12,rel_gain_synth_13,rel_error_synth_13,rel_gain_synth_14,rel_error_synth_14,rel_gain_synth_15,rel_error_synth_15,rel_gain_synth_16,rel_error_synth_16
12,292,439,0.05,0.050980646796167865,4.063042822521089e-08,0.08600000000000001,0.3252271,0.28515524,0.03023773,0.28672192,0.02905554,0.27570182,0.03737116,0.2835639,0.03143853,0.27726066,0.03619487,0.28199783,0.03262028,0.27726066,0.03619487,0.28199783,0.03262028,0.27726066,0.03619487,0.28199783,0.03262028,0.2804062,0.03382129,0.2804062,0.03382129,0.3227015,0.00190578,0.3241557,0.00080848,0.2804062,0.03382129,0.28672192,0.02905554
12,292,439,0.1,0.10125386932611474,4.063042822521089e-08,0.20400000000000001,0.56822366,0.5058277,0.03978767,0.50779194,0.03853514,0.4885406,0.05081105,0.5019226,0.04227782,0.49136737,0.04900851,0.499979,0.04351719,0.4904204,0.04961235,0.499979,0.04351719,0.4885406,0.05081105,0.4961211,0.04597722,0.4932628,0.04779986,0.4904204,0.04961235,0.5654245,0.00178492,0.56597,0.00143707,0.4885406,0.05081105,0.50485283,0.04040932
12,292,439,0.15,0.1511541935546661,8.126085645042178e-08,0.366,0.7864663,0.7025654,0.04696472,0.70457596,0.04583928,0.67843616,0.06047139,0.69727355,0.04992691,0.6790369,0.06013511,0.69273776,0.05246588,0.67843616,0.06047139,0.69402546,0.05174506,0.67309284,0.06346241,0.6833062,0.0577453,0.68207717,0.05843331,0.67368037,0.06313353,0.7840227,0.00136784,0.7863552,6.216001e-05,0.68085676,0.05911642,0.69792765,0.04956077
