img_index,width,height,noise_std,noise_std_est,avg_mass_loss,t_diff,max_rel_gain,rel_gain_synth_1,rel_error_synth_1,rel_gain_synth_2,rel_error_synth_2,rel_gain_synth_3,rel_error_synth_3,rel_gain_synth_4,rel_error_synth_4,rel_gain_synth_5,rel_error_synth_5,rel_gain_synth_6,rel_error_synth_6,rel_gain_synth_7,rel_error_synth_7,rel_gain_synth_8,rel_error_synth_8,rel_gain_synth_9,rel_error_synth_9,rel_gain_synth_10,rel_error_synth_10,rel_gain_synth_11,rel_error_synth_11,rel_gain_synth_12,rel_error_synth_12,rel_gain_synth_13,rel_error_synth_13,rel_gain_synth_14,rel_error_synth_14,rel_gain_synth_15,rel_error_synth_15,rel_gain_synth_16,rel_error_synth_16
12,292,439,0.05,0.050769504855850425,8.126085645042178e-08,0.079,0.32477635,0.28695172,0.02855171,0.2886872,0.02724169,0.27999026,0.03380652,0.2852135,0.0298638,0.2817314,0.03249225,0.2852135,0.0298638,0.2817314,0.03249225,0.2852135,0.0298638,0.27999026,0.03380652,0.2817314,0.03249225,0.2817314,0.03249225,0.2817314,0.03249225,0.32169512,0.00232585,0.32377872,0.00075305,0.2834715,0.03117873,0.2886872,0.02724169
12,292,439,0.1,0.10122594671013303,8.126085645042178e-08,0.169,0.5692757,0.51635796,0.03372113,0.5188003,0.03216474,0.5065959,0.03994185,0.51391166,0.03527999,0.507811,0.03916755,0.512687,0.03606038,0.5090326,0.03838908,0.512687,0.03606038,0.507811,0.03916755,0.5090326,0.03838908,0.507811,0.03916755,0.5065959,0.03994185,0.56579775,0.00221626,0.5638688,0.00344546,0.507811,0.03916755,0.5175752,0.03294544
12,292,439,0.15,0.15202603963057687,1.6252171290084357e-07,0.28400000000000003,0.7921747,0.71046066,0.0455949,0.71557117,0.04274333,0.6993269,0.05180736,0.7053752,0.04843252,0.7023401,0.05012602,0.7043603,0.0489988,0.7053752,0.04843252,0.7053752,0.04843252,0.7053752,0.04843252,0.7003286,0.05124841,0.7003286,0.05124841,0.69133663,0.05626577,0.78473675,0.00415023,0.79121536,0.00053529,0.6943168,0.05460288,0.71046066,0.0455949
