img_index,width,height,noise_std,noise_std_est,avg_mass_loss,t_diff,psnr_start,max_rel_gain,rel_gain_synth_2,rel_error_synth_2,rel_gain_synth_3,rel_error_synth_3,rel_gain_synth_4,rel_error_synth_4,rel_gain_synth_8,rel_error_synth_8
12,292,439,0.05,0.0511168780907632,0.0004946732210979,0.717,26.018292208016423,0.2538921596102173,0.2536225033610466,0.0002150553754594,0.2538711187700585,1.6780422460993104e-05,0.2535444374698032,0.0002773142313308,0.2538887222884984,2.741321646040578e-06
12,292,439,0.1,0.1010783849712797,0.0007644920774949,50.0,19.997511406841536,0.4411073822238143,0.4386354476800875,0.0017153021171206,0.4386354476800875,0.0017153021171206,0.4386354476800875,0.0017153021171206,0.4386354476800875,0.0017153021171206
12,292,439,0.15,0.1516472758876013,0.0007673006900588,50.0,16.47815193683359,0.5843750489544515,0.5843056403574026,4.380818613284466e-05,0.5843056403574026,4.380818613284466e-05,0.5843056403574026,4.380818613284466e-05,0.5843056403574026,4.380818613284466e-05
