img_index,width,height,noise_std,noise_std_est,avg_mass_loss,t_diff,psnr_start,max_rel_gain,rel_gain_synth_1,rel_error_synth_1
12,292,439,0.05,0.0509770391910344,0.0004876413562825,0.26,26.268278337730248,0.3168062878708022,0.2966040790644422,0.0153418228576549
12,292,439,0.1,0.1015057959142784,0.0009781826336408,0.7030000000000001,20.48471704245733,0.5449134131675509,0.5005901636338542,0.0286897952700276
12,292,439,0.15,0.1524165045903703,0.0014828593703649,2.053,17.211588494052503,0.7565197234579711,0.674287751896386,0.0468152850568049
