img_index,width,height,noise_std,noise_std_est,avg_mass_loss,t_diff,max_rel_gain,rel_gain_synth_1,rel_error_synth_1,rel_gain_synth_2,rel_error_synth_2,rel_gain_synth_3,rel_error_synth_3,rel_gain_synth_4,rel_error_synth_4,rel_gain_synth_5,rel_error_synth_5,rel_gain_synth_6,rel_error_synth_6,rel_gain_synth_7,rel_error_synth_7,rel_gain_synth_8,rel_error_synth_8,rel_gain_synth_9,rel_error_synth_9,rel_gain_synth_10,rel_error_synth_10,rel_gain_synth_11,rel_error_synth_11,rel_gain_synth_12,rel_error_synth_12,rel_gain_synth_13,rel_error_synth_13,rel_gain_synth_14,rel_error_synth_14,rel_gain_synth_15,rel_error_synth_15,rel_gain_synth_16,rel_error_synth_16
58,220,145,0.05,0.057450603706788714,4.081765935214211e-08,0.058,0.15378778,0.09823777,0.04814577,0.10361674,0.04348376,0.08783607,0.05716103,0.09559589,0.05043552,0.08783607,0.05716103,0.09039098,0.05494666,0.08783607,0.05716103,0.09039098,0.05494666,0.09039098,0.05494666,0.09297418,0.05270778,0.09039098,0.05494666,0.09039098,0.05494666,0.13867813,0.01309568,0.136212,0.01523311,0.09039098,0.05494666,0.10635218,0.04111293
58,220,145,0.1,0.1059231449617393,4.081765935214211e-08,0.123,0.33989838,0.3126494,0.02033661,0.31910333,0.01551987,0.3018652,0.02838512,0.31157106,0.02114139,0.30294257,0.02758105,0.3050853,0.02598187,0.30082268,0.02916319,0.30400103,0.02679111,0.30400103,0.02679111,0.30614346,0.02519214,0.30400103,0.02679111,0.30294257,0.02758105,0.33923885,0.00049221,0.33803838,0.00138815,0.30294257,0.02758105,0.31910333,0.01551987
58,220,145,0.15,0.1561350422556823,4.081765935214211e-08,0.223,0.5401919,0.51866245,0.01397839,0.52560246,0.00947247,0.50320125,0.02401688,0.51689315,0.01512715,0.50486195,0.02293866,0.5082257,0.02075467,0.5015899,0.02506308,0.5065169,0.02186417,0.50429654,0.02330576,0.5099265,0.01965039,0.50486195,0.02293866,0.503758,0.02365538,0.5394875,0.00045734,0.53990155,0.00018847,0.50486195,0.02293866,0.52446467,0.01021122
