img_index,width,height,noise_std,noise_std_est,t_diff,max_rel_gain,rel_gain_synth_1,rel_error_synth_1,rel_gain_synth_2,rel_error_synth_2,rel_gain_synth_3,rel_error_synth_3,rel_gain_synth_4,rel_error_synth_4,rel_gain_synth_5,rel_error_synth_5,rel_gain_synth_6,rel_error_synth_6,rel_gain_synth_7,rel_error_synth_7,rel_gain_synth_8,rel_error_synth_8,rel_gain_synth_9,rel_error_synth_9,rel_gain_synth_10,rel_error_synth_10
58,640,424,0.05,0.0547403255017849,0.42,0.1299306084526394,0.1074924970797345,0.0198579551744618,0.1157314340277152,0.0125664127679211,0.1157314340277152,0.0125664127679211,0.1141062705739098,0.0140046988375683,0.1074924970797345,0.0198579551744618,0.1074924970797345,0.0198579551744618,0.1091513894151998,0.0183898187039071,0.1124636233615416,0.0154584582101174,0.1091513894151998,0.0183898187039071,0.1074924970797345,0.0198579551744618
58,640,424,0.1,0.1030623328320574,0.77,0.3161557239042413,0.3131309930531624,0.0022981557547813,0.3134171454727759,0.0020807404334661,0.3134171454727759,0.0020807404334661,0.3128380165059979,0.0025207559698192,0.3134171454727759,0.0020807404334661,0.3134171454727759,0.0020807404334661,0.3128380165059979,0.0025207559698192,0.3128380165059979,0.0025207559698192,0.3128380165059979,0.0025207559698192,0.3136956611665147,0.0018691274087454
58,640,424,0.15,0.1526778674135051,1.19,0.5060464478549331,0.504493916726154,0.0010308653700491,0.5059382841511221,7.181963342837162e-05,0.5060146386436689,2.1121002814657856e-05,0.5058933337766323,0.0001016662391249,0.504493916726154,0.0010308653700491,0.504493916726154,0.0010308653700491,0.5051385580045531,0.0006028299138271,0.5058435821811808,0.0001347008082262,0.5050263696228067,0.0006773218937432,0.5041716876102108,0.0012448223276197
