img_index,width,height,noise_std,noise_std_est,avg_mass_loss,t_diff,max_rel_gain,rel_gain_synth_1,rel_error_synth_1,rel_gain_synth_2,rel_error_synth_2,rel_gain_synth_3,rel_error_synth_3,rel_gain_synth_4,rel_error_synth_4,rel_gain_synth_5,rel_error_synth_5,rel_gain_synth_6,rel_error_synth_6,rel_gain_synth_7,rel_error_synth_7,rel_gain_synth_8,rel_error_synth_8,rel_gain_synth_9,rel_error_synth_9,rel_gain_synth_10,rel_error_synth_10,rel_gain_synth_11,rel_error_synth_11,rel_gain_synth_12,rel_error_synth_12,rel_gain_synth_13,rel_error_synth_13,rel_gain_synth_14,rel_error_synth_14,rel_gain_synth_15,rel_error_synth_15,rel_gain_synth_16,rel_error_synth_16
58,220,145,0.05,0.05747458132855312,4.081765935214211e-08,0.057,0.15321039,0.09270436,0.05246746,0.10123457,0.04507054,0.0845098,0.05957333,0.09270436,0.05246746,0.08718944,0.0572497,0.08718944,0.0572497,0.0845098,0.05957333,0.08718944,0.0572497,0.0845098,0.05957333,0.08718944,0.0572497,0.0845098,0.05957333,0.08718944,0.0572497,0.13822308,0.01299616,0.13563165,0.01524329,0.08718944,0.0572497,0.10123457,0.04507054
58,220,145,0.1,0.10531300197545727,8.163531870428422e-08,0.11,0.3399776,0.31412822,0.01929088,0.31912404,0.01556261,0.3052179,0.02594051,0.312859,0.02023808,0.3064999,0.02498377,0.30777055,0.02403551,0.3052179,0.02594051,0.3064999,0.02498377,0.3064999,0.02498377,0.30904904,0.02308139,0.3064999,0.02498377,0.3052179,0.02594051,0.3389341,0.00077873,0.3389341,0.00077873,0.3064999,0.02498377,0.31912404,0.01556261
58,220,145,0.15,0.15529741622756932,1.6327063740856845e-07,0.179,0.5397285,0.52264667,0.01109407,0.52759475,0.00788043,0.5129064,0.01742005,0.5211783,0.01204772,0.51442105,0.01643632,0.5159397,0.01544998,0.5129064,0.01742005,0.5151657,0.0159527,0.5151657,0.0159527,0.5166852,0.01496584,0.51442105,0.01643632,0.5129064,0.01742005,0.5391535,0.00037344,0.5396367,5.964031e-05,0.51364857,0.016938,0.5268996,0.00833195
