img_index,width,height,noise_std,noise_std_est,avg_mass_loss,t_diff,max_rel_gain,rel_gain_synth_1,rel_error_synth_1,rel_gain_synth_2,rel_error_synth_2,rel_gain_synth_3,rel_error_synth_3,rel_gain_synth_4,rel_error_synth_4,rel_gain_synth_5,rel_error_synth_5,rel_gain_synth_6,rel_error_synth_6,rel_gain_synth_7,rel_error_synth_7,rel_gain_synth_8,rel_error_synth_8,rel_gain_synth_9,rel_error_synth_9,rel_gain_synth_10,rel_error_synth_10
58,220,145,0.05,0.05783076782414622,0.000613657955822753,0.057,0.16400978600670835,0.10472615035396594,0.05093053028026754,0.11360832265811824,0.04329986221292785,0.0989371988248622,0.055903814524692605,0.10765406217380774,0.048415163266140974,0.0989371988248622,0.055903814524692605,0.0989371988248622,0.055903814524692605,0.09608474999558196,0.05835435133595597,0.0989371988248622,0.055903814524692605,0.0989371988248622,0.055903814524692605,0.10180335670237343,0.053441500279600235
58,220,145,0.1,0.1062328013868441,0.0011604312574493186,0.111,0.3436531085134225,0.3124203846302372,0.023244633369501357,0.3190415576139511,0.018316893507358413,0.3071404497656655,0.027174170562633937,0.3137571091419969,0.02224978990634101,0.3058382183396293,0.028143342901673828,0.3071404497656655,0.027174170562633937,0.30452782696860337,0.029118588195807628,0.3071404497656655,0.027174170562633937,0.3058382183396293,0.028143342901673828,0.30846328634205994,0.026189663052464174
58,220,145,0.15,0.15785985706491523,0.0020441158407210783,0.201,0.5439218046134315,0.509999860868633,0.021971283547803745,0.5186478044933603,0.016370000115646603,0.5008457473128748,0.027900413849872567,0.5107746083241469,0.021469478693957617,0.49787699379588657,0.029823279054649893,0.5015908926226104,0.027417782341263124,0.4971419242287589,0.030299384492717508,0.5015908926226104,0.027417782341263124,0.49787699379588657,0.029823279054649893,0.5023468833085815,0.026928126269490465
