img_index,width,height,noise_std,noise_std_est,avg_mass_loss,t_diff,max_rel_gain,rel_gain_synth_1,rel_error_synth_1,rel_gain_synth_2,rel_error_synth_2,rel_gain_synth_3,rel_error_synth_3,rel_gain_synth_4,rel_error_synth_4,rel_gain_synth_5,rel_error_synth_5,rel_gain_synth_6,rel_error_synth_6,rel_gain_synth_7,rel_error_synth_7,rel_gain_synth_8,rel_error_synth_8,rel_gain_synth_9,rel_error_synth_9,rel_gain_synth_10,rel_error_synth_10
93,170,249,0.05,0.05799572268600572,0.0005022332848587318,0.06,0.1734873955115182,0.10024798530108789,0.06241175703340688,0.10024798530108789,0.06241175703340688,0.093850580792536,0.06786337460767429,0.10024798530108789,0.06241175703340688,0.09070170845121875,0.07054672029452308,0.10024798530108789,0.06241175703340688,0.09070170845121875,0.07054672029452308,0.10024798530108789,0.06241175703340688,0.09070170845121875,0.07054672029452308,0.09070170845121875,0.07054672029452308
93,170,249,0.1,0.10693043745177813,0.0008701663598159852,0.112,0.3229495601624747,0.2767656911502022,0.034909773133452275,0.2767656911502022,0.034909773133452275,0.27332771068885603,0.037508496898040825,0.27848582122860477,0.03360954965539974,0.2698932893100734,0.040104530399394336,0.2767656911502022,0.034909773133452275,0.2698932893100734,0.040104530399394336,0.27848582122860477,0.03360954965539974,0.2681863396636906,0.04139479096395671,0.2698932893100734,0.040104530399394336
93,170,249,0.15,0.1566146591125173,0.0012490596452502686,0.17200000000000001,0.48483164234447657,0.4454146886694584,0.02654641277227951,0.44427669687893706,0.027312824100047633,0.4420053844735862,0.028842500826066566,0.44655260375556927,0.02578005310316972,0.4374700861749174,0.0318969200405627,0.44427669687893706,0.027312824100047633,0.4374700861749174,0.0318969200405627,0.4454146886694584,0.02654641277227951,0.4374700861749174,0.0318969200405627,0.4397357724689204,0.030371032371287524
