energy,prior,fidelity,mass,psnr,ssim_indices
3105.975128182719,3105.975128182719,0.0,0.0,26.006004607841216,0.7162112220144676
1692.771593426795,1617.875001933157,74.89659149363813,50.19052429635485,27.988587505968567,0.7791793069683597
1242.4095897059656,1066.7704312444691,175.63915846149652,95.3880343229539,28.05348419704929,0.7941591555436722
1059.3949718958743,804.8619705243783,254.5330013714959,136.0849357570114,27.63833974683203,0.792123350521481
971.4235696153968,659.0526953689023,312.3708742464945,172.72591110396024,27.212128711657748,0.7850394691836687
924.2078024205117,569.3176242962376,354.89017812427414,205.71240702658542,26.860616511524707,0.777107288576388
896.8936876856749,510.2425542098179,386.6511334758569,235.4066781786969,26.583959654408787,0.7697352308504204
880.2121900046133,469.45149054475394,410.7606994598593,262.1354787697346,26.36801972465834,0.7633546590136241
869.5931642164306,440.2856322010352,429.30753201539545,286.1934415252472,26.199069522878517,0.758011480787926
