img_index,width,height,noise_std,noise_std_est,t_diff,max_rel_gain,rel_gain_synth_1,rel_error_synth_1,rel_gain_synth_2,rel_error_synth_2,rel_gain_synth_3,rel_error_synth_3,rel_gain_synth_4,rel_error_synth_4,rel_gain_synth_5,rel_error_synth_5,rel_gain_synth_6,rel_error_synth_6,rel_gain_synth_7,rel_error_synth_7,rel_gain_synth_8,rel_error_synth_8,rel_gain_synth_9,rel_error_synth_9,rel_gain_synth_10,rel_error_synth_10
37,640,427,0.05,0.0509104468997674,0.68,0.2432971184205864,0.2395409568436502,0.0030211294800617,0.2431752771368771,9.799852497376635e-05,0.2432604427755639,2.9498697036429425e-05,0.2426660933175371,0.0005075416758392,0.2390951146648955,0.0033797261277569,0.2386359498836695,0.0037490383174363,0.2403866101698256,0.0023409595402732,0.2424229679489681,0.0007030905635241,0.2403866101698256,0.0023409595402732,0.2386359498836695,0.0037490383174363
37,640,427,0.1,0.1006055041716812,1.39,0.466223570364498,0.466223570364498,0.0,0.4661993235488657,1.653691573539794e-05,0.4662188708417532,3.205188376371361e-06,0.4661778775545626,3.116360346336815e-05,0.4662110303809738,8.552572593756183e-06,0.4661835882958517,2.7268739539050133e-05,0.4661778775545626,3.116360346336815e-05,0.4661930505883273,2.081522680962802e-05,0.4661778775545626,3.116360346336815e-05,0.4661393520231199,5.743894933922798e-05
37,640,427,0.15,0.1513982594349961,50.0,0.6655763263983486,0.6630194002576174,0.0015351599924935,0.664427464056762,0.0006897686544758,0.664427464056762,0.0006897686544758,0.664427464056762,0.0006897686544758,0.6628784262812097,0.0016197997500197,0.6628054483755286,0.0016636151576503,0.6651570528993724,0.0002517287814019,0.664427464056762,0.0006897686544758,0.6650085839521386,0.0003408684652943,0.6616859763915737,0.0023357380536186
