img_index,width,height,noise_std,noise_std_est,avg_mass_loss,t_diff,max_rel_gain,rel_gain_synth_1,rel_error_synth_1,rel_gain_synth_2,rel_error_synth_2,rel_gain_synth_3,rel_error_synth_3,rel_gain_synth_4,rel_error_synth_4,rel_gain_synth_5,rel_error_synth_5,rel_gain_synth_6,rel_error_synth_6,rel_gain_synth_7,rel_error_synth_7,rel_gain_synth_8,rel_error_synth_8,rel_gain_synth_9,rel_error_synth_9,rel_gain_synth_10,rel_error_synth_10,rel_gain_synth_11,rel_error_synth_11,rel_gain_synth_12,rel_error_synth_12,rel_gain_synth_13,rel_error_synth_13,rel_gain_synth_14,rel_error_synth_14,rel_gain_synth_15,rel_error_synth_15,rel_gain_synth_16,rel_error_synth_16
37,275,183,0.05,0.05274850462345096,1.2936744494121543e-08,0.068,0.2583431,0.21551394,0.03403615,0.22488894,0.02658589,0.20169438,0.04501849,0.21317637,0.03589381,0.20395647,0.04322082,0.2062525,0.04139618,0.20395647,0.04322082,0.20395647,0.04322082,0.2062525,0.04139618,0.20853807,0.03957984,0.20395647,0.04322082,0.2062525,0.04139618,0.2570979,0.00098956,0.25778988,0.00043964,0.2062525,0.04139618,0.22488894,0.02658589
37,275,183,0.1,0.10244634086772715,1.2936744494121543e-08,0.149,0.4626151,0.42455274,0.0260235,0.43627268,0.01801049,0.4062376,0.03854568,0.42339334,0.02681619,0.41070983,0.035488,0.41297492,0.03393934,0.4073555,0.03778138,0.41070983,0.035488,0.41184708,0.03471044,0.4152611,0.03237627,0.41070983,0.035488,0.4095922,0.03625211,0.462561,3.698054e-05,0.462561,3.698054e-05,0.4095922,0.03625211,0.4374427,0.01721056
37,275,183,0.15,0.15297226623202917,1.2936744494121543e-08,0.265,0.6668463,0.62804455,0.02327851,0.6425386,0.01458303,0.60139585,0.03926602,0.6244129,0.02545729,0.6047521,0.03725247,0.61023444,0.03396345,0.60072684,0.03966739,0.60747725,0.03561759,0.6054353,0.03684261,0.6165467,0.03017648,0.6040783,0.03765674,0.6040783,0.03765674,0.66474855,0.0012585,0.66681165,2.0775999e-05,0.60273343,0.03846355,0.64036864,0.01588487
