img_index,width,height,noise_std,noise_std_est,avg_mass_loss,t_diff,max_rel_gain,rel_gain_synth_1,rel_error_synth_1,rel_gain_synth_2,rel_error_synth_2,rel_gain_synth_3,rel_error_synth_3,rel_gain_synth_4,rel_error_synth_4,rel_gain_synth_5,rel_error_synth_5,rel_gain_synth_6,rel_error_synth_6,rel_gain_synth_7,rel_error_synth_7,rel_gain_synth_8,rel_error_synth_8,rel_gain_synth_9,rel_error_synth_9,rel_gain_synth_10,rel_error_synth_10
37,275,183,0.05,0.05271832543686075,0.000459338760523649,0.061,0.26590297499345,0.22623304929053525,0.03133725608245767,0.2368816467644435,0.022925396971404277,0.21817763436951865,0.03770063074871777,0.22890884360780023,0.029223512477993187,0.21817763436951865,0.03770063074871777,0.22086314786197672,0.0355792094822325,0.21817763436951865,0.03770063074871777,0.22086314786197672,0.0355792094822325,0.21817763436951865,0.03770063074871777,0.22086314786197672,0.0355792094822325
37,275,183,0.1,0.10297049315719976,0.0008517338329648483,0.127,0.46460603533365297,0.42745240556931835,0.025367661246780703,0.4376400844504843,0.018411743658440907,0.41859078847663483,0.031418173725151544,0.42745240556931835,0.025367661246780703,0.4171120639118263,0.0324278135389542,0.4200592100459235,0.030415568564539763,0.4171120639118263,0.0324278135389542,0.4200592100459235,0.030415568564539763,0.4171120639118263,0.0324278135389542,0.4200592100459235,0.030415568564539763
37,275,183,0.15,0.1531925888020104,0.0013615408826878983,0.209,0.6646115932040465,0.6201157300369459,0.02673047775755,0.6327589939666182,0.019135154030808114,0.6073049959043048,0.03442640765791972,0.6201157300369459,0.02673047775755,0.6051763477617245,0.035705173317891484,0.6094363402254772,0.03314602229362576,0.6051763477617245,0.035705173317891484,0.6094363402254772,0.03314602229362576,0.6062440015250322,0.035063790206259576,0.6115714151158259,0.031863395824445015
