img_index,width,height,noise_std,noise_std_est,avg_mass_loss,t_diff,max_rel_gain,rel_gain_synth_1,rel_error_synth_1,rel_gain_synth_2,rel_error_synth_2,rel_gain_synth_3,rel_error_synth_3,rel_gain_synth_4,rel_error_synth_4,rel_gain_synth_5,rel_error_synth_5,rel_gain_synth_6,rel_error_synth_6,rel_gain_synth_7,rel_error_synth_7,rel_gain_synth_8,rel_error_synth_8,rel_gain_synth_9,rel_error_synth_9,rel_gain_synth_10,rel_error_synth_10,rel_gain_synth_11,rel_error_synth_11,rel_gain_synth_12,rel_error_synth_12,rel_gain_synth_13,rel_error_synth_13,rel_gain_synth_14,rel_error_synth_14,rel_gain_synth_15,rel_error_synth_15,rel_gain_synth_16,rel_error_synth_16
1,320,213,0.05,0.05340950187487039,3.820667057902973e-08,0.079,0.20086803,0.14985439,0.04248063,0.1563043,0.03710959,0.1434768,0.04779145,0.14825016,0.04381651,0.14506347,0.04647018,0.14506347,0.04647018,0.1434768,0.04779145,0.14506347,0.04647018,0.14506347,0.04647018,0.14665617,0.04514389,0.1434768,0.04779145,0.14506347,0.04647018,0.18784758,0.01084252,0.19192941,0.00744345,0.14665617,0.04514389,0.1563043,0.03710959
1,320,213,0.1,0.10252369044392229,3.820667057902973e-08,0.162,0.40811676,0.35226974,0.03966078,0.36214012,0.03265116,0.34350502,0.04588521,0.3511752,0.0404381,0.3456931,0.0443313,0.34679344,0.04354988,0.34460214,0.04510608,0.3456931,0.0443313,0.3456931,0.0443313,0.34788486,0.04277477,0.34460214,0.04510608,0.34460214,0.04510608,0.39976925,0.00592814,0.4059683,0.00152576,0.34460214,0.04510608,0.36104196,0.03343103
1,320,213,0.15,0.15290163052744193,2.292400234741784e-07,0.266,0.6013954,0.52452904,0.0479996,0.5372134,0.04007882,0.5128155,0.05531419,0.52272373,0.04912696,0.5155057,0.05363429,0.51640224,0.05307442,0.51640224,0.05307442,0.5155057,0.05363429,0.5155057,0.05363429,0.5182035,0.05194965,0.5137124,0.05475411,0.5110265,0.05643135,0.5910669,0.00644969,0.5951013,0.00393037,0.5110265,0.05643135,0.5344945,0.0417766
