img_index,width,height,noise_std,noise_std_est,avg_mass_loss,t_diff,psnr_start,max_rel_gain,rel_gain_synth_2,rel_error_synth_2,rel_gain_synth_3,rel_error_synth_3,rel_gain_synth_4,rel_error_synth_4,rel_gain_synth_8,rel_error_synth_8
1,320,213,0.05,0.0534236335063948,0.0010991378200403,0.37,26.023460506691535,0.1425237940448462,0.1369554271476082,0.0048737426093547,0.1368516862749394,0.0049645423574295,0.1351215920597451,0.0064788164795196,0.1348969858180793,0.0066754042817487
1,320,213,0.1,0.1029151492791161,0.0017544069564662,0.812,20.00270411828601,0.3178804715254043,0.3158612899036279,0.0015321432143532,0.3155539416503707,0.0017653572727583,0.315731037709449,0.0016309778180925,0.3155315430081118,0.001782353231605
1,320,213,0.15,0.1531889531250471,0.0021451161812116,1.362,16.472391763447526,0.4782581747479801,0.4779858904659977,0.0001841926441765,0.4778404349058578,0.0002825892318799,0.4782574219546733,5.092434593649806e-07,0.4782529892311737,3.5078559989784083e-06
