img_index,width,height,noise_std,noise_std_est,avg_mass_loss,t_diff,max_rel_gain,rel_gain_synth_1,rel_error_synth_1,rel_gain_synth_2,rel_error_synth_2,rel_gain_synth_3,rel_error_synth_3,rel_gain_synth_4,rel_error_synth_4,rel_gain_synth_5,rel_error_synth_5,rel_gain_synth_6,rel_error_synth_6,rel_gain_synth_7,rel_error_synth_7,rel_gain_synth_8,rel_error_synth_8,rel_gain_synth_9,rel_error_synth_9,rel_gain_synth_10,rel_error_synth_10
1,320,213,0.05,0.05347104735627381,0.000552659176770627,0.076,0.20926651746404448,0.15829799928455493,0.04214829191365997,0.16679908273309166,0.035118341670462655,0.15491774491159388,0.0449435850307222,0.15999357811986126,0.04074613712741638,0.15491774491159388,0.0449435850307222,0.15491774491159388,0.0449435850307222,0.15491774491159388,0.0449435850307222,0.15491774491159388,0.0449435850307222,0.15491774491159388,0.0449435850307222,0.1566055550848904,0.04354785452059772
1,320,213,0.1,0.10251901228582552,0.0010946930495677454,0.154,0.4162177836421202,0.36300125578519316,0.037576514340943286,0.3713329060423011,0.03169348536521523,0.35700651175703196,0.041809439599616686,0.36300125578519316,0.037576514340943286,0.3558173410801003,0.04264912025513949,0.3582130721818959,0.0409574799371974,0.3558173410801003,0.04264912025513949,0.3582130721818959,0.0409574799371974,0.35460867025102233,0.043502570086824004,0.3582130721818959,0.0409574799371974
1,320,213,0.15,0.15255741349143076,0.001614863721053897,0.23600000000000002,0.6078016389959051,0.5415909129526281,0.04118090468213894,0.5528423383414507,0.034182886322206556,0.533354300844211,0.04630380784919933,0.5415909129526281,0.04118090468213894,0.5323256058071584,0.046943622495547815,0.5354146097407518,0.0450223631444735,0.5323256058071584,0.046943622495547815,0.5354146097407518,0.0450223631444735,0.5323256058071584,0.046943622495547815,0.5364457504516772,0.04438102736901721
