img_index,width,height,noise_std,noise_std_est,avg_mass_loss,t_diff,max_rel_gain,rel_gain_synth_1,rel_error_synth_1,rel_gain_synth_2,rel_error_synth_2,rel_gain_synth_3,rel_error_synth_3,rel_gain_synth_4,rel_error_synth_4,rel_gain_synth_5,rel_error_synth_5,rel_gain_synth_6,rel_error_synth_6,rel_gain_synth_7,rel_error_synth_7,rel_gain_synth_8,rel_error_synth_8,rel_gain_synth_9,rel_error_synth_9,rel_gain_synth_10,rel_error_synth_10,rel_gain_synth_11,rel_error_synth_11,rel_gain_synth_12,rel_error_synth_12,rel_gain_synth_13,rel_error_synth_13,rel_gain_synth_14,rel_error_synth_14,rel_gain_synth_15,rel_error_synth_15,rel_gain_synth_16,rel_error_synth_16
1,320,213,0.05,0.053711915024355406,3.820667057902973e-08,0.08600000000000001,0.20023449,0.1471981,0.04418836,0.15449275,0.03811067,0.13863394,0.05132376,0.14575036,0.04539458,0.14004105,0.05015139,0.14146377,0.04896603,0.14004105,0.05015139,0.14146377,0.04896603,0.14146377,0.04896603,0.14288396,0.04778278,0.14004105,0.05015139,0.14146377,0.04896603,0.1866967,0.01127929,0.1906072,0.00802116,0.14146377,0.04896603,0.15449275,0.03811067
1,320,213,0.1,0.1032718126523606,3.820667057902973e-08,0.20500000000000002,0.40835202,0.33774847,0.05013204,0.34976572,0.04159917,0.32367435,0.06012534,0.33606127,0.05133002,0.32692915,0.05781428,0.32939017,0.05606684,0.32529765,0.05897273,0.3277436,0.05723599,0.3277436,0.05723599,0.33188307,0.05429675,0.32692915,0.05781428,0.32692915,0.05781428,0.39739704,0.00777858,0.4001292,0.0058386,0.32610705,0.05839801,0.34976572,0.04159917
1,320,213,0.15,0.15232340736928116,7.641334115805946e-08,0.371,0.59488493,0.50120467,0.05873796,0.51741385,0.04857471,0.47988617,0.07210474,0.49786374,0.06083272,0.48294178,0.07018886,0.48709437,0.06758517,0.4814085,0.07115021,0.48553032,0.06856584,0.48345804,0.06986516,0.49295014,0.06391356,0.48242941,0.0705101,0.48242941,0.0705101,0.5853271,0.00599281,0.57908785,0.00990482,0.48089823,0.07147016,0.5132719,0.0511717
