img_index,width,height,noise_std,noise_std_est,t_diff,max_rel_gain,rel_gain_synth_1,rel_error_synth_1,rel_gain_synth_2,rel_error_synth_2,rel_gain_synth_3,rel_error_synth_3,rel_gain_synth_4,rel_error_synth_4,rel_gain_synth_5,rel_error_synth_5,rel_gain_synth_6,rel_error_synth_6,rel_gain_synth_7,rel_error_synth_7,rel_gain_synth_8,rel_error_synth_8,rel_gain_synth_9,rel_error_synth_9,rel_gain_synth_10,rel_error_synth_10
1,640,427,0.05,0.0512985710794661,0.51,0.1902238790935118,0.1809795040123596,0.0077669212015749,0.1864810731426296,0.0031446234751506,0.1872346379882421,0.0025114948185599,0.1848101942143258,0.0045484593060837,0.1799487565712434,0.0086329325959197,0.1799487565712434,0.0086329325959197,0.1819853913320266,0.0069217967360558,0.1848101942143258,0.0045484593060837,0.1819853913320266,0.0069217967360558,0.1799487565712434,0.0086329325959197
1,640,427,0.1,0.1010731782637999,0.95,0.3926407462430139,0.3912945916904424,0.0009666201108958,0.3914701719737317,0.0008405428840425,0.3912945916904424,0.0009666201108958,0.390917668949521,0.001237273358647,0.3914701719737317,0.0008405428840425,0.3914701719737317,0.0008405428840425,0.390917668949521,0.001237273358647,0.390917668949521,0.001237273358647,0.390917668949521,0.001237273358647,0.3916363885967883,0.0007211893296495
1,640,427,0.15,0.1512765639298856,1.6,0.5817096720544696,0.5809093884635823,0.0005059611160167,0.5815133200871102,0.0001241390697853,0.5813238114455679,0.0002439516023193,0.5815736382728298,8.600426743492716e-05,0.5809093884635823,0.0005059611160167,0.5809093884635823,0.0005059611160167,0.5815187218243165,0.0001207239441768,0.5815736382728298,8.600426743492716e-05,0.5814743131687156,0.0001488003076116,0.5805859138776458,0.0007104705728733
