img_index,width,height,noise_std,noise_std_est,avg_mass_loss,t_diff,psnr_start,max_rel_gain,rel_gain_synth_1,rel_error_synth_1
1,320,213,0.05,0.0535058757772017,0.0008925948272578,0.196,26.027254193174713,0.1951819365767389,0.1567125872784898,0.0321870236831336
1,320,213,0.1,0.1031186072517425,0.0016547145846454,0.423,19.988048608863732,0.388242278029325,0.3474420042549185,0.0293898798647196
1,320,213,0.15,0.1535730447920198,0.0024576063854983,0.778,16.470541690143772,0.5715550211748383,0.5170613706713835,0.0346749873655185
