img_index,width,height,noise_std,noise_std_est,avg_mass_loss,t_diff,max_rel_gain,rel_gain_synth_1,rel_error_synth_1
1,320,213,0.05,0.05350587577720179,0.0008925948272578846,0.196,0.1951819365767389,0.15671258727848986,0.03218702368313368
1,320,213,0.1,0.10311860725174252,0.0016547145846454018,0.423,0.38824227802932504,0.3474420042549185,0.02938987986471961
1,320,213,0.15,0.15357304479201989,0.002457606385498326,0.778,0.5715550211748383,0.5170613706713835,0.03467498736551855
