img_index,width,height,noise_std,noise_std_est,avg_mass_loss,t_diff,max_rel_gain,rel_gain_synth_2,rel_error_synth_2,rel_gain_synth_3,rel_error_synth_3,rel_gain_synth_4,rel_error_synth_4,rel_gain_synth_8,rel_error_synth_8
1,320,213,0.05,0.053423633506394834,0.0010991378200403015,0.37,0.1425237940448462,0.1369554271476082,0.00487374260935473,0.13685168627493943,0.004964542357429547,0.1351215920597451,0.00647881647951966,0.13489698581807938,0.006675404281748752
1,320,213,0.1,0.10291514927911619,0.0017544069564662632,0.812,0.31788047152540433,0.31586128990362794,0.0015321432143532996,0.3155539416503707,0.001765357272758373,0.315731037709449,0.0016309778180925549,0.3155315430081118,0.0017823532316050656
1,320,213,0.15,0.15318895312504713,0.0021451161812116805,1.362,0.4782581747479801,0.47798589046599776,0.0001841926441765084,0.4778404349058578,0.00028258923187994453,0.47825742195467336,5.092434593649806e-07,0.47825298923117376,3.5078559989784083e-06
