energy,prior,fidelity,mass,psnr,ssim_indices
5231.644618410128,5231.644618410128,0.0,0.0,26.01807636658571,0.4214640343548716
2747.3839576368096,2610.6084509334005,136.77550670340892,-68.20610646472778,28.72544790570334,0.543303853806477
2040.5177222010627,1729.7597291871937,310.75799301386905,-129.50847061979584,30.144080167071202,0.6259391796303492
1780.2203921477355,1340.275569680074,439.9448224676614,-184.62812210898846,30.794064447370275,0.6791062099534692
1664.5540918932659,1133.267073460801,531.287018432465,-234.20246552163735,31.0312399686144,0.713758073589095
1606.684078194927,1009.2825695227136,597.4015086722134,-278.79799773625564,31.061237524097805,0.7369977341092607
1575.715504834157,928.7409905218093,646.9745143123477,-318.92014137422666,30.99368953994148,0.7530353986790955
1558.636650597633,873.2956398456627,685.3410107519704,-355.02105130034033,30.88483567918466,0.7643820878506732
1549.2391534599797,833.4589473300305,715.7802061299493,-387.5059832202969,30.762927728898305,0.7725741510326473
