img_index,width,height,noise_std,noise_std_est,avg_mass_loss,t_diff,max_rel_gain,rel_gain_synth_1,rel_error_synth_1,rel_gain_synth_2,rel_error_synth_2,rel_gain_synth_3,rel_error_synth_3,rel_gain_synth_4,rel_error_synth_4,rel_gain_synth_5,rel_error_synth_5,rel_gain_synth_6,rel_error_synth_6,rel_gain_synth_7,rel_error_synth_7,rel_gain_synth_8,rel_error_synth_8,rel_gain_synth_9,rel_error_synth_9,rel_gain_synth_10,rel_error_synth_10,rel_gain_synth_11,rel_error_synth_11,rel_gain_synth_12,rel_error_synth_12,rel_gain_synth_13,rel_error_synth_13,rel_gain_synth_14,rel_error_synth_14,rel_gain_synth_15,rel_error_synth_15,rel_gain_synth_16,rel_error_synth_16
7,600,450,0.05,0.051195491395439545,7.71604938271605e-08,0.053,0.1996874,0.16691628,0.02731639,0.1694763,0.02518249,0.16434212,0.02946208,0.16691628,0.02731639,0.16691628,0.02731639,0.16691628,0.02731639,0.16691628,0.02731639,0.16691628,0.02731639,0.16691628,0.02731639,0.16691628,0.02731639,0.16691628,0.02731639,0.16691628,0.02731639,0.18405126,0.01303352,0.19221807,0.00622608,0.16691628,0.02731639,0.1694763,0.02518249
7,600,450,0.1,0.10126447542693705,7.71604938271605e-08,0.112,0.38935894,0.35976598,0.02129973,0.3612332,0.02024368,0.35828757,0.02236382,0.35976598,0.02129973,0.35828757,0.02236382,0.35828757,0.02236382,0.35828757,0.02236382,0.35828757,0.02236382,0.35828757,0.02236382,0.35828757,0.02236382,0.35828757,0.02236382,0.35680005,0.02343446,0.37737247,0.00862734,0.3853734,0.00286862,0.35828757,0.02236382,0.3612332,0.02024368
7,600,450,0.15,0.15143258116636707,7.71604938271605e-08,0.176,0.56925005,0.53951794,0.01894671,0.5406109,0.01825021,0.5406109,0.01825021,0.5384152,0.01964943,0.5406109,0.01825021,0.5384152,0.01964943,0.5427769,0.01686997,0.53951794,0.01894671,0.5416995,0.0175565,0.5384152,0.01964943,0.53951794,0.01894671,0.53619194,0.02106618,0.5591691,0.00642405,0.5642449,0.00318952,0.53619194,0.02106618,0.53951794,0.01894671
