img_index,width,height,noise_std,noise_std_est,avg_mass_loss,t_diff,max_rel_gain,rel_gain_synth_2,rel_error_synth_2,rel_gain_synth_3,rel_error_synth_3,rel_gain_synth_4,rel_error_synth_4,rel_gain_synth_8,rel_error_synth_8
7,600,450,0.05,0.05139437239118785,0.0005784383169207205,0.34800000000000003,0.1429359558470536,0.13543003054617733,0.0065672317529930895,0.1356918184483515,0.006338183134096376,0.1348987128595301,0.007032102670675838,0.1348987128595301,0.007032102670675838
7,600,450,0.1,0.10136855842208481,0.0008482089161323125,0.632,0.31066791933429627,0.31011935529782914,0.00041853777633143904,0.3100660401265061,0.00045921564029421035,0.31032561364006106,0.0002611688965493896,0.3103112401140214,0.0002721354623954205
7,600,450,0.15,0.1514756391090342,0.0010738519954403868,1.0150000000000001,0.465838654825139,0.46390427393426187,0.0013196410699838578,0.4640870190562117,0.0011949717406901548,0.46341896331130794,0.0016507215892186111,0.46341896331130794,0.0016507215892186111
