img_index,width,height,noise_std,noise_std_est,avg_mass_loss,t_diff,psnr_start,max_rel_gain,rel_gain_synth_1,rel_error_synth_1
7,600,450,0.05,0.0515590448133353,0.0004188232544047,0.163,26.018384314655137,0.1896884050375786,0.1569605611969775,0.0275095930178182
7,600,450,0.1,0.1012114928976981,0.000743284112283,0.325,20.000156425539938,0.367961095762016,0.3379393926192868,0.0219463135579931
7,600,450,0.15,0.1520297587282311,0.0010565168030097,0.526,16.470214219806422,0.5412639752348128,0.510778926774551,0.0197792519322444
