img_index,width,height,noise_std,noise_std_est,avg_mass_loss,t_diff,max_rel_gain,rel_gain_synth_1,rel_error_synth_1
7,600,450,0.05,0.051559044813335335,0.00041882325440478497,0.163,0.18968840503757864,0.15696056119697757,0.027509593017818215
7,600,450,0.1,0.10121149289769812,0.0007432841122830948,0.325,0.367961095762016,0.33793939261928685,0.021946313557993192
7,600,450,0.15,0.15202975872823113,0.001056516803009723,0.526,0.5412639752348128,0.510778926774551,0.019779251932244425
