img_index,width,height,noise_std,noise_std_est,avg_mass_loss,t_diff,max_rel_gain,rel_gain_synth_1,rel_error_synth_1,rel_gain_synth_2,rel_error_synth_2,rel_gain_synth_3,rel_error_synth_3,rel_gain_synth_4,rel_error_synth_4,rel_gain_synth_5,rel_error_synth_5,rel_gain_synth_6,rel_error_synth_6,rel_gain_synth_7,rel_error_synth_7,rel_gain_synth_8,rel_error_synth_8,rel_gain_synth_9,rel_error_synth_9,rel_gain_synth_10,rel_error_synth_10
7,600,450,0.05,0.05132992357035538,0.00019723306994807595,0.053,0.21074846799784389,0.17910718750649976,0.02613365313083384,0.18173185134209108,0.023965850399741744,0.17646656307859548,0.028314638279855715,0.17910718750649976,0.02613365313083384,0.17910718750649976,0.02613365313083384,0.17910718750649976,0.02613365313083384,0.17910718750649976,0.02613365313083384,0.17910718750649976,0.02613365313083384,0.17910718750649976,0.02613365313083384,0.17910718750649976,0.02613365313083384
7,600,450,0.1,0.10148418619896689,0.0004029524077868296,0.11,0.39616602653216143,0.36527477901178595,0.022125769380812173,0.3668309055488042,0.021011198113895315,0.3637083298403256,0.023247734205691338,0.36527477901178595,0.022125769380812173,0.3637083298403256,0.023247734205691338,0.3637083298403256,0.023247734205691338,0.3637083298403256,0.023247734205691338,0.3637083298403256,0.023247734205691338,0.3637083298403256,0.023247734205691338,0.3637083298403256,0.023247734205691338
7,600,450,0.15,0.15145969283022895,0.0006127779862357671,0.171,0.5741814039449098,0.5419839136198868,0.020453481564663246,0.5431900511396419,0.019687281737418155,0.5395499140926996,0.021999681717382383,0.5419839136198868,0.020453481564663246,0.5395499140926996,0.021999681717382383,0.5407723624321393,0.02122312042884459,0.5395499140926996,0.021999681717382383,0.5407723624321393,0.02122312042884459,0.5395499140926996,0.021999681717382383,0.5395499140926996,0.021999681717382383
