img_index,width,height,noise_std,noise_std_est,t_diff,max_rel_gain,rel_gain_synth_1,rel_error_synth_1,rel_gain_synth_2,rel_error_synth_2,rel_gain_synth_3,rel_error_synth_3,rel_gain_synth_4,rel_error_synth_4,rel_gain_synth_5,rel_error_synth_5,rel_gain_synth_6,rel_error_synth_6,rel_gain_synth_7,rel_error_synth_7,rel_gain_synth_8,rel_error_synth_8,rel_gain_synth_9,rel_error_synth_9,rel_gain_synth_10,rel_error_synth_10
7,640,481,0.05,0.0522984768162014,0.35,0.1229880044511133,0.1024261438677138,0.0183099556735243,0.1072398819936733,0.0140234111094866,0.1095399561111288,0.0119752377466912,0.1072398819936733,0.0140234111094866,0.0999431203305054,0.0205210421030913,0.0999431203305054,0.0205210421030913,0.1024261438677138,0.0183099556735243,0.1072398819936733,0.0140234111094866,0.1024261438677138,0.0183099556735243,0.0999431203305054,0.0205210421030913
7,640,481,0.1,0.1017632262688603,0.61,0.2899812268926104,0.2809582477304397,0.0069946592819073,0.2818213548565833,0.006325574253265,0.2818213548565833,0.006325574253265,0.2809582477304397,0.0069946592819073,0.2818213548565833,0.006325574253265,0.2818213548565833,0.006325574253265,0.2809582477304397,0.0069946592819073,0.2809582477304397,0.0069946592819073,0.2809582477304397,0.0069946592819073,0.2818213548565833,0.006325574253265
7,640,481,0.15,0.1519158223464488,0.88,0.4554487694044248,0.454208539198058,0.0008521290700422,0.4528283990710955,0.0018003865119907,0.4521833270607835,0.0022435982717396,0.4525115491218314,0.0020180856546365,0.4539632156610143,0.0010206843240648,0.454208539198058,0.0008521290700422,0.4537014299421248,0.0012005503038179,0.4521833270607835,0.0022435982717396,0.4537014299421248,0.0012005503038179,0.4544361878854498,0.0006957177334309
