img_index,width,height,noise_std,noise_std_est,avg_mass_loss,t_diff,max_rel_gain,rel_gain_synth_1,rel_error_synth_1,rel_gain_synth_2,rel_error_synth_2,rel_gain_synth_3,rel_error_synth_3,rel_gain_synth_4,rel_error_synth_4,rel_gain_synth_5,rel_error_synth_5,rel_gain_synth_6,rel_error_synth_6,rel_gain_synth_7,rel_error_synth_7,rel_gain_synth_8,rel_error_synth_8,rel_gain_synth_9,rel_error_synth_9,rel_gain_synth_10,rel_error_synth_10,rel_gain_synth_11,rel_error_synth_11,rel_gain_synth_12,rel_error_synth_12,rel_gain_synth_13,rel_error_synth_13,rel_gain_synth_14,rel_error_synth_14,rel_gain_synth_15,rel_error_synth_15,rel_gain_synth_16,rel_error_synth_16
7,600,450,0.05,0.05139478617585657,1.1574074074074074e-07,0.055,0.20013319,0.16637874,0.02812559,0.16878912,0.02611716,0.16395827,0.03014243,0.16637874,0.02812559,0.16637874,0.02812559,0.16637874,0.02812559,0.16637874,0.02812559,0.16637874,0.02812559,0.16395827,0.03014243,0.16637874,0.02812559,0.16637874,0.02812559,0.16637874,0.02812559,0.18487789,0.01271134,0.1926005,0.00627654,0.16637874,0.02812559,0.16878912,0.02611716
7,600,450,0.1,0.10124609782528865,7.71604938271605e-08,0.12,0.38691437,0.3570378,0.02154174,0.3595586,0.01972419,0.35449108,0.02337799,0.3570378,0.02154174,0.35449108,0.02337799,0.3557672,0.02245788,0.35449108,0.02337799,0.3557672,0.02245788,0.35449108,0.02337799,0.35449108,0.02337799,0.35449108,0.02337799,0.35449108,0.02337799,0.37677112,0.00731354,0.38205025,0.00350716,0.35449108,0.02337799,0.35830116,0.02063085
7,600,450,0.15,0.15131359368859704,1.1574074074074074e-07,0.20700000000000002,0.5671618,0.53263223,0.02203319,0.5352337,0.0203732,0.5282613,0.02482226,0.53175884,0.0225905,0.5282613,0.02482226,0.5300126,0.02370477,0.5282613,0.02482226,0.5300126,0.02370477,0.52650726,0.02594151,0.5273857,0.02538097,0.52650726,0.02594151,0.5273857,0.02538097,0.55792546,0.00589366,0.5591745,0.00509668,0.5273857,0.02538097,0.53350055,0.0214791
