img_index,width,height,noise_std,noise_std_est,avg_mass_loss,t_diff,max_rel_gain,rel_gain_synth_1,rel_error_synth_1,rel_gain_synth_2,rel_error_synth_2,rel_gain_synth_3,rel_error_synth_3,rel_gain_synth_4,rel_error_synth_4,rel_gain_synth_5,rel_error_synth_5,rel_gain_synth_6,rel_error_synth_6,rel_gain_synth_7,rel_error_synth_7,rel_gain_synth_8,rel_error_synth_8,rel_gain_synth_9,rel_error_synth_9,rel_gain_synth_10,rel_error_synth_10
95,195,300,0.05,0.05195099922667433,0.0005770282940930777,0.07100000000000001,0.2827513590299022,0.2475059340150918,0.027476427732234295,0.2475059340150918,0.027476427732234295,0.24560078769170202,0.028961630854397097,0.25131033271490144,0.024510616257525143,0.241771566342321,0.03194679342890951,0.24941820004725154,0.025985674268050922,0.241771566342321,0.03194679342890951,0.25131033271490144,0.024510616257525143,0.23985371086193719,0.03344190428331095,0.241771566342321,0.03194679342890951
95,195,300,0.1,0.10204813247943212,0.0011851250063325313,0.149,0.5120087275275437,0.47305936171586355,0.025760013882572343,0.4717888015341104,0.02660032661266536,0.4679818832855676,0.02911811515398413,0.4743174219051624,0.024927968295536573,0.46287110715727414,0.032498238585315566,0.47305936171586355,0.025760013882572343,0.46287110715727414,0.032498238585315566,0.4755856277218995,0.024089212676175285,0.45775673558379837,0.03588073994285658,0.46031322182145534,0.03418995192615154
95,195,300,0.15,0.15377081194148604,0.0021082214285407953,0.274,0.7273636042780722,0.6454866584388214,0.04739994847435159,0.642689972814919,0.04901899707360188,0.6353453198631809,0.05327094086444478,0.6454866584388214,0.04739994847435159,0.6272701776590218,0.05794577723598794,0.6436243251728494,0.048478084693824766,0.6272701776590218,0.05794577723598794,0.6464126472583847,0.046863877888361494,0.6255043944647279,0.05896801898631814,0.6290481282401568,0.05691649157966658
