energy,prior,fidelity,mass,psnr,ssim_indices
8081.65689699206,8081.65689699206,0.0,0.0,26.013876206344708,0.6794131600329489
4702.455135090167,4512.579039175289,189.87609591487748,26.17447837869986,27.93553701604724,0.7546564489880555
3606.7831850317452,3151.3648886573524,455.418296374393,49.70456905046012,27.82550256658507,0.7844066740273075
3162.4235786840186,2491.0122647161875,671.4113139678312,70.86441683073645,27.250459129041452,0.7944561217742381
2951.5286699208073,2116.307251530694,835.2214183901135,89.89897744497284,26.70667190875811,0.796526270604105
