energy,prior,fidelity,mass,psnr,ssim_indices
13800.36557313254,13800.36557313254,0.0,0.0,20.002578069288575,0.6826028559144494
7384.176344175505,7025.574965113533,358.601379061972,-10.083688095590333,22.372391546480145,0.7491464278556456
5455.56938615628,4620.996536528547,834.5728496277335,-18.855802289384883,23.054724850359165,0.765887321184754
4721.123305881646,3519.6520530063767,1201.4712528752696,-26.5224251296313,23.043217564642195,0.7640014650588095
4388.706269182701,2921.3868823228045,1467.3193868598964,-33.25355120914173,22.83448106015737,0.7563893822496581
4219.840333886987,2557.840552492436,1661.9997813945508,-39.18895138069638,22.59546297931002,0.7476684881660111
4127.365297214168,2319.2446319282335,1808.1206652859346,-44.443612807575846,22.374492381931677,0.7394130025093607
4074.1781707839236,2153.754630633455,1920.4235401504686,-49.112441694684094,22.182790779968965,0.732103208231954
4042.583615565916,2034.1866752866133,2008.3969402793025,-53.27416073597851,22.02032930647181,0.7258210416011547
