img_index,width,height,noise_std,noise_std_est,avg_mass_loss,t_diff,max_rel_gain,rel_gain_synth_1,rel_error_synth_1,rel_gain_synth_2,rel_error_synth_2,rel_gain_synth_3,rel_error_synth_3,rel_gain_synth_4,rel_error_synth_4,rel_gain_synth_5,rel_error_synth_5,rel_gain_synth_6,rel_error_synth_6,rel_gain_synth_7,rel_error_synth_7,rel_gain_synth_8,rel_error_synth_8,rel_gain_synth_9,rel_error_synth_9,rel_gain_synth_10,rel_error_synth_10
52,450,300,0.05,0.06270924331004701,0.0002679852935671663,0.052000000000000005,0.0798128740037105,0.01439768227016877,0.08724711340453563,0.01084020785381391,0.08395258478573474,0.01439768227016877,0.08724711340453563,0.01439768227016877,0.08724711340453563,0.01439768227016877,0.08724711340453563,0.01439768227016877,0.08724711340453563,0.01439768227016877,0.08724711340453563,0.01439768227016877,0.08724711340453563,0.01439768227016877,0.08724711340453563,0.01439768227016877,0.08724711340453563
52,450,300,0.1,0.10810081327114493,0.0004691583661940294,0.094,0.20097004501107976,0.1489747339259534,0.043294427951070726,0.1507803683128313,0.04179094799802891,0.14717374386940413,0.044794040754929355,0.1489747339259534,0.043294427951070726,0.14717374386940413,0.044794040754929355,0.1489747339259534,0.043294427951070726,0.14717374386940413,0.044794040754929355,0.1489747339259534,0.043294427951070726,0.14717374386940413,0.044794040754929355,0.14717374386940413,0.044794040754929355
52,450,300,0.15,0.15703157554973424,0.0007002246027276995,0.145,0.3413973341893029,0.3045751941829295,0.027450583855996313,0.30567807571098504,0.02662839530682788,0.30347259474880967,0.028272562106598866,0.3045751941829295,0.027450583855996313,0.30347259474880967,0.028272562106598866,0.3045751941829295,0.027450583855996313,0.30347259474880967,0.028272562106598866,0.3045751941829295,0.027450583855996313,0.30347259474880967,0.028272562106598866,0.30347259474880967,0.028272562106598866
