img_index,width,height,noise_std,noise_std_est,avg_mass_loss,t_diff,max_rel_gain,rel_gain_synth_1,rel_error_synth_1,rel_gain_synth_2,rel_error_synth_2,rel_gain_synth_3,rel_error_synth_3,rel_gain_synth_4,rel_error_synth_4,rel_gain_synth_5,rel_error_synth_5,rel_gain_synth_6,rel_error_synth_6,rel_gain_synth_7,rel_error_synth_7,rel_gain_synth_8,rel_error_synth_8,rel_gain_synth_9,rel_error_synth_9,rel_gain_synth_10,rel_error_synth_10,rel_gain_synth_11,rel_error_synth_11,rel_gain_synth_12,rel_error_synth_12,rel_gain_synth_13,rel_error_synth_13,rel_gain_synth_14,rel_error_synth_14,rel_gain_synth_15,rel_error_synth_15,rel_gain_synth_16,rel_error_synth_16
52,450,300,0.05,0.06284180514223225,7.71604938271605e-08,0.055,0.07199825,0.02445856,0.08997852,0.02126344,0.08699799,0.02760058,0.09290951,0.02445856,0.08997852,0.02445856,0.08997852,0.02445856,0.08997852,0.02445856,0.08997852,0.02445856,0.08997852,0.02445856,0.08997852,0.02445856,0.08997852,0.02445856,0.08997852,0.02445856,0.08997852,0.00465425,0.07150432,0.00226104,0.06505347,0.02445856,0.08997852,0.02126344,0.08699799
52,450,300,0.1,0.1085481778035712,7.71604938271605e-08,0.10300000000000001,0.1932933,0.13873644,0.04571958,0.1417171,0.04322172,0.13726027,0.04695663,0.13873644,0.04571958,0.13726027,0.04695663,0.13873644,0.04571958,0.13726027,0.04695663,0.13873644,0.04571958,0.13726027,0.04695663,0.13873644,0.04571958,0.13726027,0.04695663,0.13726027,0.04695663,0.15387103,0.03303653,0.15998206,0.02791539,0.13726027,0.04695663,0.14022265,0.0444741
52,450,300,0.15,0.15618508974080844,1.1574074074074074e-07,0.168,0.33337674,0.2992059,0.0256273,0.30079758,0.02443356,0.29603168,0.02800787,0.29840803,0.02622568,0.29682034,0.0274164,0.29761648,0.02681931,0.29682034,0.0274164,0.29761648,0.02681931,0.29603168,0.02800787,0.29682034,0.0274164,0.29682034,0.0274164,0.29603168,0.02800787,0.3126347,0.01555601,0.3141654,0.01440802,0.29682034,0.0274164,0.299998,0.02503324
