energy,prior,fidelity,mass,psnr,ssim_indices
7735.797183485427,7735.797183485427,0.0,0.0,26.012020670360158,0.8671032189448008
4674.400118262342,4496.714055078702,177.68606318364093,-10.369080621370813,27.235434401021227,0.8917688453180341
3647.4581574572358,3210.7625372869666,436.6956201702692,-19.35357737331651,26.248101112740308,0.8789130761201491
3225.771337359889,2569.34643772452,656.424899635369,-27.175806578365155,25.216001450698826,0.8578085664119204
