img_index,width,height,noise_std,noise_std_est,avg_mass_loss,t_diff,max_rel_gain,rel_gain_synth_1,rel_error_synth_1,rel_gain_synth_2,rel_error_synth_2,rel_gain_synth_3,rel_error_synth_3,rel_gain_synth_4,rel_error_synth_4,rel_gain_synth_5,rel_error_synth_5,rel_gain_synth_6,rel_error_synth_6,rel_gain_synth_7,rel_error_synth_7,rel_gain_synth_8,rel_error_synth_8,rel_gain_synth_9,rel_error_synth_9,rel_gain_synth_10,rel_error_synth_10,rel_gain_synth_11,rel_error_synth_11,rel_gain_synth_12,rel_error_synth_12,rel_gain_synth_13,rel_error_synth_13,rel_gain_synth_14,rel_error_synth_14,rel_gain_synth_15,rel_error_synth_15,rel_gain_synth_16,rel_error_synth_16
52,450,300,0.05,0.06240241300660905,3.858024691358025e-08,0.052000000000000005,0.07147127,0.02446751,0.08953929,0.02103143,0.0863324,0.02446751,0.08953929,0.02446751,0.08953929,0.02446751,0.08953929,0.02446751,0.08953929,0.02446751,0.08953929,0.02446751,0.08953929,0.02446751,0.08953929,0.02446751,0.08953929,0.02446751,0.08953929,0.02446751,0.08953929,0.00682447,0.0730731,0.00421849,0.06276676,0.02446751,0.08953929,0.02103143,0.0863324
52,450,300,0.1,0.10786280662529427,3.858024691358025e-08,0.095,0.19256651,0.14087209,0.0433472,0.14258271,0.0419128,0.13917047,0.04477406,0.14087209,0.0433472,0.13917047,0.04477406,0.14087209,0.0433472,0.14087209,0.0433472,0.14087209,0.0433472,0.13917047,0.04477406,0.13917047,0.04477406,0.13917047,0.04477406,0.13917047,0.04477406,0.15291682,0.03324736,0.16147703,0.02606938,0.13917047,0.04477406,0.14258271,0.0419128
52,450,300,0.15,0.15689458979379506,1.1574074074074074e-07,0.15,0.33399612,0.29824677,0.0267987,0.3002778,0.02527619,0.29824677,0.0267987,0.29824677,0.0267987,0.29824677,0.0267987,0.29824677,0.0267987,0.29824677,0.0267987,0.29824677,0.0267987,0.29824677,0.0267987,0.29723373,0.0275581,0.29723373,0.0275581,0.29621586,0.02832113,0.31027836,0.01777948,0.3150699,0.01418761,0.29723373,0.0275581,0.29926568,0.02603489
