img_index,width,height,noise_std,noise_std_est,t_diff,max_rel_gain,rel_gain_synth_1,rel_error_synth_1,rel_gain_synth_2,rel_error_synth_2,rel_gain_synth_3,rel_error_synth_3,rel_gain_synth_4,rel_error_synth_4,rel_gain_synth_5,rel_error_synth_5,rel_gain_synth_6,rel_error_synth_6,rel_gain_synth_7,rel_error_synth_7,rel_gain_synth_8,rel_error_synth_8,rel_gain_synth_9,rel_error_synth_9,rel_gain_synth_10,rel_error_synth_10
52,640,427,0.05,0.0663493877049572,0.24,0.0445472258456391,0.0366360606378309,0.0777210301982719,0.0242137040148265,0.0658284548166776,0.0242137040148265,0.0658284548166776,0.0242137040148265,0.0658284548166776,0.0366360606378309,0.0777210301982719,0.0366360606378309,0.0777210301982719,0.0305004171430558,0.0718470559604792,0.0305004171430558,0.0718470559604792,0.0305004171430558,0.0718470559604792,0.0366360606378309,0.0777210301982719
52,640,427,0.1,0.1107366700586743,0.39,0.1490763790636158,0.1122150448879046,0.0320790983500588,0.1148183327738261,0.0298135501816743,0.1122150448879046,0.0320790983500588,0.1122150448879046,0.0320790983500588,0.1122150448879046,0.0320790983500588,0.1148183327738261,0.0298135501816743,0.1122150448879046,0.0320790983500588,0.1122150448879046,0.0320790983500588,0.1122150448879046,0.0320790983500588,0.1148183327738261,0.0298135501816743
52,640,427,0.15,0.1583420374007448,0.54,0.2754240822443501,0.2609657538409937,0.011336094875921,0.2585474592954458,0.0132321658214314,0.2585474592954458,0.0132321658214314,0.2585474592954458,0.0132321658214314,0.2609657538409937,0.011336094875921,0.2609657538409937,0.011336094875921,0.2609657538409937,0.011336094875921,0.2585474592954458,0.0132321658214314,0.2609657538409937,0.011336094875921,0.2621637207501208,0.0103968254001407
