energy,prior,fidelity,mass,psnr,ssim_indices
4787.429209776245,4787.429209776245,0.0,0.0,26.00943670737628,0.46958996585055185
2542.21117895413,2418.5778055644905,123.63337338963949,30.229809054057114,28.65042909542825,0.5894848281474955
1881.8420020380559,1597.985819184731,283.85618285332475,57.51222782378318,29.895107314895064,0.6649309061434024
1631.2279718588643,1226.4560210188563,404.7719508400079,82.12968351930613,30.3586569323444,0.7108712378386205
1516.7755165850813,1025.83031239335,490.9452041917314,104.33500512107275,30.456830453036986,0.7395613882137099
1457.7167115222055,904.5134339834891,553.2032775387165,124.35693591501331,30.402360011648785,0.7580978798779444
1424.730054299252,825.3408188331036,599.3892354661484,142.40342999319546,30.292152009322063,0.7704594683183634
1405.3195307370643,770.8022128348669,634.5173179021973,158.6638272383134,30.16831930803383,0.7789269280247791
1393.4948881414605,731.7131961990186,661.7816919424419,173.31048001348972,30.048460028058113,0.7848577461879059
