img_index,width,height,noise_std,noise_std_est,avg_mass_loss,t_diff,max_rel_gain,rel_gain_synth_1,rel_error_synth_1,rel_gain_synth_2,rel_error_synth_2,rel_gain_synth_3,rel_error_synth_3,rel_gain_synth_4,rel_error_synth_4,rel_gain_synth_5,rel_error_synth_5,rel_gain_synth_6,rel_error_synth_6,rel_gain_synth_7,rel_error_synth_7,rel_gain_synth_8,rel_error_synth_8,rel_gain_synth_9,rel_error_synth_9,rel_gain_synth_10,rel_error_synth_10,rel_gain_synth_11,rel_error_synth_11,rel_gain_synth_12,rel_error_synth_12,rel_gain_synth_13,rel_error_synth_13,rel_gain_synth_14,rel_error_synth_14,rel_gain_synth_15,rel_error_synth_15,rel_gain_synth_16,rel_error_synth_16
49,610,406,0.05,0.050840850084464366,4.206035155724246e-08,0.067,0.30040008,0.26593134,0.02650627,0.2678903,0.02499982,0.26201308,0.02951938,0.26396757,0.02801639,0.26201308,0.02951938,0.26396757,0.02801639,0.26201308,0.02951938,0.26396757,0.02801639,0.26201308,0.02951938,0.26396757,0.02801639,0.26201308,0.02951938,0.26396757,0.02801639,0.29464883,0.00442269,0.29967716,0.00055592,0.26201308,0.02951938,0.2678903,0.02499982
49,610,406,0.1,0.10069870259957793,4.206035155724246e-08,0.155,0.5411835,0.5030692,0.0247305,0.50831896,0.02132421,0.495725,0.02949582,0.5009673,0.02609432,0.49677205,0.02881643,0.49886912,0.02745574,0.49782026,0.0281363,0.49886912,0.02745574,0.495725,0.02949582,0.49782026,0.0281363,0.49677205,0.02881643,0.495725,0.02949582,0.5391415,0.00132495,0.54087895,0.0001976,0.495725,0.02949582,0.50727254,0.02200317
49,610,406,0.15,0.15112975553400185,6.309052733586369e-08,0.304,0.76636314,0.7054016,0.03451244,0.7148767,0.02914827,0.69314533,0.04145115,0.7021006,0.03638126,0.6937724,0.04109616,0.69693327,0.03930667,0.6937724,0.04109616,0.6975716,0.03894529,0.68820477,0.04424816,0.6918987,0.04215691,0.6888161,0.04390208,0.690044,0.04320693,0.763925,0.00138028,0.7655554,0.0004573,0.6918987,0.04215691,0.70942277,0.03223592
