img_index,width,height,noise_std,noise_std_est,avg_mass_loss,t_diff,max_rel_gain,rel_gain_synth_1,rel_error_synth_1,rel_gain_synth_2,rel_error_synth_2,rel_gain_synth_3,rel_error_synth_3,rel_gain_synth_4,rel_error_synth_4,rel_gain_synth_5,rel_error_synth_5,rel_gain_synth_6,rel_error_synth_6,rel_gain_synth_7,rel_error_synth_7,rel_gain_synth_8,rel_error_synth_8,rel_gain_synth_9,rel_error_synth_9,rel_gain_synth_10,rel_error_synth_10,rel_gain_synth_11,rel_error_synth_11,rel_gain_synth_12,rel_error_synth_12,rel_gain_synth_13,rel_error_synth_13,rel_gain_synth_14,rel_error_synth_14,rel_gain_synth_15,rel_error_synth_15,rel_gain_synth_16,rel_error_synth_16
49,610,406,0.05,0.05071524484351745,4.206035155724246e-08,0.064,0.30004036,0.26736197,0.02513644,0.269455,0.02352649,0.26315048,0.02837594,0.26525086,0.02676031,0.26315048,0.02837594,0.26525086,0.02676031,0.26525086,0.02676031,0.26525086,0.02676031,0.26315048,0.02837594,0.26315048,0.02837594,0.26315048,0.02837594,0.26525086,0.02676031,0.29400292,0.00464404,0.29981506,0.00017331,0.26525086,0.02676031,0.269455,0.02352649
49,610,406,0.1,0.1009480194605523,4.206035155724246e-08,0.139,0.5449961,0.5094807,0.02298736,0.5132094,0.02057396,0.5057196,0.02542174,0.5082281,0.02379811,0.50697696,0.02460793,0.50697696,0.02460793,0.5082281,0.02379811,0.5082281,0.02379811,0.50697696,0.02460793,0.5057196,0.02542174,0.5057196,0.02542174,0.5044641,0.02623438,0.54206866,0.00189478,0.54366887,0.00085906,0.5057196,0.02542174,0.5132094,0.02057396
49,610,406,0.15,0.15172082023995415,8.412070311448492e-08,0.249,0.7753063,0.7144476,0.03428063,0.72016877,0.031058,0.7182567,0.03213504,0.71066225,0.03641287,0.7153956,0.03374664,0.7125509,0.03534905,0.72303814,0.02944173,0.7144476,0.03428063,0.7182567,0.03213504,0.7116042,0.03588232,0.7134961,0.03481662,0.70316464,0.04063615,0.7683778,0.00390271,0.7752383,3.828978e-05,0.70316464,0.04063615,0.71634996,0.0332091
