img_index,width,height,noise_std,noise_std_est,avg_mass_loss,t_diff,max_rel_gain,rel_gain_synth_1,rel_error_synth_1,rel_gain_synth_2,rel_error_synth_2,rel_gain_synth_3,rel_error_synth_3,rel_gain_synth_4,rel_error_synth_4,rel_gain_synth_5,rel_error_synth_5,rel_gain_synth_6,rel_error_synth_6,rel_gain_synth_7,rel_error_synth_7,rel_gain_synth_8,rel_error_synth_8,rel_gain_synth_9,rel_error_synth_9,rel_gain_synth_10,rel_error_synth_10
49,610,406,0.05,0.05091846738975331,0.00023314953080530698,0.063,0.3138641382722183,0.28031086583127574,0.0255378554475704,0.28472400484099625,0.022178954872413576,0.27809183787971564,0.02722678802965472,0.28251923415682795,0.023857036052913443,0.28031086583127574,0.0255378554475704,0.28031086583127574,0.0255378554475704,0.28031086583127574,0.0255378554475704,0.28031086583127574,0.0255378554475704,0.27809183787971564,0.02722678802965472,0.28031086583127574,0.0255378554475704
49,610,406,0.1,0.10095299057569047,0.00046399048634555823,0.134,0.5502081017952314,0.5126616804255318,0.024220245866486273,0.518046673252727,0.02074652332500361,0.5099490460545363,0.02597009762371435,0.5140167151725232,0.023346147256485372,0.5099490460545363,0.02597009762371435,0.5113077409500155,0.02509363794458756,0.5099490460545363,0.02597009762371435,0.5113077409500155,0.02509363794458756,0.5099490460545363,0.02597009762371435,0.5113077409500155,0.02509363794458756
49,610,406,0.15,0.1512605515994851,0.0006995070122876621,0.215,0.7791848266260757,0.7354822625513758,0.024563251338858602,0.7417633697732086,0.02103292265808645,0.7301984261161771,0.027533058835035748,0.7354822625513758,0.024563251338858602,0.7312569227734537,0.02693812533434722,0.7323151748054633,0.02634332932655055,0.7312569227734537,0.02693812533434722,0.7333728745669688,0.025748843725236562,0.7301984261161771,0.027533058835035748,0.7312569227734537,0.02693812533434722
