img_index,width,height,noise_std,noise_std_est,t_diff,max_rel_gain,rel_gain_synth_1,rel_error_synth_1,rel_gain_synth_2,rel_error_synth_2,rel_gain_synth_3,rel_error_synth_3,rel_gain_synth_4,rel_error_synth_4,rel_gain_synth_5,rel_error_synth_5,rel_gain_synth_6,rel_error_synth_6,rel_gain_synth_7,rel_error_synth_7,rel_gain_synth_8,rel_error_synth_8,rel_gain_synth_9,rel_error_synth_9,rel_gain_synth_10,rel_error_synth_10
49,640,427,0.05,0.0514419567151641,0.64,0.2195623813570368,0.2153123046088116,0.0034849195196526,0.2191418457159929,0.0003448250351703,0.2191418457159929,0.0003448250351703,0.2183970496071522,0.000955532712142,0.2148552918302988,0.0038596545766689,0.2143881137800366,0.0042427248135044,0.2161898785431308,0.0027653385062216,0.2180863727130183,0.0012102772819017,0.2161898785431308,0.0027653385062216,0.2148552918302988,0.0038596545766689
49,640,427,0.1,0.1009710828970954,1.31,0.4476052043342476,0.4474293193610396,0.0001215006499572,0.4472892323502455,0.0002182722078202,0.4473402110236413,0.0001830563400939,0.4475606397323632,3.0785052271827604e-05,0.4473402110236413,0.0001830563400939,0.4472337387251102,0.0002566069865079,0.4475845657288576,1.4257067692376258e-05,0.4475606397323632,3.0785052271827604e-05,0.4475845657288576,1.4257067692376258e-05,0.4471084673469004,0.0003431439634645
49,640,427,0.15,0.1516109030296682,50.0,0.6557279499197842,0.6503419113038813,0.0032529731808681,0.6550550343709731,0.0004064167358192,0.6550550343709731,0.0004064167358192,0.6550550343709731,0.0004064167358192,0.6501065327635343,0.0033951333348708,0.6499851443168747,0.0034684475811305,0.6535436202627608,0.0013192563773107,0.6550550343709731,0.0004064167358192,0.653280211041184,0.0014783460523927,0.6486217767311356,0.0042918724594779
