img_index,width,height,noise_std,noise_std_est,t_diff,max_rel_gain,rel_gain_synth_1,rel_error_synth_1,rel_gain_synth_2,rel_error_synth_2,rel_gain_synth_3,rel_error_synth_3,rel_gain_synth_4,rel_error_synth_4,rel_gain_synth_5,rel_error_synth_5,rel_gain_synth_6,rel_error_synth_6,rel_gain_synth_7,rel_error_synth_7,rel_gain_synth_8,rel_error_synth_8,rel_gain_synth_9,rel_error_synth_9,rel_gain_synth_10,rel_error_synth_10
68,427,640,0.05,0.0598828566732849,0.29,0.0704420725867995,0.0191675400590853,0.0479003337413724,0.0270783420287469,0.0405101141561644,0.0310970054702003,0.036755904989346,0.0270783420287469,0.0405101141561644,0.0191675400590853,0.0479003337413724,0.0191675400590853,0.0479003337413724,0.0230971058231573,0.0442293590434367,0.0310970054702003,0.036755904989346,0.0230971058231573,0.0442293590434367,0.0191675400590853,0.0479003337413724
68,427,640,0.1,0.1062625474550513,0.5,0.2076193992624676,0.1904326725846529,0.0142319067483605,0.1891324452857329,0.0153085930782705,0.1904326725846529,0.0142319067483605,0.1891324452857329,0.0153085930782705,0.1904326725846529,0.0142319067483605,0.1904326725846529,0.0142319067483605,0.1904326725846529,0.0142319067483605,0.1904326725846529,0.0142319067483605,0.1891324452857329,0.0153085930782705,0.1904326725846529,0.0142319067483605
68,427,640,0.15,0.1553144743962239,0.71,0.3610790251473921,0.3581495492115074,0.0021523187719151,0.3570069415606317,0.0029918054069781,0.3566075702047428,0.0032852280139759,0.3570069415606317,0.0029918054069781,0.3581495492115074,0.0021523187719151,0.3581495492115074,0.0021523187719151,0.3577792208524364,0.0024244031639517,0.3566075702047428,0.0032852280139759,0.3577792208524364,0.0024244031639517,0.3585074223076601,0.0018893854010082
