img_index,width,height,noise_std,noise_std_est,avg_mass_loss,t_diff,max_rel_gain,rel_gain_synth_1,rel_error_synth_1,rel_gain_synth_2,rel_error_synth_2,rel_gain_synth_3,rel_error_synth_3,rel_gain_synth_4,rel_error_synth_4,rel_gain_synth_5,rel_error_synth_5,rel_gain_synth_6,rel_error_synth_6,rel_gain_synth_7,rel_error_synth_7,rel_gain_synth_8,rel_error_synth_8,rel_gain_synth_9,rel_error_synth_9,rel_gain_synth_10,rel_error_synth_10,rel_gain_synth_11,rel_error_synth_11,rel_gain_synth_12,rel_error_synth_12,rel_gain_synth_13,rel_error_synth_13,rel_gain_synth_14,rel_error_synth_14,rel_gain_synth_15,rel_error_synth_15,rel_gain_synth_16,rel_error_synth_16
68,340,509,0.05,0.05581048695164674,6.01910705343041e-08,0.051000000000000004,0.11832174,0.05664444,0.05515166,0.05971455,0.05240638,0.05664444,0.05515166,0.05664444,0.05515166,0.05664444,0.05515166,0.05664444,0.05515166,0.05664444,0.05515166,0.05664444,0.05515166,0.05664444,0.05515166,0.05664444,0.05515166,0.05664444,0.05515166,0.05664444,0.05515166,0.07527349,0.03849362,0.08457807,0.03017349,0.05664444,0.05515166,0.05971455,0.05240638
68,340,509,0.1,0.1040522195420913,6.01910705343041e-08,0.1,0.2734305,0.23730785,0.02836641,0.23730785,0.02836641,0.23576033,0.02958164,0.23730785,0.02836641,0.23576033,0.02958164,0.23576033,0.02958164,0.23576033,0.02958164,0.23576033,0.02958164,0.23576033,0.02958164,0.23576033,0.02958164,0.23576033,0.02958164,0.23576033,0.02958164,0.250907,0.01768725,0.2591728,0.01119629,0.23576033,0.02958164,0.23730785,0.02836641
68,340,509,0.15,0.1534153608649053,6.01910705343041e-08,0.159,0.43751943,0.4112121,0.01830052,0.41216636,0.01763669,0.41025597,0.01896564,0.41025597,0.01896564,0.41025597,0.01896564,0.41025597,0.01896564,0.4112121,0.01830052,0.41025597,0.01896564,0.4112121,0.01830052,0.41025597,0.01896564,0.41025597,0.01896564,0.4083284,0.02030652,0.4230237,0.01008386,0.42857003,0.00622557,0.40929306,0.01963548,0.4112121,0.01830052
