img_index,width,height,noise_std,noise_std_est,avg_mass_loss,t_diff,max_rel_gain,rel_gain_synth_1,rel_error_synth_1,rel_gain_synth_2,rel_error_synth_2,rel_gain_synth_3,rel_error_synth_3,rel_gain_synth_4,rel_error_synth_4,rel_gain_synth_5,rel_error_synth_5,rel_gain_synth_6,rel_error_synth_6,rel_gain_synth_7,rel_error_synth_7,rel_gain_synth_8,rel_error_synth_8,rel_gain_synth_9,rel_error_synth_9,rel_gain_synth_10,rel_error_synth_10,rel_gain_synth_11,rel_error_synth_11,rel_gain_synth_12,rel_error_synth_12,rel_gain_synth_13,rel_error_synth_13,rel_gain_synth_14,rel_error_synth_14,rel_gain_synth_15,rel_error_synth_15,rel_gain_synth_16,rel_error_synth_16
68,340,509,0.05,0.05598853825229153,6.01910705343041e-08,0.053,0.11996234,0.06029398,0.05327712,0.06029398,0.05327712,0.05742162,0.05584181,0.06029398,0.05327712,0.05742162,0.05584181,0.05742162,0.05584181,0.05742162,0.05584181,0.05742162,0.05584181,0.05742162,0.05584181,0.06029398,0.05327712,0.05742162,0.05584181,0.05742162,0.05584181,0.07788667,0.03756883,0.08670542,0.02969468,0.05742162,0.05584181,0.06029398,0.05327712
68,340,509,0.1,0.10372002896596902,6.01910705343041e-08,0.107,0.27220213,0.23709364,0.02759663,0.23709364,0.02759663,0.23441234,0.02970424,0.23709364,0.02759663,0.23441234,0.02970424,0.23575611,0.02864798,0.23441234,0.02970424,0.23575611,0.02864798,0.23441234,0.02970424,0.23575611,0.02864798,0.23575611,0.02864798,0.23441234,0.02970424,0.25150588,0.01626804,0.2575465,0.01151988,0.23441234,0.02970424,0.23709364,0.02759663
68,340,509,0.15,0.15331537399071174,9.028660580145615e-08,0.182,0.43480384,0.4050759,0.02071917,0.4058546,0.02017644,0.4019547,0.02289451,0.40429628,0.02126254,0.4019547,0.02289451,0.4035163,0.02180616,0.4019547,0.02289451,0.4035163,0.02180616,0.40117335,0.02343909,0.4019547,0.02289451,0.4019547,0.02289451,0.40117335,0.02343909,0.42007214,0.01026741,0.42344484,0.00791677,0.4019547,0.02289451,0.4050759,0.02071917
