img_index,width,height,noise_std,noise_std_est,avg_mass_loss,t_diff,max_rel_gain,rel_gain_synth_1,rel_error_synth_1,rel_gain_synth_2,rel_error_synth_2,rel_gain_synth_3,rel_error_synth_3,rel_gain_synth_4,rel_error_synth_4,rel_gain_synth_5,rel_error_synth_5,rel_gain_synth_6,rel_error_synth_6,rel_gain_synth_7,rel_error_synth_7,rel_gain_synth_8,rel_error_synth_8,rel_gain_synth_9,rel_error_synth_9,rel_gain_synth_10,rel_error_synth_10
68,340,509,0.05,0.05617673741826627,0.00023453946298215145,0.051000000000000004,0.12925439214592105,0.06885527354934803,0.05348583898956252,0.0720389736453408,0.05066654502167032,0.06885527354934803,0.05348583898956252,0.06885527354934803,0.05348583898956252,0.06885527354934803,0.05348583898956252,0.06885527354934803,0.05348583898956252,0.06885527354934803,0.05348583898956252,0.06885527354934803,0.05348583898956252,0.06885527354934803,0.05348583898956252,0.06885527354934803,0.05348583898956252
68,340,509,0.1,0.10406119030138301,0.0004360706229026245,0.098,0.28059534687635374,0.24361487739579823,0.028877560402479022,0.24524074603127752,0.027607941049695075,0.24361487739579823,0.028877560402479022,0.24524074603127752,0.027607941049695075,0.24361487739579823,0.028877560402479022,0.24361487739579823,0.028877560402479022,0.24361487739579823,0.028877560402479022,0.24361487739579823,0.028877560402479022,0.24361487739579823,0.028877560402479022,0.24361487739579823,0.028877560402479022
68,340,509,0.15,0.15262730640497174,0.0006600215198395985,0.151,0.4427892669404387,0.4176613088813221,0.017416235783623935,0.4186955925140703,0.016699371819878534,0.4166224000159097,0.018136305504973763,0.4176613088813221,0.017416235783623935,0.4166224000159097,0.018136305504973763,0.4176613088813221,0.017416235783623935,0.4166224000159097,0.018136305504973763,0.4176613088813221,0.017416235783623935,0.415574754777815,0.018862430422936553,0.4166224000159097,0.018136305504973763
