img_index,width,height,noise_std,noise_std_est,t_diff,max_rel_gain,rel_gain_synth_1,rel_error_synth_1,rel_gain_synth_2,rel_error_synth_2,rel_gain_synth_3,rel_error_synth_3,rel_gain_synth_4,rel_error_synth_4,rel_gain_synth_5,rel_error_synth_5,rel_gain_synth_6,rel_error_synth_6,rel_gain_synth_7,rel_error_synth_7,rel_gain_synth_8,rel_error_synth_8,rel_gain_synth_9,rel_error_synth_9,rel_gain_synth_10,rel_error_synth_10
87,427,640,0.05,0.0520479327792567,0.56,0.1913645424372237,0.1840116568403161,0.0061718183939447,0.1878253770544503,0.0029706821520247,0.1898511124256666,0.0012703332671467,0.1878253770544503,0.0029706821520247,0.1846876250922558,0.0056044284575639,0.1846876250922558,0.0056044284575639,0.1859992334368812,0.0045034989788821,0.1894010502421426,0.001648103603171,0.1859992334368812,0.0045034989788821,0.1833252570129374,0.0067479643198378
87,427,640,0.1,0.1017523154799327,1.15,0.4111952640377798,0.4111660464111177,2.0704170008668588e-05,0.4111925660070652,1.911876253629447e-06,0.4111476744197202,3.372291508645929e-05,0.4111925660070652,1.911876253629447e-06,0.4111890679673618,4.390654203448629e-06,0.4111797680568861,1.0980748935704989e-05,0.4111941640487775,7.794732807392436e-07,0.4111797680568861,1.0980748935704989e-05,0.4111952640377798,0.0,0.4111244122030753,5.020696746227212e-05
87,427,640,0.15,0.1517632832019569,3.24,0.6189542230017356,0.6116827908574566,0.0044914377694984,0.6183098634206348,0.0003980097596002,0.6189487827515496,3.360348371008558e-06,0.6176370620385395,0.0008135875273569,0.6121386637503236,0.0042098529745795,0.6130905868497035,0.0036218665535583,0.614699924199817,0.0026278067294766,0.6186339281957471,0.0001978405574646,0.6145141015320761,0.0027425861748128,0.6103031536794853,0.00534361577328
