img_index,width,height,noise_std,noise_std_est,avg_mass_loss,t_diff,max_rel_gain,rel_gain_synth_1,rel_error_synth_1,rel_gain_synth_2,rel_error_synth_2,rel_gain_synth_3,rel_error_synth_3,rel_gain_synth_4,rel_error_synth_4,rel_gain_synth_5,rel_error_synth_5,rel_gain_synth_6,rel_error_synth_6,rel_gain_synth_7,rel_error_synth_7,rel_gain_synth_8,rel_error_synth_8,rel_gain_synth_9,rel_error_synth_9,rel_gain_synth_10,rel_error_synth_10
87,200,299,0.05,0.0545322081279166,0.0005559673665025108,0.075,0.2920883118389938,0.2274799365224961,0.05000306459280819,0.2274799365224961,0.05000306459280819,0.22298829728592992,0.05347932793751205,0.23208022207769638,0.04644271541771751,0.21860613552921976,0.05687086218215911,0.2297695249342253,0.04823105846075789,0.21860613552921976,0.05687086218215911,0.23208022207769638,0.04644271541771751,0.21645063153518165,0.05853909489836581,0.21860613552921976,0.05687086218215911
87,200,299,0.1,0.10370808076829285,0.0009525252304262327,0.14200000000000002,0.49749220436019065,0.4607548216827331,0.024532603622570287,0.45948707855468984,0.025379181070086878,0.454484107443232,0.028720080673364193,0.4619992107402939,0.023701621628849343,0.4483160514296737,0.032839004294868884,0.45948707855468984,0.025379181070086878,0.4495361741721795,0.03202422693646045,0.4619992107402939,0.023701621628849343,0.44345233425710745,0.03608691246988625,0.4458768034834229,0.034467892872150616
87,200,299,0.15,0.15370130646718222,0.0014122243168942885,0.227,0.7060027243051495,0.666788123176113,0.022986247659720797,0.6650166348308603,0.024024633073773574,0.6579411448134288,0.0281720414668717,0.666788123176113,0.022986247659720797,0.6500388169795478,0.03280411369119925,0.6650166348308603,0.024024633073773574,0.6509207747677103,0.03228714043224874,0.666788123176113,0.022986247659720797,0.6491770347671415,0.03330926072298803,0.651788934566147,0.03177825507933099
