img_index,width,height,noise_std,noise_std_est,t_diff,max_rel_gain,rel_gain_synth_1,rel_error_synth_1,rel_gain_synth_2,rel_error_synth_2,rel_gain_synth_3,rel_error_synth_3,rel_gain_synth_4,rel_error_synth_4,rel_gain_synth_5,rel_error_synth_5,rel_gain_synth_6,rel_error_synth_6,rel_gain_synth_7,rel_error_synth_7,rel_gain_synth_8,rel_error_synth_8,rel_gain_synth_9,rel_error_synth_9,rel_gain_synth_10,rel_error_synth_10
53,640,427,0.05,0.0539580850750492,0.3,0.0934834517875221,0.0661361010689271,0.0250093869037434,0.0723754550392091,0.0193034441571179,0.0723754550392091,0.0193034441571179,0.0692785961537443,0.0221355481824713,0.0629678993352721,0.02790673457597,0.0629678993352721,0.02790673457597,0.0661361010689271,0.0250093869037434,0.0692785961537443,0.0221355481824713,0.0661361010689271,0.0250093869037434,0.0629678993352721,0.02790673457597
53,640,427,0.1,0.1026114514658713,0.53,0.2464469636950915,0.2364086581275092,0.0080535360588658,0.2373628204639278,0.0072880302939113,0.2373628204639278,0.0072880302939113,0.2364086581275092,0.0080535360588658,0.2373628204639278,0.0072880302939113,0.2373628204639278,0.0072880302939113,0.2364086581275092,0.0080535360588658,0.2364086581275092,0.0080535360588658,0.2364086581275092,0.0080535360588658,0.2373628204639278,0.0072880302939113
53,640,427,0.15,0.1521266071008085,0.76,0.4084669644908265,0.4082316635510399,0.000167061738556,0.4074940086913178,0.0006907906426192,0.4073025915575111,0.0008266952386322,0.4074940086913178,0.0006907906426192,0.4082316635510399,0.000167061738556,0.4082316635510399,0.000167061738556,0.4079859226513293,0.0003415357630848,0.4074940086913178,0.0006907906426192,0.4079859226513293,0.0003415357630848,0.4082316635510399,0.000167061738556
