img_index,width,height,noise_std,noise_std_est,avg_mass_loss,t_diff,max_rel_gain,rel_gain_synth_1,rel_error_synth_1,rel_gain_synth_2,rel_error_synth_2,rel_gain_synth_3,rel_error_synth_3,rel_gain_synth_4,rel_error_synth_4,rel_gain_synth_5,rel_error_synth_5,rel_gain_synth_6,rel_error_synth_6,rel_gain_synth_7,rel_error_synth_7,rel_gain_synth_8,rel_error_synth_8,rel_gain_synth_9,rel_error_synth_9,rel_gain_synth_10,rel_error_synth_10,rel_gain_synth_11,rel_error_synth_11,rel_gain_synth_12,rel_error_synth_12,rel_gain_synth_13,rel_error_synth_13,rel_gain_synth_14,rel_error_synth_14,rel_gain_synth_15,rel_error_synth_15,rel_gain_synth_16,rel_error_synth_16
53,620,413,0.05,0.05194970040254186,8.136113931630607e-08,0.05,0.19539614,0.15839773,0.03095075,0.16131668,0.02850893,0.15839773,0.03095075,0.15839773,0.03095075,0.15839773,0.03095075,0.15839773,0.03095075,0.15839773,0.03095075,0.15839773,0.03095075,0.15839773,0.03095075,0.15839773,0.03095075,0.15839773,0.03095075,0.15839773,0.03095075,0.17800891,0.01454516,0.18521042,0.00852078,0.15839773,0.03095075,0.16131668,0.02850893
53,620,413,0.1,0.1019125138507018,4.0680569658153034e-08,0.10400000000000001,0.37371168,0.34683192,0.01956725,0.34832805,0.01847812,0.34683192,0.01956725,0.34683192,0.01956725,0.34683192,0.01956725,0.34683192,0.01956725,0.34683192,0.01956725,0.34683192,0.01956725,0.34683192,0.01956725,0.34683192,0.01956725,0.34683192,0.01956725,0.34531653,0.02067039,0.3633476,0.00754458,0.3703139,0.00247342,0.34531653,0.02067039,0.34832805,0.01847812
53,620,413,0.15,0.15174153695844783,4.0680569658153034e-08,0.163,0.54906386,0.5277423,0.01376413,0.529703,0.01249844,0.5287291,0.01312716,0.52674884,0.01440548,0.5287291,0.01312716,0.5277423,0.01376413,0.53066736,0.01187587,0.5277423,0.01376413,0.5287291,0.01312716,0.5277423,0.01376413,0.5277423,0.01376413,0.52574307,0.01505478,0.5417421,0.00472659,0.54605705,0.00194105,0.52574307,0.01505478,0.5287291,0.01312716
