img_index,width,height,noise_std,noise_std_est,avg_mass_loss,t_diff,max_rel_gain,rel_gain_synth_1,rel_error_synth_1,rel_gain_synth_2,rel_error_synth_2,rel_gain_synth_3,rel_error_synth_3,rel_gain_synth_4,rel_error_synth_4,rel_gain_synth_5,rel_error_synth_5,rel_gain_synth_6,rel_error_synth_6,rel_gain_synth_7,rel_error_synth_7,rel_gain_synth_8,rel_error_synth_8,rel_gain_synth_9,rel_error_synth_9,rel_gain_synth_10,rel_error_synth_10
53,620,413,0.05,0.05205692029627324,0.00018835088605586531,0.05,0.20731921699019665,0.17171092824134046,0.029493681743612415,0.1747016325568291,0.02701653711325992,0.17171092824134046,0.029493681743612415,0.17171092824134046,0.029493681743612415,0.17171092824134046,0.029493681743612415,0.17171092824134046,0.029493681743612415,0.17171092824134046,0.029493681743612415,0.17171092824134046,0.029493681743612415,0.17171092824134046,0.029493681743612415,0.17171092824134046,0.029493681743612415
53,620,413,0.1,0.10141217618114783,0.0003596549754826181,0.1,0.37935903464557913,0.3543627582055162,0.018121660722282953,0.35745332487459874,0.01588107897999813,0.3543627582055162,0.018121660722282953,0.355919520959386,0.016993047565905025,0.3543627582055162,0.018121660722282953,0.3543627582055162,0.018121660722282953,0.3543627582055162,0.018121660722282953,0.3543627582055162,0.018121660722282953,0.3543627582055162,0.018121660722282953,0.3543627582055162,0.018121660722282953
53,620,413,0.15,0.15170000831089367,0.0005473507900403762,0.159,0.5549912017808806,0.532759419707746,0.014297046856389458,0.5348760964485662,0.012935832247331846,0.5305972372607474,0.01568752575075387,0.532759419707746,0.014297046856389458,0.531684364527785,0.014988404581584108,0.531684364527785,0.014988404581584108,0.531684364527785,0.014988404581584108,0.531684364527785,0.014988404581584108,0.5305972372607474,0.01568752575075387,0.531684364527785,0.014988404581584108
