img_index,width,height,noise_std,noise_std_est,avg_mass_loss,t_diff,max_rel_gain,rel_gain_synth_1,rel_error_synth_1,rel_gain_synth_2,rel_error_synth_2,rel_gain_synth_3,rel_error_synth_3,rel_gain_synth_4,rel_error_synth_4,rel_gain_synth_5,rel_error_synth_5,rel_gain_synth_6,rel_error_synth_6,rel_gain_synth_7,rel_error_synth_7,rel_gain_synth_8,rel_error_synth_8,rel_gain_synth_9,rel_error_synth_9,rel_gain_synth_10,rel_error_synth_10,rel_gain_synth_11,rel_error_synth_11,rel_gain_synth_12,rel_error_synth_12,rel_gain_synth_13,rel_error_synth_13,rel_gain_synth_14,rel_error_synth_14,rel_gain_synth_15,rel_error_synth_15,rel_gain_synth_16,rel_error_synth_16
53,620,413,0.05,0.051931085327409934,4.0680569658153034e-08,0.052000000000000005,0.19654232,0.1608976,0.02978978,0.16363882,0.02749882,0.15812793,0.0321045,0.1608976,0.02978978,0.1608976,0.02978978,0.1608976,0.02978978,0.1608976,0.02978978,0.1608976,0.02978978,0.1608976,0.02978978,0.1608976,0.02978978,0.1608976,0.02978978,0.1608976,0.02978978,0.18180738,0.0123146,0.18627486,0.00858095,0.1608976,0.02978978,0.16363882,0.02749882
53,620,413,0.1,0.10134513261910107,4.0680569658153034e-08,0.11,0.37192488,0.3477409,0.01762778,0.35027033,0.01578406,0.34645978,0.01856158,0.3477409,0.01762778,0.34645978,0.01856158,0.34645978,0.01856158,0.34645978,0.01856158,0.34645978,0.01856158,0.34645978,0.01856158,0.34645978,0.01856158,0.34645978,0.01856158,0.34516743,0.01950359,0.36385244,0.00588402,0.36878526,0.00228848,0.34645978,0.01856158,0.35027033,0.01578406
53,620,413,0.15,0.1516646306030908,8.136113931630607e-08,0.19,0.54795146,0.52407557,0.01542416,0.5264211,0.01390892,0.5200967,0.01799457,0.5224917,0.01644739,0.52089673,0.01747775,0.52169526,0.0169619,0.52089673,0.01747775,0.52169526,0.0169619,0.5192941,0.01851309,0.5200967,0.01799457,0.5192941,0.01851309,0.5192941,0.01851309,0.54261434,0.00344786,0.5436107,0.0028042,0.5200967,0.01799457,0.5248612,0.01491663
