energy,prior,fidelity,mass,psnr,ssim_indices
7490.993940662379,7490.993940662379,0.0,0.0,26.01407735753376,0.595914355826854
4442.109271416244,4272.64604128722,169.46323012902397,-50.18714183883276,28.38658203928814,0.6959190138918139
3439.4452876148953,3031.7588334448124,407.6864541700828,-94.711067162978,28.957272019325178,0.7485975666440895
3018.275080867014,2413.219748656604,605.0553322104096,-134.2215884178877,28.745036675254166,0.7750645144604839
2809.8971231158075,2051.5132490517353,758.3838740640721,-169.28991127788322,28.336904386342955,0.7881546591765837
