img_index,width,height,noise_std,noise_std_est,avg_mass_loss,t_diff,max_rel_gain,rel_gain_synth_1,rel_error_synth_1,rel_gain_synth_2,rel_error_synth_2,rel_gain_synth_3,rel_error_synth_3,rel_gain_synth_4,rel_error_synth_4,rel_gain_synth_5,rel_error_synth_5,rel_gain_synth_6,rel_error_synth_6,rel_gain_synth_7,rel_error_synth_7,rel_gain_synth_8,rel_error_synth_8,rel_gain_synth_9,rel_error_synth_9,rel_gain_synth_10,rel_error_synth_10,rel_gain_synth_11,rel_error_synth_11,rel_gain_synth_12,rel_error_synth_12,rel_gain_synth_13,rel_error_synth_13,rel_gain_synth_14,rel_error_synth_14,rel_gain_synth_15,rel_error_synth_15,rel_gain_synth_16,rel_error_synth_16
36,341,227,0.05,0.05428685717372165,3.364252156351062e-08,0.063,0.22895943,0.18059596,0.03935317,0.18749766,0.03373729,0.17392968,0.04477751,0.18059596,0.03935317,0.17392968,0.04477751,0.17612125,0.04299423,0.17392968,0.04477751,0.17612125,0.04299423,0.17612125,0.04299423,0.17834994,0.04118075,0.17392968,0.04477751,0.17612125,0.04299423,0.21936548,0.00780656,0.22296041,0.00488137,0.17612125,0.04299423,0.18749766,0.03373729
36,341,227,0.1,0.10349705963742799,6.728504312702124e-08,0.14100000000000001,0.444056,0.41822046,0.01789096,0.4260164,0.01249232,0.40806213,0.02492553,0.41735193,0.01849241,0.41055143,0.02320172,0.41223055,0.02203893,0.40972197,0.02377611,0.4113939,0.02261829,0.4113939,0.02261829,0.41392606,0.02086479,0.41055143,0.02320172,0.41055143,0.02320172,0.44387212,0.00012733,0.4440399,1.11404015e-05,0.40888524,0.02435554,0.4251629,0.01308335
36,341,227,0.15,0.15370781753922963,6.728504312702124e-08,0.277,0.66900986,0.6456873,0.01397393,0.6562836,0.00762505,0.62787807,0.02464443,0.6434759,0.01529891,0.6306994,0.02295401,0.6348371,0.02047488,0.62947047,0.02369033,0.6339972,0.02097812,0.6310966,0.02271604,0.63953435,0.0176605,0.6306994,0.02295401,0.6298856,0.02344161,0.66645133,0.00153297,0.66750664,0.00090067,0.62867093,0.02416938,0.6532319,0.00945348
