img_index,width,height,noise_std,noise_std_est,avg_mass_loss,t_diff,max_rel_gain,rel_gain_synth_1,rel_error_synth_1,rel_gain_synth_2,rel_error_synth_2,rel_gain_synth_3,rel_error_synth_3,rel_gain_synth_4,rel_error_synth_4,rel_gain_synth_5,rel_error_synth_5,rel_gain_synth_6,rel_error_synth_6,rel_gain_synth_7,rel_error_synth_7,rel_gain_synth_8,rel_error_synth_8,rel_gain_synth_9,rel_error_synth_9,rel_gain_synth_10,rel_error_synth_10
36,341,227,0.05,0.05427542186932662,0.00039915518518794267,0.059000000000000004,0.2402450487621636,0.1935190585334998,0.037674804890613374,0.20128820788922006,0.03141059979382681,0.18844616456094168,0.04176504010471173,0.1935190585334998,0.037674804890613374,0.18844616456094168,0.04176504010471173,0.19096153899137716,0.03973691313662103,0.18844616456094168,0.04176504010471173,0.19096153899137716,0.03973691313662103,0.18844616456094168,0.04176504010471173,0.19096153899137716,0.03973691313662103
36,341,227,0.1,0.10389331899094355,0.0007986779139904223,0.124,0.4508352088783162,0.42375678493650826,0.018664024539866975,0.43023106712430853,0.014201572740943705,0.41837651179101865,0.022372421684191356,0.42375678493650826,0.018664024539866975,0.41837651179101865,0.022372421684191356,0.41945185742850544,0.021631230933576648,0.41837651179101865,0.022372421684191356,0.41945185742850544,0.021631230933576648,0.41731507817859115,0.02310402345807449,0.41945185742850544,0.021631230933576648
36,341,227,0.15,0.15358825162234413,0.0012605252465086982,0.20500000000000002,0.6674095430081252,0.6450144837191958,0.013431049008228108,0.6531496510377401,0.00855212328019853,0.6379610984652021,0.01766119467554199,0.6450144837191958,0.013431049008228108,0.6379610984652021,0.01766119467554199,0.6398897598613055,0.016504513400572268,0.6379610984652021,0.01766119467554199,0.6405253790837886,0.016123311778482176,0.6379610984652021,0.01766119467554199,0.6405253790837886,0.016123311778482176
