img_index,width,height,noise_std,noise_std_est,t_diff,max_rel_gain,rel_gain_synth_1,rel_error_synth_1,rel_gain_synth_2,rel_error_synth_2,rel_gain_synth_3,rel_error_synth_3,rel_gain_synth_4,rel_error_synth_4,rel_gain_synth_5,rel_error_synth_5,rel_gain_synth_6,rel_error_synth_6,rel_gain_synth_7,rel_error_synth_7,rel_gain_synth_8,rel_error_synth_8,rel_gain_synth_9,rel_error_synth_9,rel_gain_synth_10,rel_error_synth_10
36,640,427,0.05,0.053454884389637,0.44,0.1415748271969381,0.1260153600119101,0.0136298268097179,0.1332555685074331,0.0072875281508548,0.1332555685074331,0.0072875281508548,0.1309020616323407,0.0093491598713714,0.1260153600119101,0.0136298268097179,0.1260153600119101,0.0136298268097179,0.1284748386032747,0.0114753656804342,0.1309020616323407,0.0093491598713714,0.1272469533183039,0.0125509721634414,0.1260153600119101,0.0136298268097179
36,640,427,0.1,0.1024971851371558,0.86,0.3424295036726064,0.3423444198669828,6.338046459115794e-05,0.3423767487842185,3.9298069837989526e-05,0.3423444198669828,6.338046459115794e-05,0.3422605681307251,0.0001258431384435,0.3423444198669828,6.338046459115794e-05,0.3423767487842185,3.9298069837989526e-05,0.3422605681307251,0.0001258431384435,0.342305531151071,9.23493719381419e-05,0.3422605681307251,0.0001258431384435,0.3424019981514549,2.0489359833256765e-05
36,640,427,0.15,0.152186038204495,1.42,0.5463576606975304,0.540513576127133,0.0037792580066899,0.5456764789815371,0.000440507221134,0.5462282332678012,8.369824977674605e-05,0.5455295069575176,0.000535551225348,0.540513576127133,0.0037792580066899,0.540513576127133,0.0037792580066899,0.5423327718816852,0.0026028188162043,0.5455295069575176,0.000535551225348,0.5423327718816852,0.0026028188162043,0.5399226657852157,0.0041613884522756
