img_index,width,height,noise_std,noise_std_est,avg_mass_loss,t_diff,max_rel_gain,rel_gain_synth_1,rel_error_synth_1,rel_gain_synth_2,rel_error_synth_2,rel_gain_synth_3,rel_error_synth_3,rel_gain_synth_4,rel_error_synth_4,rel_gain_synth_5,rel_error_synth_5,rel_gain_synth_6,rel_error_synth_6,rel_gain_synth_7,rel_error_synth_7,rel_gain_synth_8,rel_error_synth_8,rel_gain_synth_9,rel_error_synth_9,rel_gain_synth_10,rel_error_synth_10,rel_gain_synth_11,rel_error_synth_11,rel_gain_synth_12,rel_error_synth_12,rel_gain_synth_13,rel_error_synth_13,rel_gain_synth_14,rel_error_synth_14,rel_gain_synth_15,rel_error_synth_15,rel_gain_synth_16,rel_error_synth_16
36,341,227,0.05,0.0542162789612115,3.364252156351062e-08,0.061,0.22783667,0.17881775,0.039923,0.18371406,0.03593525,0.17168468,0.04573246,0.17641266,0.0418818,0.17168468,0.04573246,0.17403004,0.04382231,0.17168468,0.04573246,0.17403004,0.04382231,0.17168468,0.04573246,0.17403004,0.04382231,0.17168468,0.04573246,0.17403004,0.04382231,0.21566817,0.00991052,0.2216443,0.00504332,0.17403004,0.04382231,0.18619767,0.03391249
36,341,227,0.1,0.10339980096690954,6.728504312702124e-08,0.125,0.44164917,0.41599166,0.01779732,0.42306113,0.01289358,0.40993145,0.02200099,0.41599166,0.01779732,0.41093785,0.02130289,0.41194284,0.02060578,0.41093785,0.02130289,0.41194284,0.02060578,0.41093785,0.02130289,0.41295353,0.01990473,0.41093785,0.02130289,0.41093785,0.02130289,0.4409427,0.00049003,0.44126782,0.00026452,0.41093785,0.02130289,0.42205766,0.01358964
36,341,227,0.15,0.1533912779563449,6.728504312702124e-08,0.21,0.6641743,0.6455294,0.01120371,0.65265715,0.00692067,0.63690203,0.01638787,0.6436883,0.01231002,0.63936174,0.01490987,0.63998383,0.01453603,0.6406008,0.01416531,0.63998383,0.01453603,0.63936174,0.01490987,0.6412198,0.01379334,0.6375122,0.01602122,0.63567597,0.01712463,0.6632229,0.0005717,0.6607198,0.00207581,0.63567597,0.01712463,0.6515177,0.00760535
