energy,prior,fidelity,mass,psnr,ssim_indices
6872.406331073521,6872.406331073521,0.0,0.0,26.01240712417354,0.49611663469647355
3976.5065726714734,3818.9142773445888,157.5922953268848,-25.417560722038615,28.445663086498033,0.6100661086976242
3035.0808823443285,2659.772848957279,375.30803338704914,-48.410304601769894,29.154962704585472,0.6779623294374062
2640.4187414991993,2087.1543516326765,553.2643898665228,-69.17602106858976,29.059662669527494,0.7168128940023606
2444.6951994343794,1754.08926241167,690.6059370227094,-87.90998139529256,28.72071086303604,0.7392960187390907
2336.904656912652,1539.778452694466,797.1262042181859,-104.79850602784427,28.35289791558288,0.7525370676182822
