energy,prior,fidelity,mass,psnr,ssim_indices
9971.033498249413,9971.033498249413,0.0,0.0,26.0165988680534,0.45177780779722304
6189.498839865114,5973.30878214399,216.19005772112374,-13.994755157735199,28.394080032334948,0.5654901262530978
4981.591187610237,4459.898444781723,521.6927428285147,-26.675726511864923,28.9599279234694,0.6414846397451023
4491.270833199782,3712.5586269092278,778.7122062905545,-38.14522245642729,28.716912158118006,0.6895242136701446
4260.17800634468,3276.730012654166,983.4479936905145,-48.508176471688785,28.259463410271472,0.7204066247257975
