img_index,width,height,noise_std,noise_std_est,t_diff,max_rel_gain,rel_gain_synth_1,rel_error_synth_1,rel_gain_synth_2,rel_error_synth_2,rel_gain_synth_3,rel_error_synth_3,rel_gain_synth_4,rel_error_synth_4,rel_gain_synth_5,rel_error_synth_5,rel_gain_synth_6,rel_error_synth_6,rel_gain_synth_7,rel_error_synth_7,rel_gain_synth_8,rel_error_synth_8,rel_gain_synth_9,rel_error_synth_9,rel_gain_synth_10,rel_error_synth_10
83,640,427,0.05,0.0515926018361585,0.7000000000000001,0.2304404191968123,0.2269246558721818,0.0028573210614499,0.2303589898871554,6.617899443683256e-05,0.2303589898871554,6.617899443683256e-05,0.2297966646378589,0.0005231903543721,0.2265679194708506,0.0031472468439305,0.2262033224742911,0.0034435610667657,0.2279374398589483,0.0020342141714572,0.2297966646378589,0.0005231903543721,0.2279374398589483,0.0020342141714572,0.2265679194708506,0.0031472468439305
83,640,427,0.1,0.1013277486767553,1.61,0.4635476337697297,0.4634455402963156,6.975753372035958e-05,0.4632910509770677,0.0001753156417609,0.4633514408265375,0.0001340529946994,0.4635364586024761,7.635670336711655e-06,0.4633224229522452,0.0001538800735199,0.4632209087153683,0.0002232418315758,0.4635427931692501,3.3074430704536247e-06,0.4635285763981503,1.3021353825223748e-05,0.4635427931692501,3.3074430704536247e-06,0.4630958603141783,0.0003086838071595
83,640,427,0.15,0.1518695806463578,50.0,0.6695198892311931,0.6687817409077321,0.0004421320933174,0.6694288850496517,5.450919280944695e-05,0.6694288850496517,5.450919280944695e-05,0.6694288850496517,5.450919280944695e-05,0.6686074599160239,0.0005465219797946,0.6685413467281512,0.0005861220997447,0.6694288850496517,5.450919280944695e-05,0.6694288850496517,5.450919280944695e-05,0.6694288850496517,5.450919280944695e-05,0.6673678313005043,0.0012890280280996
