img_index,width,height,noise_std,noise_std_est,avg_mass_loss,t_diff,max_rel_gain,rel_gain_synth_1,rel_error_synth_1,rel_gain_synth_2,rel_error_synth_2,rel_gain_synth_3,rel_error_synth_3,rel_gain_synth_4,rel_error_synth_4,rel_gain_synth_5,rel_error_synth_5,rel_gain_synth_6,rel_error_synth_6,rel_gain_synth_7,rel_error_synth_7,rel_gain_synth_8,rel_error_synth_8,rel_gain_synth_9,rel_error_synth_9,rel_gain_synth_10,rel_error_synth_10
83,240,160,0.05,0.05271373131781655,0.0005394802429949803,0.055,0.22007618779315843,0.1892747178489335,0.025245529953287438,0.19665026721760515,0.01920037519781896,0.1842867221756208,0.029333795688835335,0.19176509689894808,0.02320436311884646,0.18180504405362782,0.03136783106041471,0.1842867221756208,0.029333795688835335,0.18180504405362782,0.03136783106041471,0.1842867221756208,0.029333795688835335,0.18180504405362782,0.03136783106041471,0.1842867221756208,0.029333795688835335
83,240,160,0.1,0.10271028587209913,0.0011240304561106818,0.11900000000000001,0.4342442114703969,0.4075846202250831,0.018587902277801174,0.41620376831617306,0.012578362185424912,0.4013298889177418,0.0229488969099001,0.4088437901967138,0.017709969523002224,0.40008369860820925,0.023817779837623353,0.4025765884645605,0.022079658925986175,0.39883495710248285,0.02468844153926353,0.4013298889177418,0.0229488969099001,0.40008369860820925,0.023817779837623353,0.4025765884645605,0.022079658925986175
83,240,160,0.15,0.15408079269815564,0.0020073943014982535,0.222,0.6441632527263526,0.6045303148831963,0.02410523272396272,0.61692962100817,0.01656382459164182,0.5914347985342414,0.03207008434513832,0.6053604169173188,0.0236003546148418,0.5882296068481571,0.03401952074129269,0.5930522719230769,0.031086317443552787,0.586636793097405,0.034988289352384634,0.592243778744305,0.03157805278518093,0.5882296068481571,0.03401952074129269,0.5938600425786706,0.030595021549270796
