img_index,width,height,noise_std,noise_std_est,avg_mass_loss,t_diff,max_rel_gain,rel_gain_synth_1,rel_error_synth_1,rel_gain_synth_2,rel_error_synth_2,rel_gain_synth_3,rel_error_synth_3,rel_gain_synth_4,rel_error_synth_4,rel_gain_synth_5,rel_error_synth_5,rel_gain_synth_6,rel_error_synth_6,rel_gain_synth_7,rel_error_synth_7,rel_gain_synth_8,rel_error_synth_8,rel_gain_synth_9,rel_error_synth_9,rel_gain_synth_10,rel_error_synth_10,rel_gain_synth_11,rel_error_synth_11,rel_gain_synth_12,rel_error_synth_12,rel_gain_synth_13,rel_error_synth_13,rel_gain_synth_14,rel_error_synth_14,rel_gain_synth_15,rel_error_synth_15,rel_gain_synth_16,rel_error_synth_16
18,375,570,0.05,0.05061207890920962,2.436647173489279e-08,0.091,0.4612278,0.4281926,0.02260786,0.4328292,0.01943476,0.41157585,0.03397961,0.425116,0.02471334,0.41602167,0.03093709,0.42205822,0.02680594,0.41602167,0.03093709,0.42053777,0.02784648,0.41602167,0.03093709,0.425116,0.02471334,0.41751882,0.02991251,0.42205822,0.02680594,0.45474967,0.00443335,0.43287686,0.01940215,0.41602167,0.03093709,0.4328292,0.01943476
18,375,570,0.1,0.10095102163166536,2.436647173489279e-08,0.234,0.7398759,0.69872284,0.02365289,0.70330125,0.02102143,0.66675323,0.04202751,0.6919766,0.02753028,0.6741067,0.03780108,0.685383,0.03131997,0.6741067,0.03780108,0.6839439,0.03214711,0.6680661,0.04127295,0.6789687,0.03500663,0.67826295,0.03541225,0.66675323,0.04202751,0.72497207,0.00856603,0.6892779,0.02908141,0.6700561,0.04012919,0.6956971,0.02539193
18,375,570,0.15,0.15124333468767587,2.436647173489279e-08,0.605,0.99668324,0.92544204,0.03567975,0.93037736,0.03320801,0.87408483,0.06140101,0.913034,0.04189406,0.87985134,0.05851298,0.9021874,0.04732639,0.87985134,0.05851298,0.9009804,0.04793088,0.8675922,0.06465271,0.8766924,0.06009506,0.87281567,0.06203666,0.87198377,0.0624533,0.97552204,0.01059816,0.9544848,0.02113424,0.8784813,0.05919912,0.9164489,0.04018379
