img_index,width,height,noise_std,noise_std_est,avg_mass_loss,t_diff,max_rel_gain,rel_gain_synth_1,rel_error_synth_1,rel_gain_synth_2,rel_error_synth_2,rel_gain_synth_3,rel_error_synth_3,rel_gain_synth_4,rel_error_synth_4,rel_gain_synth_5,rel_error_synth_5,rel_gain_synth_6,rel_error_synth_6,rel_gain_synth_7,rel_error_synth_7,rel_gain_synth_8,rel_error_synth_8,rel_gain_synth_9,rel_error_synth_9,rel_gain_synth_10,rel_error_synth_10,rel_gain_synth_11,rel_error_synth_11,rel_gain_synth_12,rel_error_synth_12,rel_gain_synth_13,rel_error_synth_13,rel_gain_synth_14,rel_error_synth_14,rel_gain_synth_15,rel_error_synth_15,rel_gain_synth_16,rel_error_synth_16
18,375,570,0.05,0.05061314991218755,2.436647173489279e-08,0.08600000000000001,0.45909882,0.42479345,0.02351133,0.42982244,0.02006469,0.41149563,0.03262506,0.4231195,0.02465858,0.4147869,0.03036936,0.41977564,0.02695032,0.4147869,0.03036936,0.4181086,0.02809281,0.4147869,0.03036936,0.4181086,0.02809281,0.4147869,0.03036936,0.4181086,0.02809281,0.45451793,0.00313952,0.42942864,0.02033458,0.4181086,0.02809281,0.42982244,0.02006469
18,375,570,0.1,0.10081466991061999,7.309941520467836e-08,0.184,0.7441617,0.7116316,0.01865089,0.7163233,0.01596092,0.69188744,0.02997103,0.7069173,0.02135378,0.6993623,0.02568537,0.70219374,0.02406199,0.6993623,0.02568537,0.7012485,0.02460391,0.6993623,0.02568537,0.6993623,0.02568537,0.6956057,0.02783917,0.6937435,0.02890684,0.73092014,0.00759194,0.68361145,0.03471596,0.6937435,0.02890684,0.7144496,0.01703521
18,375,570,0.15,0.15139586041920258,1.705653021442495e-07,0.449,1.0008827,0.9095331,0.04565468,0.92587715,0.03748624,0.89419574,0.05331998,0.89419574,0.05331998,0.91013896,0.04535189,0.8869084,0.05696204,0.91948056,0.04068314,0.8863609,0.05723567,0.92716783,0.0368412,0.8919297,0.05445251,0.8869084,0.05696204,0.85448563,0.07316627,0.9894789,0.00569941,0.9505364,0.02516209,0.85448563,0.07316627,0.9077059,0.04656788
