img_index,width,height,noise_std,noise_std_est,t_diff,max_rel_gain,rel_gain_synth_1,rel_error_synth_1,rel_gain_synth_2,rel_error_synth_2,rel_gain_synth_3,rel_error_synth_3,rel_gain_synth_4,rel_error_synth_4,rel_gain_synth_5,rel_error_synth_5,rel_gain_synth_6,rel_error_synth_6,rel_gain_synth_7,rel_error_synth_7,rel_gain_synth_8,rel_error_synth_8,rel_gain_synth_9,rel_error_synth_9,rel_gain_synth_10,rel_error_synth_10
18,422,640,0.05,0.0509047330254782,0.9,0.2879088705536166,0.2875606149655834,0.0002704039051175,0.2871881980303512,0.000559567947502,0.2848999003521033,0.002336322289806,0.2871881980303512,0.000559567947502,0.2877104858870151,0.0001540362607458,0.2877713589119871,0.000106771251269,0.287906033624228,2.2027407788350542e-06,0.2856657183748666,0.0017417010085393,0.2879088705536166,0.0,0.287163799137729,0.0005785125274953
18,422,640,0.1,0.1012957099759582,50.0,0.5299286853557301,0.5285604535198234,0.0008943108584101,0.5276400722465415,0.0014958952865548,0.5291387625289297,0.000516313495107,0.5276400722465415,0.0014958952865548,0.5276400722465415,0.0014958952865548,0.5276400722465415,0.0014958952865548,0.5276400722465415,0.0014958952865548,0.5276400722465415,0.0014958952865548,0.5276400722465415,0.0014958952865548,0.5292283172461418,0.0004577782718188
18,422,640,0.15,0.1514902427338966,50.0,0.7240033558126303,0.7239924111747988,6.34838545677248e-06,0.7239924111747988,6.34838545677248e-06,0.7239924111747988,6.34838545677248e-06,0.7239924111747988,6.34838545677248e-06,0.7239924111747988,6.34838545677248e-06,0.7239924111747988,6.34838545677248e-06,0.7239924111747988,6.34838545677248e-06,0.7239924111747988,6.34838545677248e-06,0.7239924111747988,6.34838545677248e-06,0.7239924111747988,6.34838545677248e-06
