img_index,width,height,noise_std,noise_std_est,avg_mass_loss,t_diff,max_rel_gain,rel_gain_synth_1,rel_error_synth_1,rel_gain_synth_2,rel_error_synth_2,rel_gain_synth_3,rel_error_synth_3,rel_gain_synth_4,rel_error_synth_4,rel_gain_synth_5,rel_error_synth_5,rel_gain_synth_6,rel_error_synth_6,rel_gain_synth_7,rel_error_synth_7,rel_gain_synth_8,rel_error_synth_8,rel_gain_synth_9,rel_error_synth_9,rel_gain_synth_10,rel_error_synth_10
18,375,570,0.05,0.05069738934291595,0.00034069574112045354,0.083,0.47150287346912584,0.4360674112118787,0.024081136976448203,0.4431127643688068,0.019293274659660176,0.42727385132745693,0.030057040960713346,0.43783591754123957,0.0228793001596491,0.4290263286149963,0.02886609711742489,0.432546072406,0.026474159014914907,0.4290263286149963,0.02886609711742489,0.4343068129923657,0.025277599621038434,0.42727385132745693,0.030057040960713346,0.43078639144036923,0.027669998314557093
18,375,570,0.1,0.10094312041294524,0.0007084222541918223,0.182,0.7468467703117002,0.7006061363263199,0.026470915921909664,0.7101125338900075,0.021028883040003568,0.6870271367918114,0.03424435075619995,0.702719163261991,0.025261292403932652,0.6880681439634919,0.03364841573237709,0.6943126474038789,0.030073686943043926,0.6880681439634919,0.03364841573237709,0.6953507626067094,0.029479407455870996,0.6870271367918114,0.03424435075619995,0.6922293224792772,0.031266307246099995
18,375,570,0.15,0.15132280402810033,0.001104112314909958,0.3,1.0066078406909318,0.9517209351750199,0.02735308035924583,0.961509856676712,0.02247473726539975,0.9309320856021998,0.037713275884875774,0.9517209351750199,0.02735308035924583,0.9324968994275986,0.036933445469750886,0.9420107585305392,0.032192180679484414,0.9332821092025528,0.036542133446030356,0.9444198900959854,0.030991581580551007,0.925522292930879,0.04040926488761887,0.9332821092025528,0.036542133446030356
