img_index,width,height,noise_std,noise_std_est,avg_mass_loss,t_diff,max_rel_gain,rel_gain_synth_2,rel_error_synth_2,rel_gain_synth_3,rel_error_synth_3,rel_gain_synth_4,rel_error_synth_4,rel_gain_synth_8,rel_error_synth_8
5,560,373,0.05,0.050726308944293586,0.0004733627921006573,0.867,0.27498979315660793,0.27481568739748663,0.00013655462973571566,0.2746517193036077,0.000265158085825298,0.27498452057193906,4.135393629965328e-06,0.2749653249656286,1.9190891653130953e-05
5,560,373,0.1,0.10095705435352975,0.0006643927098731441,50.0,0.46289689592562283,0.46285987516881283,2.5306470273549806e-05,0.46285987516881283,2.5306470273549806e-05,0.46285987516881283,2.5306470273549806e-05,0.46285987516881283,2.5306470273549806e-05
5,560,373,0.15,0.15140307123702307,0.0006619701149485265,50.0,0.6005739172047951,0.6005739169506855,1.5876159423072697e-10,0.6005739169506855,1.5876159423072697e-10,0.6005739169506855,1.5876159423072697e-10,0.6005739169506855,1.5876159423072697e-10
