img_index,width,height,noise_std,noise_std_est,t_diff,max_rel_gain,rel_gain_synth_1,rel_error_synth_1,rel_gain_synth_2,rel_error_synth_2,rel_gain_synth_3,rel_error_synth_3,rel_gain_synth_4,rel_error_synth_4,rel_gain_synth_5,rel_error_synth_5,rel_gain_synth_6,rel_error_synth_6,rel_gain_synth_7,rel_error_synth_7,rel_gain_synth_8,rel_error_synth_8,rel_gain_synth_9,rel_error_synth_9,rel_gain_synth_10,rel_error_synth_10
5,640,427,0.05,0.05067291990761,0.79,0.2717838981705699,0.270687545170179,0.0008620591925781,0.2711466015930079,0.0005011044553077,0.2709144545657587,0.0006836409912579,0.271698847871935,6.687480377536927e-05,0.2704953765809149,0.0010131607983938,0.2700793255759845,0.0013403004999806,0.2713290244290095,0.0003576659070889,0.2717549796910237,2.2738516809180173e-05,0.2711897618616238,0.000467167660953,0.270292358964809,0.0011727929626302
5,640,427,0.1,0.1006927568960753,2.08,0.5058463949076122,0.5058212058118092,1.672753335807097e-05,0.5056549307822352,0.000127147181827,0.5057458024843524,6.680125117671049e-05,0.50582548946032,1.3882855092530952e-05,0.5057134845509682,8.826289128386736e-05,0.5055563272875203,0.0001926276286033,0.5058197230618977,1.7712195483367963e-05,0.5058387885249855,5.0512340782932345e-06,0.5058197230618977,1.7712195483367963e-05,0.5054316176616486,0.0002754445920688
5,640,427,0.15,0.1509375392633397,50.0,0.7049680982305749,0.7045290045366034,0.000257537777057,0.7047448780800687,0.0001309233590574,0.7047448780800687,0.0001309233590574,0.7047448780800687,0.0001309233590574,0.7043264700508548,0.0003763285544087,0.704248107668352,0.0004222897560195,0.7047448780800687,0.0001309233590574,0.7047448780800687,0.0001309233590574,0.7047448780800687,0.0001309233590574,0.7026756384679874,0.0013445763383882
