img_index,width,height,noise_std,noise_std_est,avg_mass_loss,t_diff,max_rel_gain,rel_gain_synth_1,rel_error_synth_1,rel_gain_synth_2,rel_error_synth_2,rel_gain_synth_3,rel_error_synth_3,rel_gain_synth_4,rel_error_synth_4,rel_gain_synth_5,rel_error_synth_5,rel_gain_synth_6,rel_error_synth_6,rel_gain_synth_7,rel_error_synth_7,rel_gain_synth_8,rel_error_synth_8,rel_gain_synth_9,rel_error_synth_9,rel_gain_synth_10,rel_error_synth_10
5,560,373,0.05,0.050683323260186784,0.0002892064924496491,0.069,0.3444336587577647,0.30613100634147905,0.02848980473434197,0.3083312170766597,0.02685327122385723,0.30392139621779446,0.030133329581619465,0.30613100634147905,0.02848980473434197,0.30392139621779446,0.030133329581619465,0.30613100634147905,0.02848980473434197,0.30392139621779446,0.030133329581619465,0.30613100634147905,0.02848980473434197,0.30171634041229367,0.03177346689232788,0.30171634041229367,0.03177346689232788
5,560,373,0.1,0.10130269515336068,0.0006094049105225784,0.151,0.5911548338341617,0.5391281412028872,0.03269744183594453,0.5431472089034228,0.030171560875101117,0.5337800207789294,0.03605859834330378,0.5391281412028872,0.03269744183594453,0.5337800207789294,0.03605859834330378,0.5364516805633021,0.03437952869680379,0.5337800207789294,0.03605859834330378,0.537790185112421,0.03353831292027643,0.5337800207789294,0.03605859834330378,0.5337800207789294,0.03605859834330378
5,560,373,0.15,0.15117599321151584,0.0009225922564283478,0.23800000000000002,0.8233979080569266,0.767311422111349,0.030759323402616653,0.7725311138808684,0.027896705349554532,0.7589598716005765,0.03533953624254034,0.7662707033878811,0.031330081282105966,0.7589598716005765,0.03533953624254034,0.7631382206476715,0.03304801828662283,0.7589598716005765,0.03533953624254034,0.76418551514826,0.03247365407573887,0.7558445916977633,0.03704803875263318,0.7568803457337979,0.036480003640023885
