img_index,width,height,noise_std,noise_std_est,avg_mass_loss,t_diff,psnr_start,max_rel_gain,rel_gain_synth_1,rel_error_synth_1
5,560,373,0.05,0.0506824159046397,0.0004421731844984,0.265,26.01928276835241,0.3328626684799806,0.3123064758829558,0.01542258860057
5,560,373,0.1,0.1010109034968109,0.0008806492316688,0.731,20.008156478231307,0.5756807059084773,0.5468041752866833,0.0183263845990579
5,560,373,0.15,0.1510063929087131,0.0012560871155467,1.675,16.483068822273747,0.801059355959974,0.774048708779268,0.0149970888473629
