img_index,width,height,noise_std,noise_std_est,avg_mass_loss,t_diff,max_rel_gain,rel_gain_synth_1,rel_error_synth_1,rel_gain_synth_2,rel_error_synth_2,rel_gain_synth_3,rel_error_synth_3,rel_gain_synth_4,rel_error_synth_4,rel_gain_synth_5,rel_error_synth_5,rel_gain_synth_6,rel_error_synth_6,rel_gain_synth_7,rel_error_synth_7,rel_gain_synth_8,rel_error_synth_8,rel_gain_synth_9,rel_error_synth_9,rel_gain_synth_10,rel_error_synth_10,rel_gain_synth_11,rel_error_synth_11,rel_gain_synth_12,rel_error_synth_12,rel_gain_synth_13,rel_error_synth_13,rel_gain_synth_14,rel_error_synth_14,rel_gain_synth_15,rel_error_synth_15,rel_gain_synth_16,rel_error_synth_16
5,560,373,0.05,0.05062180472522734,4.9869143367802885e-08,0.07,0.33297133,0.29491773,0.02854795,0.29705116,0.02694745,0.29064336,0.0317546,0.29277968,0.03015192,0.29064336,0.0317546,0.29277968,0.03015192,0.29064336,0.0317546,0.29277968,0.03015192,0.2885124,0.03335325,0.29064336,0.0317546,0.29064336,0.0317546,0.29064336,0.0317546,0.3288278,0.00310851,0.33297133,0.,0.29277968,0.03015192,0.29705116,0.02694745
5,560,373,0.1,0.10085902939677259,2.4934571683901443e-08,0.15,0.5838028,0.54055786,0.02730452,0.5430888,0.02570649,0.5342292,0.03130034,0.5380248,0.02890386,0.5342292,0.03130034,0.53675896,0.02970309,0.5354924,0.03050279,0.5380248,0.02890386,0.5342292,0.03130034,0.53296715,0.03209723,0.5342292,0.03130034,0.53296715,0.03209723,0.580881,0.00184481,0.5811713,0.00166153,0.5342292,0.03130034,0.5430888,0.02570649
5,560,373,0.15,0.1516638189464112,7.480371505170433e-08,0.276,0.8176206,0.74457306,0.04018854,0.7491051,0.03769516,0.74457306,0.04018854,0.73919487,0.04314746,0.7409777,0.04216659,0.7409777,0.04216659,0.7491051,0.03769516,0.74367356,0.0406834,0.7427709,0.04118004,0.7365396,0.0446083,0.7400877,0.04265627,0.72780776,0.04941231,0.8111792,0.00354383,0.8173209,0.00016489,0.72780776,0.04941231,0.74457306,0.04018854
