img_index,width,height,noise_std,noise_std_est,avg_mass_loss,t_diff,max_rel_gain,rel_gain_synth_1,rel_error_synth_1,rel_gain_synth_2,rel_error_synth_2,rel_gain_synth_3,rel_error_synth_3,rel_gain_synth_4,rel_error_synth_4,rel_gain_synth_5,rel_error_synth_5,rel_gain_synth_6,rel_error_synth_6,rel_gain_synth_7,rel_error_synth_7,rel_gain_synth_8,rel_error_synth_8,rel_gain_synth_9,rel_error_synth_9,rel_gain_synth_10,rel_error_synth_10,rel_gain_synth_11,rel_error_synth_11,rel_gain_synth_12,rel_error_synth_12,rel_gain_synth_13,rel_error_synth_13,rel_gain_synth_14,rel_error_synth_14,rel_gain_synth_15,rel_error_synth_15,rel_gain_synth_16,rel_error_synth_16
5,560,373,0.05,0.05051913322927112,4.9869143367802885e-08,0.07200000000000001,0.33152807,0.29411379,0.02809875,0.2960872,0.02661667,0.28820726,0.03253464,0.2921418,0.02957973,0.28820726,0.03253464,0.290172,0.03105909,0.28820726,0.03253464,0.2921418,0.02957973,0.28820726,0.03253464,0.290172,0.03105909,0.290172,0.03105909,0.290172,0.03105909,0.3275557,0.00298331,0.33152807,0.,0.290172,0.03105909,0.2960872,0.02661667
5,560,373,0.1,0.1009222790981105,4.9869143367802885e-08,0.17400000000000002,0.57873964,0.5285622,0.03178322,0.533863,0.02842559,0.518168,0.03836712,0.52541465,0.03377695,0.519195,0.03771655,0.5222886,0.03575701,0.519195,0.03771655,0.52332956,0.03509768,0.51613,0.039658,0.52022165,0.03706629,0.519195,0.03771655,0.51613,0.039658,0.5768146,0.00121934,0.5776693,0.00067797,0.518168,0.03836712,0.53067505,0.03044492
5,560,373,0.15,0.1511667292621365,4.9869143367802885e-08,0.339,0.810641,0.7397476,0.03915376,0.74821955,0.03447479,0.7220345,0.04893651,0.7346966,0.04194337,0.7220345,0.04893651,0.7279607,0.04566353,0.72145176,0.04925838,0.72917026,0.04499553,0.71463144,0.05302516,0.7180031,0.05116304,0.71971846,0.05021567,0.71743757,0.05147539,0.80930835,0.00073602,0.8105186,6.757459e-05,0.72145176,0.04925838,0.74232024,0.03773291
