img_index,width,height,noise_std,noise_std_est,avg_mass_loss,t_diff,max_rel_gain,rel_gain_synth_1,rel_error_synth_1
5,560,373,0.05,0.05068241590463974,0.00044217318449841597,0.265,0.3328626684799806,0.3123064758829558,0.015422588600570091
5,560,373,0.1,0.10101090349681097,0.0008806492316688244,0.731,0.5756807059084773,0.5468041752866833,0.01832638459905797
5,560,373,0.15,0.15100639290871315,0.0012560871155467598,1.675,0.801059355959974,0.774048708779268,0.014997088847362934
