img_index,width,height,noise_std,noise_std_est,avg_mass_loss,t_diff,psnr_start,max_rel_gain,rel_gain_synth_2,rel_error_synth_2,rel_gain_synth_3,rel_error_synth_3,rel_gain_synth_4,rel_error_synth_4,rel_gain_synth_8,rel_error_synth_8
5,560,373,0.05,0.0507263089442935,0.0004733627921006,0.867,26.020672080809206,0.2749897931566079,0.2748156873974866,0.0001365546297357,0.2746517193036077,0.0002651580858252,0.274984520571939,4.135393629965328e-06,0.2749653249656286,1.919089165313096e-05
5,560,373,0.1,0.1009570543535297,0.0006643927098731,50.0,20.019022396222535,0.4628968959256228,0.4628598751688128,2.530647027354981e-05,0.4628598751688128,2.530647027354981e-05,0.4628598751688128,2.530647027354981e-05,0.4628598751688128,2.530647027354981e-05
5,560,373,0.15,0.151403071237023,0.0006619701149485,50.0,16.481300116225487,0.6005739172047951,0.6005739169506855,1.5876159423072694e-10,0.6005739169506855,1.5876159423072694e-10,0.6005739169506855,1.5876159423072694e-10,0.6005739169506855,1.5876159423072694e-10
